JvmtiExport can_access_local_variables 0
JvmtiExport can_hotswap_or_post_breakpoint 0
JvmtiExport can_post_on_exceptions 0
# 781 ciObject found
ciInstanceKlass java/lang/Cloneable 1 0 7 100 1 100 1 1 1
instanceKlass com/android/tools/r8/internal/Bx0
instanceKlass com/android/tools/r8/internal/xp0
instanceKlass com/android/tools/r8/internal/RE
instanceKlass com/android/tools/r8/internal/h80
instanceKlass com/android/tools/r8/internal/NE
instanceKlass com/android/tools/r8/internal/v00
instanceKlass com/android/tools/r8/internal/tE
instanceKlass com/android/tools/r8/internal/hE
instanceKlass com/android/tools/r8/internal/rR
instanceKlass com/android/tools/r8/internal/p
instanceKlass com/android/tools/r8/internal/HS
instanceKlass com/android/tools/r8/internal/FS
instanceKlass com/android/tools/r8/internal/JS
instanceKlass com/android/tools/r8/internal/HD
instanceKlass com/android/tools/r8/internal/ot
instanceKlass com/android/tools/r8/internal/K1
instanceKlass com/android/tools/r8/internal/G1
instanceKlass com/android/tools/r8/internal/Pf
instanceKlass com/android/tools/r8/internal/St
instanceKlass com/android/tools/r8/internal/u6
instanceKlass com/android/tools/r8/internal/PA
instanceKlass com/android/tools/r8/internal/QW
instanceKlass com/android/tools/r8/internal/e20
instanceKlass com/android/tools/r8/internal/ME
instanceKlass com/android/tools/r8/internal/rW
instanceKlass com/android/tools/r8/internal/SE
instanceKlass com/android/tools/r8/internal/TE
instanceKlass com/android/tools/r8/internal/I
instanceKlass com/android/tools/r8/internal/QF
instanceKlass com/android/tools/r8/internal/Vm0
instanceKlass com/android/tools/r8/internal/iE
instanceKlass com/android/tools/r8/internal/fY
instanceKlass com/android/tools/r8/internal/wW
instanceKlass com/android/tools/r8/internal/co
instanceKlass com/android/tools/r8/internal/H4
instanceKlass com/android/tools/r8/internal/GV
instanceKlass com/android/tools/r8/internal/g6
instanceKlass com/android/tools/r8/shaking/l
instanceKlass com/android/tools/r8/shaking/k
instanceKlass com/android/tools/r8/internal/l1
instanceKlass com/android/tools/r8/startup/diagnostic/MissingStartupProfileItemsDiagnostic$a
instanceKlass com/android/tools/r8/startup/StartupProfileBuilder
instanceKlass com/android/tools/r8/internal/kp0
instanceKlass com/android/tools/r8/internal/m1
instanceKlass com/android/tools/r8/profile/art/ArtProfileBuilder
instanceKlass com/android/tools/r8/internal/o4
instanceKlass com/android/tools/r8/internal/Jf
instanceKlass com/android/tools/r8/naming/q0
instanceKlass com/android/tools/r8/internal/X40
instanceKlass com/android/tools/r8/internal/q6
instanceKlass com/android/tools/r8/internal/m6
instanceKlass com/android/tools/r8/internal/o6
instanceKlass com/android/tools/r8/internal/l6
instanceKlass com/android/tools/r8/internal/V6
instanceKlass com/android/tools/r8/synthesis/F
instanceKlass com/android/tools/r8/synthesis/d
instanceKlass com/android/tools/r8/synthesis/b
instanceKlass com/android/tools/r8/SyntheticInfoConsumerData
instanceKlass com/android/tools/r8/synthesis/Y
instanceKlass com/android/tools/r8/synthesis/s
instanceKlass com/android/tools/r8/synthesis/t
instanceKlass com/android/tools/r8/synthesis/m
instanceKlass com/android/tools/r8/synthesis/k
instanceKlass com/android/tools/r8/synthesis/Z
instanceKlass com/android/tools/r8/internal/jy
instanceKlass com/android/tools/r8/graph/a6
instanceKlass com/android/tools/r8/graph/M4
instanceKlass com/android/tools/r8/shaking/n2
instanceKlass com/android/tools/r8/shaking/p2
instanceKlass com/android/tools/r8/internal/Uz
instanceKlass com/android/tools/r8/internal/he
instanceKlass com/android/tools/r8/synthesis/E
instanceKlass com/android/tools/r8/synthesis/C
instanceKlass com/android/tools/r8/synthesis/A
instanceKlass com/android/tools/r8/synthesis/E$a
instanceKlass com/android/tools/r8/internal/Zs0
instanceKlass java/util/concurrent/ConcurrentLinkedQueue$Itr
instanceKlass com/android/tools/r8/graph/z0
instanceKlass com/android/tools/r8/dex/W
instanceKlass com/android/tools/r8/internal/qv0
instanceKlass com/android/tools/r8/graph/I3
instanceKlass com/android/tools/r8/graph/G3$f
instanceKlass com/android/tools/r8/graph/s5
instanceKlass com/android/tools/r8/dex/t
instanceKlass com/android/tools/r8/graph/J3
instanceKlass com/android/tools/r8/internal/Z30
instanceKlass com/android/tools/r8/internal/pv
instanceKlass com/android/tools/r8/graph/G2
instanceKlass com/android/tools/r8/graph/m1
instanceKlass com/android/tools/r8/internal/a4
instanceKlass com/android/tools/r8/internal/v40
instanceKlass com/android/tools/r8/internal/k40
instanceKlass com/android/tools/r8/internal/p40
instanceKlass com/android/tools/r8/internal/b40
instanceKlass com/android/tools/r8/internal/fE
instanceKlass com/android/tools/r8/internal/B40
instanceKlass com/android/tools/r8/internal/d40
instanceKlass com/android/tools/r8/internal/Mt0
instanceKlass com/android/tools/r8/graph/Q4
instanceKlass com/android/tools/r8/graph/R4
instanceKlass com/android/tools/r8/graph/Q4$a
instanceKlass com/android/tools/r8/graph/q3
instanceKlass com/android/tools/r8/graph/r3
instanceKlass com/android/tools/r8/graph/q3$a
instanceKlass com/android/tools/r8/internal/Wt0
instanceKlass com/android/tools/r8/graph/j1$a
instanceKlass com/android/tools/r8/internal/Qm0
instanceKlass com/android/tools/r8/internal/G8
instanceKlass com/android/tools/r8/internal/Mu
instanceKlass com/android/tools/r8/internal/sE
instanceKlass com/android/tools/r8/internal/hd
instanceKlass com/android/tools/r8/internal/JT
instanceKlass com/android/tools/r8/internal/q70
instanceKlass com/android/tools/r8/internal/q70$a
instanceKlass com/android/tools/r8/naming/V$c
instanceKlass com/android/tools/r8/internal/HX
instanceKlass com/android/tools/r8/graph/G3$h
instanceKlass com/android/tools/r8/graph/G3$g
instanceKlass com/android/tools/r8/androidapi/g
instanceKlass com/android/tools/r8/androidapi/e
instanceKlass com/android/tools/r8/kotlin/a0
instanceKlass com/android/tools/r8/kotlin/d0
instanceKlass com/android/tools/r8/kotlin/o
instanceKlass com/android/tools/r8/internal/eu
instanceKlass com/android/tools/r8/internal/jK
instanceKlass com/android/tools/r8/internal/i0
instanceKlass com/android/tools/r8/internal/v6
instanceKlass com/android/tools/r8/internal/rM
instanceKlass com/android/tools/r8/shaking/g3
instanceKlass com/android/tools/r8/kotlin/b0
instanceKlass com/android/tools/r8/internal/Gt
instanceKlass com/android/tools/r8/graph/g1$a
instanceKlass com/android/tools/r8/kotlin/F
instanceKlass com/android/tools/r8/kotlin/P
instanceKlass com/android/tools/r8/shaking/g0
instanceKlass com/android/tools/r8/internal/Hw
instanceKlass com/android/tools/r8/internal/yW
instanceKlass com/android/tools/r8/androidapi/f
instanceKlass com/android/tools/r8/internal/rv
instanceKlass com/android/tools/r8/graph/P
instanceKlass com/android/tools/r8/internal/fm
instanceKlass com/android/tools/r8/internal/NZ
instanceKlass com/android/tools/r8/internal/dd0
instanceKlass com/android/tools/r8/internal/ed0
instanceKlass com/android/tools/r8/internal/hs0
instanceKlass com/android/tools/r8/internal/md0
instanceKlass com/android/tools/r8/internal/Y9
instanceKlass com/android/tools/r8/graph/h4
instanceKlass com/android/tools/r8/internal/sv
instanceKlass com/android/tools/r8/internal/vf0
instanceKlass com/android/tools/r8/internal/qu0
instanceKlass java/util/function/ToIntFunction
instanceKlass com/android/tools/r8/internal/Fr0
instanceKlass java/lang/invoke/MethodHandle$1
instanceKlass com/android/tools/r8/internal/Hr0
instanceKlass com/android/tools/r8/internal/zg0
instanceKlass com/android/tools/r8/internal/xj
instanceKlass com/android/tools/r8/internal/Er0
instanceKlass com/android/tools/r8/internal/ji
instanceKlass com/android/tools/r8/graph/c4
instanceKlass com/android/tools/r8/graph/G3$i
instanceKlass com/android/tools/r8/graph/G3
instanceKlass com/android/tools/r8/graph/q4
instanceKlass com/android/tools/r8/internal/hx
instanceKlass com/android/tools/r8/internal/rY
instanceKlass com/android/tools/r8/internal/Q2
instanceKlass com/android/tools/r8/internal/x60
instanceKlass com/android/tools/r8/internal/Zc0
instanceKlass com/android/tools/r8/internal/DR
instanceKlass com/android/tools/r8/internal/M4
instanceKlass com/android/tools/r8/internal/de
instanceKlass java/util/concurrent/ForkJoinPool$DefaultForkJoinWorkerThreadFactory$1
instanceKlass jdk/internal/util/random/RandomSupport
instanceKlass java/util/Random
instanceKlass java/util/random/RandomGenerator
instanceKlass java/util/concurrent/ForkJoinTask$Aux
instanceKlass java/util/concurrent/ForkJoinTask
instanceKlass java/util/concurrent/RunnableFuture
instanceKlass java/util/concurrent/Future
instanceKlass java/util/concurrent/Callable
instanceKlass com/android/tools/r8/internal/Ns0
instanceKlass com/android/tools/r8/synthesis/K
instanceKlass com/android/tools/r8/graph/H2$a
instanceKlass com/android/tools/r8/graph/G3$b
instanceKlass com/android/tools/r8/graph/G3$d
instanceKlass com/android/tools/r8/graph/i3
instanceKlass com/android/tools/r8/graph/r5
instanceKlass com/android/tools/r8/graph/U
instanceKlass com/android/tools/r8/graph/V
instanceKlass com/android/tools/r8/graph/r4
instanceKlass java/io/RandomAccessFile$1
instanceKlass com/android/tools/r8/internal/P40
instanceKlass com/android/tools/r8/ProgramResource
instanceKlass com/android/tools/r8/internal/kK
instanceKlass com/android/tools/r8/internal/d8
instanceKlass com/android/tools/r8/internal/YJ
instanceKlass com/android/tools/r8/internal/RJ
instanceKlass com/android/tools/r8/graph/k4
instanceKlass com/android/tools/r8/graph/y0
instanceKlass java/util/concurrent/ConcurrentLinkedQueue$Node
instanceKlass com/android/tools/r8/internal/ce
instanceKlass com/android/tools/r8/internal/S0
instanceKlass com/android/tools/r8/internal/lU
instanceKlass com/android/tools/r8/internal/tZ
instanceKlass com/android/tools/r8/graph/B
instanceKlass com/android/tools/r8/dex/m
instanceKlass com/android/tools/r8/dex/a
instanceKlass com/android/tools/r8/internal/ss0
instanceKlass java/util/concurrent/atomic/AtomicReference
instanceKlass com/android/tools/r8/graph/c0
instanceKlass com/android/tools/r8/graph/c1
instanceKlass com/android/tools/r8/dex/c
instanceKlass com/android/tools/r8/internal/jt0
instanceKlass com/android/tools/r8/internal/at0
instanceKlass java/util/concurrent/ForkJoinPool$WorkQueue
instanceKlass java/util/concurrent/ForkJoinPool$DefaultCommonPoolForkJoinWorkerThreadFactory
instanceKlass java/util/concurrent/ForkJoinPool$1
instanceKlass java/util/concurrent/ForkJoinPool$DefaultForkJoinWorkerThreadFactory
instanceKlass java/util/concurrent/ForkJoinPool$ForkJoinWorkerThreadFactory
instanceKlass java/util/concurrent/AbstractExecutorService
instanceKlass java/util/concurrent/Executors
instanceKlass com/android/tools/r8/internal/Gs0
instanceKlass com/android/tools/r8/threading/ThreadingModule
instanceKlass com/android/tools/r8/threading/providers/blocking/ThreadingModuleBlockingProvider
instanceKlass com/android/tools/r8/threading/ThreadingModuleProvider
instanceKlass com/android/tools/r8/threading/a
instanceKlass com/android/tools/r8/internal/Fs0
instanceKlass com/android/tools/r8/internal/cI
instanceKlass com/android/tools/r8/internal/oU
instanceKlass com/android/tools/r8/internal/s4
instanceKlass com/android/tools/r8/internal/Q80
instanceKlass java/util/Collections$SynchronizedCollection
instanceKlass java/util/Properties$EntrySet
instanceKlass com/android/tools/r8/internal/At$a
instanceKlass com/android/tools/r8/internal/At
instanceKlass com/android/tools/r8/dex/b
instanceKlass com/android/tools/r8/ClassConflictResolver
instanceKlass com/android/tools/r8/internal/rd
instanceKlass com/android/tools/r8/internal/dE
instanceKlass com/android/tools/r8/inspector/Inspector
instanceKlass com/android/tools/r8/AssertionsConfiguration$Builder
instanceKlass com/android/tools/r8/AssertionsConfiguration
instanceKlass com/android/tools/r8/internal/D4
instanceKlass com/android/tools/r8/internal/yV
instanceKlass com/android/tools/r8/retrace/ProguardMapProducer
instanceKlass com/android/tools/r8/V
instanceKlass com/android/tools/r8/internal/UE
instanceKlass com/android/tools/r8/internal/tm0
instanceKlass com/android/tools/r8/internal/QJ$p$b
instanceKlass com/android/tools/r8/internal/QJ$p$a
instanceKlass com/android/tools/r8/internal/du0
instanceKlass com/android/tools/r8/graph/y
instanceKlass com/android/tools/r8/shaking/j2
instanceKlass com/android/tools/r8/shaking/u1
instanceKlass com/android/tools/r8/internal/fg0
instanceKlass com/android/tools/r8/internal/gg0
instanceKlass com/android/tools/r8/dex/t0
instanceKlass com/android/tools/r8/dex/Y
instanceKlass com/android/tools/r8/internal/AB
instanceKlass com/android/tools/r8/internal/s3
instanceKlass com/android/tools/r8/internal/CB
instanceKlass com/android/tools/r8/internal/u3
instanceKlass com/android/tools/r8/internal/QJ$p
instanceKlass com/android/tools/r8/internal/hi
instanceKlass com/android/tools/r8/internal/xo0
instanceKlass com/android/tools/r8/internal/fc
instanceKlass com/android/tools/r8/internal/Yb0
instanceKlass com/android/tools/r8/tracereferences/i
instanceKlass com/android/tools/r8/internal/K70
instanceKlass com/android/tools/r8/internal/jp0
instanceKlass com/android/tools/r8/internal/v4
instanceKlass com/android/tools/r8/internal/QJ$j
instanceKlass com/android/tools/r8/internal/Gm
instanceKlass com/android/tools/r8/internal/ES
instanceKlass com/android/tools/r8/internal/QJ$e
instanceKlass com/android/tools/r8/internal/G2
instanceKlass com/android/tools/r8/internal/TJ
instanceKlass com/android/tools/r8/internal/td0
instanceKlass com/android/tools/r8/internal/QJ$n
instanceKlass com/android/tools/r8/internal/QJ$k
instanceKlass com/android/tools/r8/internal/fy0
instanceKlass com/android/tools/r8/internal/QJ$g
instanceKlass com/android/tools/r8/internal/rn0
instanceKlass com/android/tools/r8/internal/QJ$h
instanceKlass com/android/tools/r8/internal/QJ$d
instanceKlass com/android/tools/r8/internal/QJ$c
instanceKlass sun/util/logging/PlatformLogger
instanceKlass sun/util/logging/PlatformLogger$ConfigurableBridge$LoggerConfiguration
instanceKlass jdk/internal/logger/BootstrapLogger$RedirectedLoggers
instanceKlass jdk/internal/logger/LazyLoggers$LazyLoggerAccessor
instanceKlass jdk/internal/logger/LazyLoggers$LoggerAccessor
instanceKlass jdk/internal/logger/AbstractLoggerWrapper
instanceKlass java/util/ServiceLoader$ProviderImpl
instanceKlass java/util/ServiceLoader$Provider
instanceKlass java/util/ServiceLoader$1
instanceKlass sun/util/logging/internal/LoggingProviderImpl$LogManagerAccess
instanceKlass java/util/concurrent/CopyOnWriteArrayList$COWIterator
instanceKlass jdk/internal/loader/URLClassPath$1
instanceKlass java/lang/CompoundEnumeration
instanceKlass jdk/internal/loader/BuiltinClassLoader$1
instanceKlass java/util/Collections$EmptyEnumeration
instanceKlass java/util/ServiceLoader$3
instanceKlass java/util/ServiceLoader$2
instanceKlass java/util/ServiceLoader$LazyClassPathLookupIterator
instanceKlass java/util/Spliterators$1Adapter
instanceKlass java/util/Spliterators$ArraySpliterator
instanceKlass java/util/ServiceLoader$ModuleServicesLookupIterator
instanceKlass java/util/ServiceLoader
instanceKlass jdk/internal/logger/BootstrapLogger$DetectBackend$1
instanceKlass jdk/internal/logger/BootstrapLogger$DetectBackend
instanceKlass jdk/internal/logger/BootstrapLogger
instanceKlass sun/util/logging/PlatformLogger$ConfigurableBridge
instanceKlass sun/util/logging/PlatformLogger$Bridge
instanceKlass jdk/internal/logger/DefaultLoggerFinder$1
instanceKlass java/lang/System$LoggerFinder
instanceKlass jdk/internal/logger/LazyLoggers$LazyLoggerFactories
instanceKlass jdk/internal/logger/LazyLoggers$1
instanceKlass jdk/internal/logger/LazyLoggers
instanceKlass sun/net/www/MessageHeader
instanceKlass sun/net/www/protocol/jar/JarFileFactory
instanceKlass sun/net/www/protocol/jar/URLJarFile$URLJarFileCloseController
instanceKlass java/net/URLConnection
instanceKlass jdk/internal/loader/BuiltinClassLoader$2
instanceKlass com/android/tools/r8/internal/Yx0
instanceKlass com/android/tools/r8/Version
instanceKlass com/android/tools/r8/internal/QJ$b
instanceKlass com/android/tools/r8/internal/QJ$o
instanceKlass java/util/function/BooleanSupplier
instanceKlass com/android/tools/r8/internal/ps0
instanceKlass com/android/tools/r8/internal/T1
instanceKlass com/android/tools/r8/internal/QJ$l
instanceKlass com/android/tools/r8/internal/UJ
instanceKlass java/lang/ProcessEnvironment$CheckedEntry
instanceKlass java/lang/ProcessEnvironment$CheckedEntrySet$1
instanceKlass java/lang/ProcessEnvironment$EntryComparator
instanceKlass java/lang/ProcessEnvironment$NameComparator
instanceKlass com/android/tools/r8/ResourceShrinkerConfiguration
instanceKlass java/util/concurrent/atomic/AtomicBoolean
instanceKlass com/android/tools/r8/internal/Ts
instanceKlass com/android/tools/r8/internal/Rb
instanceKlass com/android/tools/r8/internal/IL
instanceKlass com/android/tools/r8/graph/A4
instanceKlass com/android/tools/r8/graph/f0
instanceKlass com/android/tools/r8/graph/B4
instanceKlass com/android/tools/r8/graph/h0
instanceKlass com/android/tools/r8/graph/i4
instanceKlass com/android/tools/r8/graph/h
instanceKlass com/android/tools/r8/graph/J5
instanceKlass com/android/tools/r8/internal/QJ
instanceKlass com/android/tools/r8/shaking/R0
instanceKlass com/android/tools/r8/GlobalSyntheticsConsumer
instanceKlass com/android/tools/r8/synthesis/j
instanceKlass com/android/tools/r8/InputDependencyGraphConsumer
instanceKlass com/android/tools/r8/shaking/r3
instanceKlass java/util/IdentityHashMap$IdentityHashMapIterator
instanceKlass com/android/tools/r8/internal/oV
instanceKlass com/android/tools/r8/internal/pV
instanceKlass com/android/tools/r8/internal/rV
instanceKlass com/android/tools/r8/internal/kV
instanceKlass com/android/tools/r8/kotlin/f
instanceKlass com/android/tools/r8/kotlin/e
instanceKlass com/android/tools/r8/kotlin/d
instanceKlass java/util/stream/Sink$ChainedInt
instanceKlass java/util/stream/Sink$OfInt
instanceKlass java/util/function/IntConsumer
instanceKlass java/util/function/IntFunction
instanceKlass java/util/stream/Streams$RangeIntSpliterator
instanceKlass java/util/stream/IntStream
instanceKlass com/android/tools/r8/internal/Y0
instanceKlass com/android/tools/r8/kotlin/c
instanceKlass com/android/tools/r8/kotlin/b
instanceKlass java/util/stream/Sink$ChainedReference
instanceKlass java/util/stream/ReduceOps$AccumulatingSink
instanceKlass java/util/stream/TerminalSink
instanceKlass java/util/stream/Sink
instanceKlass java/util/stream/ReduceOps$Box
instanceKlass java/util/stream/ReduceOps$ReduceOp
instanceKlass java/util/stream/TerminalOp
instanceKlass java/util/stream/ReduceOps
instanceKlass java/util/function/BinaryOperator
instanceKlass java/util/function/BiConsumer
instanceKlass java/util/stream/Collectors$CollectorImpl
instanceKlass java/util/stream/Collector
instanceKlass java/util/stream/Collectors
instanceKlass sun/reflect/annotation/AnnotationParser
instanceKlass java/lang/Class$3
instanceKlass java/util/EnumMap$1
instanceKlass java/util/stream/StreamOpFlag$MaskBuilder
instanceKlass java/util/stream/Stream
instanceKlass java/util/stream/BaseStream
instanceKlass java/util/stream/PipelineHelper
instanceKlass java/util/stream/StreamSupport
instanceKlass java/util/Spliterators$IteratorSpliterator
instanceKlass java/util/Spliterator$OfDouble
instanceKlass java/util/Spliterator$OfLong
instanceKlass java/util/Spliterator$OfInt
instanceKlass java/util/Spliterator$OfPrimitive
instanceKlass java/util/Spliterators$EmptySpliterator
instanceKlass java/util/Spliterators
instanceKlass com/android/tools/r8/internal/oA
instanceKlass com/android/tools/r8/internal/K40
instanceKlass com/android/tools/r8/internal/yA
instanceKlass com/android/tools/r8/synthesis/P
instanceKlass com/android/tools/r8/internal/tA
instanceKlass com/android/tools/r8/references/TypeReference
instanceKlass com/android/tools/r8/synthesis/Q$b
instanceKlass com/android/tools/r8/synthesis/Q
instanceKlass com/android/tools/r8/graph/s2
instanceKlass com/android/tools/r8/graph/P1
instanceKlass com/android/tools/r8/graph/p2
instanceKlass com/android/tools/r8/graph/j2
instanceKlass com/android/tools/r8/graph/H1
instanceKlass com/android/tools/r8/graph/e2
instanceKlass com/android/tools/r8/graph/d2
instanceKlass com/android/tools/r8/graph/a2
instanceKlass com/android/tools/r8/graph/X1
instanceKlass com/android/tools/r8/graph/n2
instanceKlass com/android/tools/r8/graph/l2
instanceKlass com/android/tools/r8/graph/A1
instanceKlass com/android/tools/r8/graph/m2
instanceKlass com/android/tools/r8/graph/N1
instanceKlass com/android/tools/r8/graph/i2
instanceKlass com/android/tools/r8/graph/U1
instanceKlass com/android/tools/r8/graph/S1
instanceKlass com/android/tools/r8/graph/R1
instanceKlass com/android/tools/r8/graph/T1
instanceKlass com/android/tools/r8/graph/g
instanceKlass com/android/tools/r8/graph/h2
instanceKlass com/android/tools/r8/graph/I1
instanceKlass com/android/tools/r8/graph/G1
instanceKlass com/android/tools/r8/graph/z1
instanceKlass com/android/tools/r8/graph/u1$e
instanceKlass com/android/tools/r8/graph/o2
instanceKlass com/android/tools/r8/graph/D1
instanceKlass com/android/tools/r8/graph/u1$c
instanceKlass com/android/tools/r8/graph/k2
instanceKlass com/android/tools/r8/graph/r2
instanceKlass com/android/tools/r8/internal/MB
instanceKlass com/android/tools/r8/graph/G4
instanceKlass com/android/tools/r8/graph/L4
instanceKlass com/android/tools/r8/graph/G0
instanceKlass java/lang/invoke/LambdaFormEditor$1
instanceKlass java/lang/StrictMath
instanceKlass com/android/tools/r8/internal/wA
instanceKlass com/android/tools/r8/internal/AI
instanceKlass com/android/tools/r8/internal/WH
instanceKlass com/android/tools/r8/internal/x40
instanceKlass com/android/tools/r8/internal/l40
instanceKlass com/android/tools/r8/internal/Ge0
instanceKlass com/android/tools/r8/internal/Gl0
instanceKlass com/android/tools/r8/internal/Em0
instanceKlass com/android/tools/r8/internal/oL
instanceKlass com/android/tools/r8/internal/j40
instanceKlass com/android/tools/r8/internal/x1
instanceKlass com/android/tools/r8/internal/xf
instanceKlass com/android/tools/r8/internal/Jr0
instanceKlass com/android/tools/r8/internal/EA
instanceKlass com/android/tools/r8/internal/AA
instanceKlass com/android/tools/r8/internal/g7
instanceKlass com/android/tools/r8/internal/fH
instanceKlass com/android/tools/r8/internal/Q
instanceKlass com/android/tools/r8/internal/UG
instanceKlass com/android/tools/r8/internal/Ky
instanceKlass com/android/tools/r8/internal/mv0
instanceKlass com/android/tools/r8/graph/f2
instanceKlass com/android/tools/r8/graph/u1
instanceKlass com/android/tools/r8/DexFilePerClassFileConsumer
instanceKlass com/android/tools/r8/ClassFileConsumer
instanceKlass com/android/tools/r8/internal/q50
instanceKlass com/android/tools/r8/internal/xv$a
instanceKlass com/android/tools/r8/internal/E7
instanceKlass com/android/tools/r8/internal/dt
instanceKlass com/android/tools/r8/internal/V50
instanceKlass com/android/tools/r8/DexIndexedConsumer$ForwardingConsumer
instanceKlass com/android/tools/r8/internal/xg0
instanceKlass com/android/tools/r8/internal/l70
instanceKlass com/android/tools/r8/position/Position
instanceKlass com/android/tools/r8/shaking/Q0
instanceKlass com/android/tools/r8/utils/ArchiveResourceProvider
instanceKlass java/lang/invoke/MethodHandles$1
instanceKlass java/lang/Long$LongCache
instanceKlass com/android/tools/r8/a
instanceKlass com/android/tools/r8/internal/J70
instanceKlass com/android/tools/r8/internal/Se
instanceKlass com/android/tools/r8/internal/G0
instanceKlass com/android/tools/r8/internal/h6
instanceKlass com/android/tools/r8/internal/Wy
instanceKlass com/android/tools/r8/internal/s50
instanceKlass com/android/tools/r8/internal/xC
instanceKlass com/android/tools/r8/internal/Gl
instanceKlass com/android/tools/r8/utils/u
instanceKlass java/util/zip/ZipFile$ZipEntryIterator
instanceKlass java/util/function/Predicate
instanceKlass com/android/tools/r8/internal/CJ
instanceKlass com/android/tools/r8/DataResourceProvider
instanceKlass com/android/tools/r8/internal/jx
instanceKlass sun/nio/ch/FileChannelImpl$Closer
instanceKlass sun/nio/ch/NativeDispatcher
instanceKlass sun/nio/ch/NativeThreadSet
instanceKlass sun/nio/ch/IOUtil
instanceKlass java/nio/file/attribute/FileAttribute
instanceKlass java/nio/channels/spi/AbstractInterruptibleChannel
instanceKlass java/nio/channels/InterruptibleChannel
instanceKlass java/nio/channels/ScatteringByteChannel
instanceKlass java/nio/channels/GatheringByteChannel
instanceKlass java/nio/channels/SeekableByteChannel
instanceKlass java/nio/channels/ByteChannel
instanceKlass java/nio/channels/WritableByteChannel
instanceKlass java/nio/channels/ReadableByteChannel
instanceKlass java/nio/channels/Channel
instanceKlass sun/nio/fs/WindowsDirectoryStream
instanceKlass java/nio/file/DirectoryStream
instanceKlass sun/nio/fs/WindowsChannelFactory$Flags
instanceKlass sun/nio/fs/WindowsChannelFactory$1
instanceKlass sun/nio/fs/WindowsChannelFactory
instanceKlass sun/nio/fs/ExtendedFileSystemProvider
instanceKlass sun/nio/fs/WindowsPath$1
instanceKlass com/android/tools/r8/internal/tr0
instanceKlass com/android/tools/r8/internal/Gx
instanceKlass java/util/function/Consumer
instanceKlass com/android/tools/r8/internal/jC
instanceKlass java/util/Spliterator
instanceKlass com/android/tools/r8/p$a$a
instanceKlass com/android/tools/r8/p$a
instanceKlass java/util/function/BiPredicate
instanceKlass com/android/tools/r8/utils/i$a
instanceKlass com/android/tools/r8/internal/oe
instanceKlass com/android/tools/r8/DataResource
instanceKlass com/android/tools/r8/DataResourceProvider$Visitor
instanceKlass com/android/tools/r8/utils/i
instanceKlass com/android/tools/r8/internal/yg0
instanceKlass com/android/tools/r8/o
instanceKlass com/android/tools/r8/PartitionMapConsumer
instanceKlass com/android/tools/r8/internal/Cm
instanceKlass com/android/tools/r8/Q
instanceKlass com/android/tools/r8/DataResourceConsumer
instanceKlass com/android/tools/r8/internal/Cw0
instanceKlass com/android/tools/r8/internal/DA
instanceKlass com/android/tools/r8/internal/kI
instanceKlass com/android/tools/r8/internal/lI
instanceKlass com/android/tools/r8/internal/cD
instanceKlass com/android/tools/r8/profile/art/ArtProfileProvider
instanceKlass com/android/tools/r8/profile/art/ArtProfileConsumer
instanceKlass com/android/tools/r8/StringConsumer
instanceKlass com/android/tools/r8/w0
instanceKlass com/android/tools/r8/Resource
instanceKlass com/android/tools/r8/ClassFileResourceProvider
instanceKlass com/android/tools/r8/m
instanceKlass com/android/tools/r8/naming/Q
instanceKlass com/android/tools/r8/G
instanceKlass com/android/tools/r8/internal/zt
instanceKlass com/android/tools/r8/DiagnosticsHandler
instanceKlass com/android/tools/r8/internal/xv
instanceKlass com/android/tools/r8/internal/yv
instanceKlass java/lang/PublicMethods$Key
instanceKlass java/lang/PublicMethods$MethodList
instanceKlass java/util/concurrent/ExecutorService
instanceKlass java/util/concurrent/Executor
instanceKlass com/android/tools/r8/internal/Hh
instanceKlass com/android/tools/r8/internal/F1
instanceKlass com/android/tools/r8/internal/dg
instanceKlass com/android/tools/r8/internal/r
instanceKlass com/android/tools/r8/internal/mD
instanceKlass com/android/tools/r8/internal/GT
instanceKlass com/android/tools/r8/graph/q5
instanceKlass com/android/tools/r8/internal/Gr0
instanceKlass com/android/tools/r8/internal/r50
instanceKlass com/android/tools/r8/internal/qv
instanceKlass com/android/tools/r8/graph/L5
instanceKlass com/android/tools/r8/graph/G5
instanceKlass com/android/tools/r8/graph/M5
instanceKlass com/android/tools/r8/graph/H5
instanceKlass com/android/tools/r8/graph/n1
instanceKlass com/android/tools/r8/graph/b0
instanceKlass com/android/tools/r8/graph/S
instanceKlass com/android/tools/r8/graph/o0
instanceKlass com/android/tools/r8/graph/w0
instanceKlass com/android/tools/r8/ProgramResourceProvider
instanceKlass com/android/tools/r8/dex/k
instanceKlass com/android/tools/r8/DexIndexedConsumer
instanceKlass com/android/tools/r8/ByteBufferProvider
instanceKlass com/android/tools/r8/ProgramConsumer
instanceKlass com/android/tools/r8/Diagnostic
instanceKlass com/android/tools/r8/internal/AC
instanceKlass com/android/tools/r8/graph/x0
instanceKlass jdk/internal/reflect/ClassDefiner$1
instanceKlass jdk/internal/reflect/ClassDefiner
instanceKlass jdk/internal/reflect/MethodAccessorGenerator$1
instanceKlass jdk/internal/reflect/Label$PatchInfo
instanceKlass jdk/internal/reflect/Label
instanceKlass jdk/internal/reflect/UTF8
instanceKlass jdk/internal/reflect/ClassFileAssembler
instanceKlass jdk/internal/reflect/ByteVectorImpl
instanceKlass jdk/internal/reflect/ByteVector
instanceKlass jdk/internal/reflect/ByteVectorFactory
instanceKlass jdk/internal/reflect/AccessorGenerator
instanceKlass jdk/internal/reflect/ClassFileConstants
instanceKlass com/android/tools/r8/graph/d1
instanceKlass com/android/tools/r8/BaseCommand$Builder
instanceKlass com/android/tools/r8/origin/Origin
instanceKlass com/android/tools/r8/BaseCommand
instanceKlass com/android/tools/r8/D8
instanceKlass java/security/SecureClassLoader$DebugHolder
instanceKlass java/security/PermissionCollection
instanceKlass java/security/SecureClassLoader$1
instanceKlass java/security/SecureClassLoader$CodeSourceKey
instanceKlass java/util/zip/Checksum$1
instanceKlass java/util/zip/CRC32
instanceKlass java/util/zip/Checksum
instanceKlass sun/nio/ByteBuffered
instanceKlass sun/security/util/ManifestEntryVerifier$SunProviderHolder
instanceKlass java/lang/Package$VersionInfo
instanceKlass java/lang/NamedPackage
instanceKlass java/util/Base64$Encoder
instanceKlass java/util/Base64$Decoder
instanceKlass java/util/Base64
instanceKlass javax/crypto/SecretKey
instanceKlass sun/security/util/Length
instanceKlass sun/security/util/KeyUtil
instanceKlass java/security/interfaces/XECKey
instanceKlass java/security/interfaces/ECKey
instanceKlass sun/security/util/JarConstraintsParameters
instanceKlass sun/security/util/ConstraintsParameters
instanceKlass java/security/Timestamp
instanceKlass sun/security/timestamp/TimestampToken
instanceKlass java/security/cert/CertPath
instanceKlass java/math/MutableBigInteger
instanceKlass sun/security/rsa/RSAPadding
instanceKlass sun/security/rsa/RSACore
instanceKlass java/security/interfaces/RSAPrivateCrtKey
instanceKlass sun/security/pkcs/PKCS8Key
instanceKlass java/security/interfaces/RSAPrivateKey
instanceKlass java/security/PrivateKey
instanceKlass javax/security/auth/Destroyable
instanceKlass sun/security/jca/ServiceId
instanceKlass java/security/Signature$1
instanceKlass jdk/internal/access/JavaSecuritySignatureAccess
instanceKlass java/security/SignatureSpi
instanceKlass jdk/internal/icu/util/CodePointTrie$Data
instanceKlass jdk/internal/icu/util/CodePointTrie$1
instanceKlass jdk/internal/icu/util/CodePointMap
instanceKlass jdk/internal/icu/util/VersionInfo
instanceKlass jdk/internal/jimage/ImageLocation
instanceKlass jdk/internal/jimage/decompressor/Decompressor
instanceKlass jdk/internal/jimage/ImageStringsReader
instanceKlass jdk/internal/jimage/ImageStrings
instanceKlass jdk/internal/jimage/ImageHeader
instanceKlass jdk/internal/jimage/NativeImageBuffer$1
instanceKlass jdk/internal/jimage/NativeImageBuffer
instanceKlass jdk/internal/jimage/BasicImageReader$1
instanceKlass jdk/internal/jimage/BasicImageReader
instanceKlass jdk/internal/jimage/ImageReader
instanceKlass jdk/internal/jimage/ImageReaderFactory$1
instanceKlass java/nio/file/Paths
instanceKlass jdk/internal/jimage/ImageReaderFactory
instanceKlass jdk/internal/module/SystemModuleFinders$SystemImage
instanceKlass jdk/internal/module/SystemModuleFinders$SystemModuleReader
instanceKlass java/lang/module/ModuleReader
instanceKlass jdk/internal/loader/BuiltinClassLoader$5
instanceKlass jdk/internal/module/Checks
instanceKlass jdk/internal/module/Resources
instanceKlass jdk/internal/icu/impl/ICUBinary$1
instanceKlass jdk/internal/icu/impl/ICUBinary
instanceKlass jdk/internal/icu/impl/NormalizerImpl$IsAcceptable
instanceKlass jdk/internal/icu/impl/ICUBinary$Authenticate
instanceKlass jdk/internal/icu/impl/NormalizerImpl
instanceKlass jdk/internal/icu/impl/Norm2AllModes$Norm2AllModesSingleton
instanceKlass jdk/internal/icu/impl/Norm2AllModes$NFKCSingleton
instanceKlass jdk/internal/icu/impl/Norm2AllModes
instanceKlass jdk/internal/icu/text/Normalizer2
instanceKlass jdk/internal/icu/text/NormalizerBase$ModeImpl
instanceKlass jdk/internal/icu/text/NormalizerBase$NFKDModeImpl
instanceKlass jdk/internal/icu/text/NormalizerBase$1
instanceKlass jdk/internal/icu/text/NormalizerBase$Mode
instanceKlass jdk/internal/icu/text/NormalizerBase
instanceKlass java/text/Normalizer
instanceKlass sun/security/x509/AVAKeyword
instanceKlass java/util/StringJoiner
instanceKlass sun/security/util/SignatureUtil
instanceKlass java/lang/constant/DynamicConstantDesc
instanceKlass java/lang/constant/DirectMethodHandleDesc$1
instanceKlass java/lang/constant/DirectMethodHandleDescImpl$1
instanceKlass java/lang/constant/DirectMethodHandleDescImpl
instanceKlass java/lang/constant/DirectMethodHandleDesc
instanceKlass java/lang/constant/MethodHandleDesc$1
instanceKlass java/lang/constant/MethodHandleDesc
instanceKlass java/lang/constant/MethodTypeDescImpl
instanceKlass java/lang/constant/MethodTypeDesc
instanceKlass java/lang/constant/ReferenceClassDescImpl
instanceKlass java/lang/constant/ConstantUtils
instanceKlass java/lang/constant/ClassDesc
instanceKlass java/lang/constant/ConstantDescs
instanceKlass java/lang/invoke/VarHandle$2
instanceKlass java/lang/invoke/VarHandle$TypesAndInvokers
instanceKlass java/lang/invoke/VarHandle$AccessDescriptor
instanceKlass java/lang/invoke/VarHandleByteArrayBase
instanceKlass sun/security/provider/ByteArrayAccess$BE
instanceKlass sun/security/provider/ByteArrayAccess
instanceKlass sun/security/util/MessageDigestSpi2
instanceKlass java/security/MessageDigestSpi
instanceKlass sun/security/pkcs/ESSCertId
instanceKlass sun/security/pkcs/SigningCertificateInfo
instanceKlass java/lang/Byte$ByteCache
instanceKlass sun/security/pkcs/PKCS9Attribute
instanceKlass sun/security/pkcs/PKCS9Attributes
instanceKlass java/time/Instant
instanceKlass java/time/zone/ZoneOffsetTransition
instanceKlass java/time/LocalTime
instanceKlass java/time/temporal/ValueRange
instanceKlass java/time/Duration
instanceKlass java/time/temporal/TemporalAmount
instanceKlass java/time/temporal/TemporalUnit
instanceKlass java/time/temporal/TemporalField
instanceKlass java/time/LocalDate
instanceKlass java/time/chrono/ChronoLocalDate
instanceKlass java/time/ZonedDateTime
instanceKlass java/time/chrono/ChronoZonedDateTime
instanceKlass java/time/LocalDateTime
instanceKlass java/time/chrono/ChronoLocalDateTime
instanceKlass java/time/temporal/Temporal
instanceKlass java/time/zone/ZoneOffsetTransitionRule
instanceKlass java/time/zone/ZoneRules
instanceKlass java/time/temporal/TemporalAdjuster
instanceKlass java/time/temporal/TemporalAccessor
instanceKlass java/time/ZoneId
instanceKlass java/util/regex/Pattern$BmpCharPredicate
instanceKlass java/util/regex/CharPredicates
instanceKlass sun/security/util/DisabledAlgorithmConstraints$Constraints$Holder
instanceKlass sun/security/util/DisabledAlgorithmConstraints$1
instanceKlass sun/security/util/DisabledAlgorithmConstraints$Constraint
instanceKlass java/util/StringTokenizer
instanceKlass java/security/spec/ECFieldF2m
instanceKlass java/security/spec/ECParameterSpec
instanceKlass java/security/spec/ECPoint
instanceKlass java/security/spec/EllipticCurve
instanceKlass java/security/spec/ECFieldFp
instanceKlass java/security/spec/ECField
instanceKlass sun/security/util/CurveDB
instanceKlass sun/security/util/DisabledAlgorithmConstraints$Constraints
instanceKlass java/util/regex/IntHashSet
instanceKlass java/util/regex/Matcher
instanceKlass java/util/regex/MatchResult
instanceKlass java/util/TreeMap$PrivateEntryIterator
instanceKlass java/util/NavigableSet
instanceKlass java/util/SortedSet
instanceKlass sun/security/util/AbstractAlgorithmConstraints$1
instanceKlass sun/security/util/AlgorithmDecomposer
instanceKlass sun/security/util/DisabledAlgorithmConstraints$JarHolder
instanceKlass java/util/regex/Pattern$TreeInfo
instanceKlass java/util/regex/Pattern$CharPredicate
instanceKlass java/util/regex/ASCII
instanceKlass java/util/regex/Pattern$Node
instanceKlass java/util/regex/Pattern
instanceKlass sun/security/util/AbstractAlgorithmConstraints
instanceKlass java/security/AlgorithmConstraints
instanceKlass sun/security/pkcs/SignerInfo
instanceKlass java/security/cert/PolicyQualifierInfo
instanceKlass sun/security/x509/CertificatePolicyId
instanceKlass sun/security/x509/PolicyInformation
instanceKlass sun/security/x509/DistributionPoint
instanceKlass sun/security/x509/DNSName
instanceKlass sun/security/x509/URIName
instanceKlass sun/security/x509/GeneralName
instanceKlass sun/security/x509/AccessDescription
instanceKlass sun/security/x509/GeneralNames
instanceKlass java/lang/invoke/VarForm
instanceKlass java/lang/invoke/VarHandleGuards
instanceKlass jdk/internal/util/Preconditions$1
instanceKlass java/util/function/BiFunction
instanceKlass java/lang/invoke/VarHandle$1
instanceKlass java/lang/ClassValue$Version
instanceKlass java/lang/ClassValue$Identity
instanceKlass java/lang/ClassValue
instanceKlass java/lang/invoke/VarHandles
instanceKlass java/lang/System$Logger
instanceKlass jdk/internal/event/EventHelper
instanceKlass sun/security/jca/JCAUtil
instanceKlass sun/security/util/MemoryCache$CacheEntry
instanceKlass sun/security/x509/X509AttributeName
instanceKlass sun/security/x509/KeyIdentifier
instanceKlass java/util/TreeMap$Entry
instanceKlass sun/security/x509/OIDMap$OIDInfo
instanceKlass sun/security/x509/PKIXExtensions
instanceKlass sun/security/x509/OIDMap
instanceKlass sun/security/x509/Extension
instanceKlass java/security/cert/Extension
instanceKlass java/util/Collections$SynchronizedMap
instanceKlass java/util/NavigableMap
instanceKlass java/util/SortedMap
instanceKlass sun/security/x509/CertificateExtensions
instanceKlass sun/security/rsa/RSAUtil
instanceKlass sun/security/util/IOUtils
instanceKlass java/security/interfaces/RSAPublicKey
instanceKlass java/security/interfaces/RSAKey
instanceKlass java/security/spec/PSSParameterSpec
instanceKlass java/security/spec/AlgorithmParameterSpec
instanceKlass java/security/spec/RSAPrivateKeySpec
instanceKlass java/security/spec/RSAPublicKeySpec
instanceKlass java/security/KeyFactorySpi
instanceKlass sun/security/rsa/SunRsaSignEntries
instanceKlass sun/security/jca/ProviderList$ServiceList$1
instanceKlass java/security/KeyFactory
instanceKlass java/security/spec/EncodedKeySpec$1
instanceKlass jdk/internal/access/JavaSecuritySpecAccess
instanceKlass java/security/spec/EncodedKeySpec
instanceKlass java/security/spec/KeySpec
instanceKlass sun/security/util/BitArray
instanceKlass sun/security/x509/X509Key
instanceKlass java/security/PublicKey
instanceKlass java/security/Key
instanceKlass sun/security/x509/CertificateX509Key
instanceKlass java/util/Date
instanceKlass sun/util/calendar/CalendarUtils
instanceKlass sun/util/calendar/CalendarDate
instanceKlass sun/util/calendar/CalendarSystem$GregorianHolder
instanceKlass sun/util/calendar/CalendarSystem
instanceKlass sun/security/x509/CertificateValidity
instanceKlass sun/security/x509/AVA
instanceKlass sun/security/x509/RDN
instanceKlass javax/security/auth/x500/X500Principal
instanceKlass sun/security/x509/X500Name$1
instanceKlass sun/security/x509/X500Name
instanceKlass sun/security/x509/GeneralNameInterface
instanceKlass sun/security/x509/CertificateAlgorithmId
instanceKlass sun/security/x509/SerialNumber
instanceKlass sun/security/x509/CertificateSerialNumber
instanceKlass sun/security/x509/CertificateVersion
instanceKlass sun/security/x509/X509CertInfo
instanceKlass sun/security/x509/CertAttrSet
instanceKlass sun/security/util/Cache$EqualByteArray
instanceKlass java/security/cert/X509Extension
instanceKlass sun/security/jca/GetInstance$Instance
instanceKlass sun/security/util/Cache
instanceKlass jdk/internal/event/Event
instanceKlass sun/security/jca/GetInstance
instanceKlass java/security/cert/CertificateFactorySpi
instanceKlass java/security/cert/CertificateFactory
instanceKlass sun/security/x509/AlgorithmId
instanceKlass sun/security/util/ByteArrayTagOrder
instanceKlass sun/security/util/ByteArrayLexOrder
instanceKlass sun/security/util/DerEncoder
instanceKlass sun/security/util/DerValue
instanceKlass sun/security/util/ObjectIdentifier
instanceKlass sun/security/pkcs/ContentInfo
instanceKlass sun/security/util/DerInputStream
instanceKlass sun/security/pkcs/PKCS7
instanceKlass java/util/Collections$EmptyIterator
instanceKlass java/util/LinkedHashMap$LinkedHashIterator
instanceKlass sun/security/util/SecurityProviderConstants
instanceKlass java/security/Provider$UString
instanceKlass java/security/Provider$Service
instanceKlass sun/security/provider/NativePRNG$NonBlocking
instanceKlass sun/security/provider/NativePRNG$Blocking
instanceKlass sun/security/provider/NativePRNG
instanceKlass sun/security/provider/SunEntries$1
instanceKlass sun/security/provider/SunEntries
instanceKlass sun/security/util/SecurityConstants
instanceKlass java/security/Security$2
instanceKlass jdk/internal/access/JavaSecurityPropertiesAccess
instanceKlass java/util/concurrent/ConcurrentHashMap$MapEntry
instanceKlass java/io/FileInputStream$1
instanceKlass java/util/Properties$LineReader
instanceKlass java/security/Security$1
instanceKlass java/security/Security
instanceKlass sun/security/jca/ProviderList$2
instanceKlass jdk/internal/math/FloatingDecimal$ASCIIToBinaryBuffer
instanceKlass jdk/internal/math/FloatingDecimal$PreparedASCIIToBinaryBuffer
instanceKlass jdk/internal/math/FloatingDecimal$ASCIIToBinaryConverter
instanceKlass jdk/internal/math/FloatingDecimal$BinaryToASCIIBuffer
instanceKlass jdk/internal/math/FloatingDecimal$ExceptionalBinaryToASCIIBuffer
instanceKlass jdk/internal/math/FloatingDecimal$BinaryToASCIIConverter
instanceKlass jdk/internal/math/FloatingDecimal
instanceKlass java/security/Provider$EngineDescription
instanceKlass java/security/Provider$ServiceKey
instanceKlass sun/security/jca/ProviderConfig
instanceKlass sun/security/jca/ProviderList
instanceKlass sun/security/jca/Providers
instanceKlass jdk/internal/org/objectweb/asm/FieldVisitor
instanceKlass java/lang/invoke/InvokerBytecodeGenerator$ClassData
instanceKlass jdk/internal/org/objectweb/asm/Frame
instanceKlass java/lang/invoke/LambdaFormBuffer
instanceKlass java/lang/invoke/LambdaFormEditor$TransformKey
instanceKlass java/lang/invoke/LambdaFormEditor
instanceKlass sun/invoke/util/Wrapper$1
instanceKlass java/lang/invoke/DelegatingMethodHandle$Holder
instanceKlass java/lang/invoke/DirectMethodHandle$2
instanceKlass sun/invoke/empty/Empty
instanceKlass sun/invoke/util/VerifyType
instanceKlass java/lang/invoke/ClassSpecializer$Factory
instanceKlass java/lang/invoke/ClassSpecializer$SpeciesData
instanceKlass java/lang/invoke/ClassSpecializer$1
instanceKlass java/lang/invoke/ClassSpecializer
instanceKlass java/lang/invoke/InnerClassLambdaMetafactory$1
instanceKlass java/lang/invoke/MethodHandles$Lookup$ClassDefiner
instanceKlass jdk/internal/org/objectweb/asm/ClassReader
instanceKlass java/lang/invoke/MethodHandles$Lookup$ClassFile
instanceKlass jdk/internal/org/objectweb/asm/AnnotationVisitor
instanceKlass jdk/internal/org/objectweb/asm/Attribute
instanceKlass jdk/internal/org/objectweb/asm/Handler
instanceKlass jdk/internal/org/objectweb/asm/Label
instanceKlass jdk/internal/org/objectweb/asm/MethodVisitor
instanceKlass java/lang/invoke/LambdaProxyClassArchive
instanceKlass jdk/internal/org/objectweb/asm/ByteVector
instanceKlass jdk/internal/org/objectweb/asm/Symbol
instanceKlass jdk/internal/org/objectweb/asm/SymbolTable
instanceKlass jdk/internal/org/objectweb/asm/ClassVisitor
instanceKlass java/lang/invoke/InfoFromMemberName
instanceKlass java/lang/invoke/MethodHandleInfo
instanceKlass jdk/internal/org/objectweb/asm/ConstantDynamic
instanceKlass sun/invoke/util/BytecodeDescriptor
instanceKlass jdk/internal/org/objectweb/asm/Handle
instanceKlass sun/security/action/GetBooleanAction
instanceKlass jdk/internal/org/objectweb/asm/Type
instanceKlass java/lang/invoke/AbstractValidatingLambdaMetafactory
instanceKlass java/lang/invoke/MethodHandleImpl$1
instanceKlass jdk/internal/access/JavaLangInvokeAccess
instanceKlass java/lang/invoke/Invokers$Holder
instanceKlass java/lang/invoke/BootstrapMethodInvoker
instanceKlass java/lang/invoke/InvokerBytecodeGenerator$2
instanceKlass java/lang/invoke/InvokerBytecodeGenerator
instanceKlass java/lang/invoke/LambdaForm$Holder
instanceKlass java/lang/invoke/LambdaForm$Name
instanceKlass java/lang/invoke/Invokers
instanceKlass java/lang/invoke/MethodHandleImpl
instanceKlass sun/invoke/util/ValueConversions
instanceKlass java/lang/invoke/DirectMethodHandle$Holder
instanceKlass java/lang/invoke/LambdaForm$NamedFunction
instanceKlass sun/invoke/util/Wrapper$Format
instanceKlass java/lang/invoke/MethodTypeForm
instanceKlass java/lang/Void
instanceKlass java/lang/invoke/MethodType$ConcurrentWeakInternSet
instanceKlass java/lang/invoke/LambdaMetafactory
instanceKlass sun/security/util/ManifestDigester$Section
instanceKlass sun/security/util/ManifestDigester$Entry
instanceKlass sun/security/util/ManifestDigester$Position
instanceKlass sun/security/util/ManifestDigester
instanceKlass sun/security/util/ManifestEntryVerifier
instanceKlass java/util/jar/Attributes$Name
instanceKlass java/util/jar/Attributes
instanceKlass java/security/CodeSigner
instanceKlass java/util/jar/JarVerifier
instanceKlass jdk/internal/loader/Resource
instanceKlass java/util/ArrayList$Itr
instanceKlass sun/security/action/GetIntegerAction
instanceKlass sun/security/util/Debug
instanceKlass sun/security/util/SignatureFileVerifier
instanceKlass java/util/zip/ZipFile$InflaterCleanupAction
instanceKlass java/util/zip/Inflater$InflaterZStreamRef
instanceKlass java/util/zip/Inflater
instanceKlass java/util/zip/ZipEntry
instanceKlass jdk/internal/util/jar/JarIndex
instanceKlass java/nio/Bits$1
instanceKlass jdk/internal/misc/VM$BufferPool
instanceKlass java/nio/Bits
instanceKlass sun/nio/ch/DirectBuffer
instanceKlass jdk/internal/perf/PerfCounter$CoreCounters
instanceKlass jdk/internal/perf/Perf
instanceKlass jdk/internal/perf/Perf$GetPerfAction
instanceKlass jdk/internal/perf/PerfCounter
instanceKlass java/nio/file/attribute/FileTime
instanceKlass java/util/zip/ZipUtils
instanceKlass java/util/zip/ZipFile$Source$End
instanceKlass java/io/RandomAccessFile$2
instanceKlass jdk/internal/access/JavaIORandomAccessFileAccess
instanceKlass java/io/RandomAccessFile
instanceKlass java/io/DataInput
instanceKlass java/io/DataOutput
instanceKlass sun/nio/fs/WindowsNativeDispatcher$CompletionStatus
instanceKlass sun/nio/fs/WindowsNativeDispatcher$AclInformation
instanceKlass sun/nio/fs/WindowsNativeDispatcher$Account
instanceKlass sun/nio/fs/WindowsNativeDispatcher$DiskFreeSpace
instanceKlass sun/nio/fs/WindowsNativeDispatcher$VolumeInformation
instanceKlass sun/nio/fs/WindowsNativeDispatcher$FirstStream
instanceKlass sun/nio/fs/WindowsNativeDispatcher$FirstFile
instanceKlass java/util/Enumeration
instanceKlass java/util/concurrent/ConcurrentHashMap$Traverser
instanceKlass java/util/concurrent/ConcurrentHashMap$CollectionView
instanceKlass jdk/internal/loader/NativeLibraries$NativeLibraryImpl
instanceKlass jdk/internal/loader/NativeLibrary
instanceKlass java/util/ArrayDeque$DeqIterator
instanceKlass jdk/internal/loader/NativeLibraries$1
instanceKlass jdk/internal/loader/NativeLibraries$LibraryPaths
instanceKlass sun/nio/fs/WindowsNativeDispatcher
instanceKlass sun/nio/fs/NativeBuffer$Deallocator
instanceKlass sun/nio/fs/NativeBuffer
instanceKlass java/lang/ThreadLocal$ThreadLocalMap
instanceKlass sun/nio/fs/NativeBuffers
instanceKlass sun/nio/fs/WindowsFileAttributes
instanceKlass java/nio/file/attribute/DosFileAttributes
instanceKlass sun/nio/fs/AbstractBasicFileAttributeView
instanceKlass sun/nio/fs/DynamicFileAttributeView
instanceKlass sun/nio/fs/WindowsFileAttributeViews
instanceKlass sun/nio/fs/Util
instanceKlass java/nio/file/attribute/BasicFileAttributeView
instanceKlass java/nio/file/attribute/FileAttributeView
instanceKlass java/nio/file/attribute/AttributeView
instanceKlass java/nio/file/Files
instanceKlass java/nio/file/CopyOption
instanceKlass java/nio/file/attribute/BasicFileAttributes
instanceKlass sun/nio/fs/WindowsPath
instanceKlass java/nio/file/Path
instanceKlass java/nio/file/Watchable
instanceKlass java/net/URI$Parser
instanceKlass sun/nio/fs/WindowsPathParser$Result
instanceKlass sun/nio/fs/WindowsPathParser
instanceKlass java/util/Collections$UnmodifiableCollection
instanceKlass java/util/Arrays$ArrayItr
instanceKlass java/nio/file/FileSystem
instanceKlass java/nio/file/OpenOption
instanceKlass java/nio/file/spi/FileSystemProvider
instanceKlass sun/nio/fs/DefaultFileSystemProvider
instanceKlass java/nio/file/FileSystems$DefaultFileSystemHolder$1
instanceKlass java/nio/file/FileSystems$DefaultFileSystemHolder
instanceKlass java/nio/file/FileSystems
instanceKlass java/util/zip/ZipFile$Source$Key
instanceKlass java/util/zip/ZipFile$Source
instanceKlass java/lang/ref/Cleaner$Cleanable
instanceKlass jdk/internal/ref/CleanerImpl
instanceKlass java/lang/ref/Cleaner$1
instanceKlass java/lang/ref/Cleaner
instanceKlass jdk/internal/ref/CleanerFactory$1
instanceKlass java/util/concurrent/ThreadFactory
instanceKlass jdk/internal/ref/CleanerFactory
instanceKlass java/util/zip/ZipCoder
instanceKlass java/util/zip/ZipFile$CleanableResource
instanceKlass java/lang/Runtime$Version
instanceKlass java/util/jar/JavaUtilJarAccessImpl
instanceKlass jdk/internal/access/JavaUtilJarAccess
instanceKlass java/nio/charset/CoderResult
instanceKlass java/lang/Readable
instanceKlass jdk/internal/loader/FileURLMapper
instanceKlass jdk/internal/loader/URLClassPath$JarLoader$1
instanceKlass java/util/zip/ZipFile$1
instanceKlass jdk/internal/access/JavaUtilZipFileAccess
instanceKlass java/util/zip/ZipFile
instanceKlass java/util/zip/ZipConstants
instanceKlass jdk/internal/loader/URLClassPath$Loader
instanceKlass jdk/internal/loader/URLClassPath$3
instanceKlass java/security/PrivilegedExceptionAction
instanceKlass sun/net/util/URLUtil
instanceKlass java/lang/StringCoding
instanceKlass sun/nio/cs/ArrayDecoder
instanceKlass java/nio/charset/CharsetDecoder
instanceKlass sun/launcher/LauncherHelper
instanceKlass jdk/internal/vm/PostVMInitHook$1
instanceKlass jdk/internal/util/EnvUtils
instanceKlass jdk/internal/vm/PostVMInitHook$2
instanceKlass sun/util/locale/LocaleUtils
instanceKlass sun/util/locale/BaseLocale
instanceKlass java/util/Locale
instanceKlass jdk/internal/vm/PostVMInitHook
instanceKlass java/lang/reflect/Array
instanceKlass java/lang/invoke/StringConcatFactory$3
instanceKlass java/lang/invoke/StringConcatFactory$2
instanceKlass java/lang/invoke/StringConcatFactory$1
instanceKlass java/lang/invoke/StringConcatFactory
instanceKlass java/lang/ModuleLayer$Controller
instanceKlass java/util/concurrent/CopyOnWriteArrayList
instanceKlass jdk/internal/module/ServicesCatalog$ServiceProvider
instanceKlass jdk/internal/loader/AbstractClassLoaderValue$Memoizer
instanceKlass java/util/ImmutableCollections$ListItr
instanceKlass java/util/ListIterator
instanceKlass java/lang/ModuleLayer
instanceKlass jdk/internal/module/ModuleLoaderMap$Modules
instanceKlass jdk/internal/module/ModuleLoaderMap$Mapper
instanceKlass java/util/function/Function
instanceKlass jdk/internal/module/ModuleLoaderMap
instanceKlass java/util/ImmutableCollections$Set12$1
instanceKlass java/util/AbstractMap$1$1
instanceKlass java/lang/module/ResolvedModule
instanceKlass java/lang/module/Configuration
instanceKlass java/util/ImmutableCollections$SetN$SetNIterator
instanceKlass jdk/internal/loader/BuiltinClassLoader$LoadedModule
instanceKlass jdk/internal/loader/AbstractClassLoaderValue
instanceKlass jdk/internal/module/ServicesCatalog
instanceKlass jdk/internal/util/Preconditions
instanceKlass sun/net/util/IPAddressUtil
instanceKlass java/net/URLStreamHandler
instanceKlass java/util/HexFormat
instanceKlass sun/net/www/ParseUtil
instanceKlass java/net/URL$3
instanceKlass jdk/internal/access/JavaNetURLAccess
instanceKlass java/net/URL$DefaultFactory
instanceKlass java/net/URLStreamHandlerFactory
instanceKlass jdk/internal/loader/URLClassPath
instanceKlass java/security/Principal
instanceKlass java/security/ProtectionDomain$Key
instanceKlass java/security/ProtectionDomain$JavaSecurityAccessImpl
instanceKlass jdk/internal/access/JavaSecurityAccess
instanceKlass java/lang/ClassLoader$ParallelLoaders
instanceKlass java/security/cert/Certificate
instanceKlass jdk/internal/loader/ArchivedClassLoaders
instanceKlass java/util/Deque
instanceKlass java/util/Queue
instanceKlass jdk/internal/loader/ClassLoaderHelper
instanceKlass jdk/internal/loader/NativeLibraries
instanceKlass jdk/internal/loader/BootLoader
instanceKlass java/util/Optional
instanceKlass jdk/internal/module/SystemModuleFinders$SystemModuleFinder
instanceKlass java/lang/module/ModuleFinder
instanceKlass jdk/internal/module/SystemModuleFinders$3
instanceKlass jdk/internal/module/ModuleHashes$HashSupplier
instanceKlass jdk/internal/module/SystemModuleFinders$2
instanceKlass java/util/function/Supplier
instanceKlass java/lang/module/ModuleReference
instanceKlass jdk/internal/module/ModuleResolution
instanceKlass java/util/Collections$UnmodifiableMap
instanceKlass jdk/internal/module/ModuleHashes$Builder
instanceKlass jdk/internal/module/ModuleHashes
instanceKlass jdk/internal/module/ModuleTarget
instanceKlass java/lang/Enum
instanceKlass java/lang/module/ModuleDescriptor$Version
instanceKlass java/lang/module/ModuleDescriptor$Provides
instanceKlass java/lang/module/ModuleDescriptor$Opens
instanceKlass java/lang/module/ModuleDescriptor$Exports
instanceKlass java/lang/module/ModuleDescriptor$Requires
instanceKlass jdk/internal/module/Builder
instanceKlass jdk/internal/module/SystemModules$default
instanceKlass jdk/internal/module/SystemModules
instanceKlass jdk/internal/module/SystemModulesMap
instanceKlass java/net/URI$1
instanceKlass jdk/internal/access/JavaNetUriAccess
instanceKlass java/net/URI
instanceKlass jdk/internal/module/SystemModuleFinders
instanceKlass jdk/internal/module/ArchivedModuleGraph
instanceKlass jdk/internal/module/ArchivedBootLayer
instanceKlass jdk/internal/module/ModuleBootstrap$Counters
instanceKlass jdk/internal/module/ModulePatcher
instanceKlass java/io/FileSystem
instanceKlass java/io/DefaultFileSystem
instanceKlass java/io/File
instanceKlass java/lang/module/ModuleDescriptor$1
instanceKlass jdk/internal/access/JavaLangModuleAccess
instanceKlass sun/invoke/util/VerifyAccess
instanceKlass java/lang/module/ModuleDescriptor
instanceKlass jdk/internal/module/ModuleBootstrap
instanceKlass java/lang/invoke/MethodHandleStatics
instanceKlass java/util/Collections
instanceKlass sun/io/Win32ErrorMode
instanceKlass jdk/internal/misc/OSEnvironment
instanceKlass jdk/internal/misc/Signal$NativeHandler
instanceKlass java/util/Hashtable$Entry
instanceKlass jdk/internal/misc/Signal
instanceKlass java/lang/Terminator$1
instanceKlass jdk/internal/misc/Signal$Handler
instanceKlass java/lang/Terminator
instanceKlass java/nio/ByteOrder
instanceKlass java/nio/Buffer$1
instanceKlass jdk/internal/access/JavaNioAccess
instanceKlass jdk/internal/misc/ScopedMemoryAccess
instanceKlass java/nio/charset/CodingErrorAction
instanceKlass sun/nio/cs/SingleByte
instanceKlass java/lang/StringUTF16
instanceKlass sun/nio/cs/MS1252$Holder
instanceKlass sun/nio/cs/ArrayEncoder
instanceKlass java/nio/charset/CharsetEncoder
instanceKlass java/lang/reflect/Modifier
instanceKlass java/lang/Class$1
instanceKlass java/lang/Class$Atomic
instanceKlass java/lang/Class$ReflectionData
instanceKlass jdk/internal/util/ArraysSupport
instanceKlass java/nio/charset/StandardCharsets
instanceKlass sun/nio/cs/HistoricallyNamedCharset
instanceKlass sun/security/action/GetPropertyAction
instanceKlass java/lang/ThreadLocal
instanceKlass java/nio/charset/spi/CharsetProvider
instanceKlass java/nio/charset/Charset
instanceKlass java/io/Writer
instanceKlass java/io/OutputStream
instanceKlass java/io/Flushable
instanceKlass java/io/FileDescriptor$1
instanceKlass jdk/internal/access/JavaIOFileDescriptorAccess
instanceKlass java/io/FileDescriptor
instanceKlass jdk/internal/util/StaticProperty
instanceKlass java/util/HashMap$HashIterator
instanceKlass java/lang/Integer$IntegerCache
instanceKlass java/lang/CharacterData
instanceKlass java/util/Arrays
instanceKlass java/lang/VersionProps
instanceKlass java/lang/StringConcatHelper
instanceKlass jdk/internal/misc/VM
instanceKlass jdk/internal/util/SystemProps$Raw
instanceKlass jdk/internal/util/SystemProps
instanceKlass java/lang/System$2
instanceKlass jdk/internal/access/JavaLangAccess
instanceKlass java/lang/ref/Reference$1
instanceKlass jdk/internal/access/JavaLangRefAccess
instanceKlass java/lang/ref/ReferenceQueue$Lock
instanceKlass java/lang/ref/ReferenceQueue
instanceKlass jdk/internal/reflect/ReflectionFactory
instanceKlass jdk/internal/reflect/ReflectionFactory$GetReflectionFactoryAction
instanceKlass java/security/PrivilegedAction
instanceKlass java/util/concurrent/locks/LockSupport
instanceKlass java/util/concurrent/ConcurrentHashMap$Node
instanceKlass java/util/concurrent/ConcurrentHashMap$CounterCell
instanceKlass java/util/concurrent/locks/ReentrantLock
instanceKlass java/util/concurrent/locks/Lock
instanceKlass java/lang/Runtime
instanceKlass java/util/HashMap$Node
instanceKlass java/util/KeyValueHolder
instanceKlass java/util/Map$Entry
instanceKlass java/util/ImmutableCollections$MapN$MapNIterator
instanceKlass java/lang/Math
instanceKlass jdk/internal/reflect/Reflection
instanceKlass java/lang/invoke/MethodHandles$Lookup
instanceKlass java/lang/StringLatin1
instanceKlass java/security/Permission
instanceKlass java/security/Guard
instanceKlass java/lang/invoke/MemberName$Factory
instanceKlass java/lang/invoke/MethodHandles
instanceKlass jdk/internal/access/SharedSecrets
instanceKlass java/lang/reflect/ReflectAccess
instanceKlass jdk/internal/access/JavaLangReflectAccess
instanceKlass java/util/ImmutableCollections
instanceKlass java/util/Objects
instanceKlass java/util/Set
instanceKlass jdk/internal/misc/CDS
instanceKlass java/lang/Module$ArchivedData
instanceKlass java/lang/String$CaseInsensitiveComparator
instanceKlass java/util/Comparator
instanceKlass java/io/ObjectStreamField
instanceKlass jdk/internal/vm/vector/VectorSupport$VectorPayload
instanceKlass jdk/internal/vm/vector/VectorSupport
instanceKlass java/lang/reflect/RecordComponent
instanceKlass java/util/Iterator
instanceKlass java/lang/Number
instanceKlass java/lang/Character
instanceKlass java/lang/Boolean
instanceKlass java/util/concurrent/locks/AbstractOwnableSynchronizer
instanceKlass java/lang/LiveStackFrame
instanceKlass java/lang/StackFrameInfo
instanceKlass java/lang/StackWalker$StackFrame
instanceKlass java/lang/StackStreamFactory$AbstractStackWalker
instanceKlass java/lang/StackWalker
instanceKlass java/nio/Buffer
instanceKlass java/lang/StackTraceElement
instanceKlass java/util/RandomAccess
instanceKlass java/util/List
instanceKlass java/util/AbstractCollection
instanceKlass java/util/Collection
instanceKlass java/lang/Iterable
instanceKlass java/util/concurrent/ConcurrentMap
instanceKlass java/util/AbstractMap
instanceKlass java/security/CodeSource
instanceKlass jdk/internal/loader/ClassLoaders
instanceKlass java/util/jar/Manifest
instanceKlass java/net/URL
instanceKlass java/io/InputStream
instanceKlass java/io/Closeable
instanceKlass java/lang/AutoCloseable
instanceKlass jdk/internal/module/Modules
instanceKlass jdk/internal/misc/Unsafe
instanceKlass jdk/internal/misc/UnsafeConstants
instanceKlass java/lang/AbstractStringBuilder
instanceKlass java/lang/Appendable
instanceKlass java/lang/AssertionStatusDirectives
instanceKlass java/lang/invoke/MethodHandleNatives$CallSiteContext
instanceKlass jdk/internal/invoke/NativeEntryPoint
instanceKlass java/lang/invoke/CallSite
instanceKlass java/lang/invoke/MethodType
instanceKlass java/lang/invoke/TypeDescriptor$OfMethod
instanceKlass java/lang/invoke/LambdaForm
instanceKlass java/lang/invoke/MethodHandleNatives
instanceKlass java/lang/invoke/ResolvedMethodName
instanceKlass java/lang/invoke/MemberName
instanceKlass java/lang/invoke/VarHandle
instanceKlass java/lang/invoke/MethodHandle
instanceKlass jdk/internal/reflect/CallerSensitive
instanceKlass java/lang/annotation/Annotation
instanceKlass jdk/internal/reflect/FieldAccessor
instanceKlass jdk/internal/reflect/ConstantPool
instanceKlass jdk/internal/reflect/ConstructorAccessor
instanceKlass jdk/internal/reflect/MethodAccessor
instanceKlass jdk/internal/reflect/MagicAccessorImpl
instanceKlass java/lang/reflect/Parameter
instanceKlass java/lang/reflect/Member
instanceKlass java/lang/reflect/AccessibleObject
instanceKlass java/lang/Module
instanceKlass java/util/Map
instanceKlass java/util/Dictionary
instanceKlass java/lang/ThreadGroup
instanceKlass java/lang/Thread$UncaughtExceptionHandler
instanceKlass java/lang/Thread
instanceKlass java/lang/Runnable
instanceKlass java/lang/ref/Reference
instanceKlass java/lang/Record
instanceKlass java/security/AccessController
instanceKlass java/security/AccessControlContext
instanceKlass java/security/ProtectionDomain
instanceKlass java/lang/SecurityManager
instanceKlass java/lang/Throwable
instanceKlass java/lang/System
instanceKlass java/lang/ClassLoader
instanceKlass java/lang/Cloneable
instanceKlass java/lang/Class
instanceKlass java/lang/invoke/TypeDescriptor$OfField
instanceKlass java/lang/invoke/TypeDescriptor
instanceKlass java/lang/reflect/Type
instanceKlass java/lang/reflect/GenericDeclaration
instanceKlass java/lang/reflect/AnnotatedElement
instanceKlass java/lang/String
instanceKlass java/lang/constant/ConstantDesc
instanceKlass java/lang/constant/Constable
instanceKlass java/lang/CharSequence
instanceKlass java/lang/Comparable
instanceKlass java/io/Serializable
ciInstanceKlass java/lang/Object 1 1 92 100 1 10 12 1 1 10 7 12 1 1 1 10 100 12 1 1 1 10 12 1 1 8 1 10 12 1 1 10 100 12 1 1 1 10 12 1 10 12 1 1 100 1 8 1 10 12 1 3 8 1 100 1 5 0 1 1 1 1 1 1 1 1 1 1 1 1 1 1 1 1 100 1 1 1 100 1 1 1 1 1 1 1 100 1 1 1 1 1 1 1
ciMethod java/lang/Object equals (Ljava/lang/Object;)Z 514 0 3125 0 -1
ciMethod java/lang/Object hashCode ()I 512 0 256 0 -1
ciInstanceKlass java/lang/Class 1 1 1611 10 7 12 1 1 1 9 7 12 1 1 1 9 12 1 1 7 1 10 10 12 1 1 8 1 10 12 1 8 1 8 1 10 12 1 1 10 12 1 1 10 12 1 10 10 12 1 10 12 1 1 10 12 1 1 10 100 12 1 1 10 12 1 10 12 1 10 12 1 8 1 10 12 1 8 1 10 12 1 8 1 8 1 10 12 1 1 10 100 12 1 1 1 18 12 1 1 11 100 12 1 1 1 8 1 8 1 8 1 10 100 12 1 1 1 11 12 1 1 7 1 8 1 10 12 1 11 100 12 1 1 1 10 12 1 1 11 8 1 18 8 1 10 12 1 10 7 12 1 1 10 7 12 1 1 1 10 12 1 1 10 7 12 1 1 1 9 100 12 1 1 1 10 100 12 1 1 1 10 7 12 1 1 1 10 12 1 1 18 12 1 1 10 7 12 1 1 1 10 7 12 1 1 10 12 1 1 10 7 1 100 1 10 12 1 1 9 12 1 1 100 1 8 1 10 12 1 10 12 1 1 10 12 1 1 10 7 12 1 1 1 7 1 10 12 1 100 1 100 1 10 10 12 1 1 10 12 1 1 100 1 10 100 12 1 1 1 10 12 1 1 10 12 1 1 9 12 1 1 10 12 1 10 12 1 10 12 1 1 9 12 1 1 9 12 1 1 10 12 1 1 10 100 1 10 12 1 10 12 1 10 12 1 1 10 9 12 1 10 12 1 8 1 10 12 1 1 10 12 1 1 10 12 1 10 12 1 1 10 12 1 1 10 12 1 1 9 7 12 1 1 1 10 100 12 1 1 10 12 10 12 1 10 12 1 1 10 100 12 1 1 10 12 1 10 12 1 1 10 100 12 1 1 1 10 12 1 10 12 1 1 10 12 1 10 12 1 10 12 1 1 10 7 1 10 10 10 12 1 1 10 12 1 1 10 12 10 12 1 1 100 1 8 1 10 10 12 1 1 10 12 1 100 1 11 12 1 10 100 12 1 1 10 12 1 10 12 1 10 100 12 1 1 10 10 12 1 1 8 1 10 12 1 10 12 1 1 8 1 9 12 1 10 12 1 10 12 1 10 12 1 10 12 100 1 9 12 1 10 12 1 9 12 1 10 12 1 10 12 1 10 12 1 10 10 12 1 10 12 1 10 12 1 10 12 1 10 12 1 10 12 1 100 1 10 12 1 10 12 1 1 10 12 1 1 10 12 1 1 10 12 1 1 10 12 1 1 10 12 1 1 100 1 10 10 12 1 1 10 12 1 1 10 12 1 1 10 10 12 1 10 12 1 1 10 12 1 1 10 12 1 1 10 12 1 1 7 1 10 10 12 11 100 12 1 1 10 12 1 1 10 12 1 10 7 12 1 1 1 10 12 1 1 10 10 12 1 1 100 1 10 10 12 1 1 10 100 12 1 1 1 100 1 100 1 10 12 1 1 10 12 1 10 10 12 1 1 10 12 1 10 12 1 10 12 1 10 100 12 1 1 1 11 100 12 1 1 10 12 1 10 12 1 9 12 1 10 12 1 1 10 12 1 9 12 1 1 100 1 10 9 12 1 1 10 12 100 1 10 12 1 9 12 1 10 100 12 1 1 1 10 12 1 10 12 1 10 100 12 1 1 1 10 12 1 10 12 10 12 1 1 100 1 10 8 1 10 12 1 11 11 12 1 1 11 100 12 1 1 11 12 1 8 1 10 12 1 10 12 1 1 9 12 1 9 12 1 1 10 7 12 1 1 9 12 1 10 12 1 1 10 10 12 1 10 7 12 1 1 1 10 100 12 1 1 10 100 12 1 1 9 12 1 1 10 12 1 9 12 1 10 12 1 10 12 1 1 9 12 1 1 9 12 1 10 12 1 10 12 1 1 9 12 1 100 1 10 10 12 1 1 7 1 10 12 1 1 100 11 100 1 9 12 1 1 9 12 1 100 1 10 12 1 9 12 1 1 9 12 1 10 12 1 10 12 1 1 9 12 1 100 1 10 10 12 1 1 10 10 12 1 1 10 12 10 10 12 1 9 12 1 10 12 1 1 10 7 12 1 1 1 10 12 1 1 10 12 1 8 10 7 8 1 18 8 1 8 1 10 12 1 9 12 1 9 12 1 1 10 12 1 7 1 100 1 10 12 1 9 12 1 1 7 1 10 10 12 1 10 7 1 9 12 1 8 1 10 12 1 7 1 10 12 1 10 12 1 1 9 12 1 100 1 8 1 10 7 1 4 10 10 12 11 7 12 1 1 1 10 12 1 100 1 10 12 1 1 10 8 1 8 1 10 12 1 1 9 100 12 1 1 11 12 100 1 11 100 12 1 1 9 12 1 10 100 12 1 1 1 10 100 12 1 1 10 12 1 1 9 12 1 9 10 12 1 1 10 12 1 1 10 12 1 1 10 12 1 1 10 12 1 1 11 12 1 100 1 11 12 1 10 100 12 1 1 1 10 12 1 100 1 11 12 1 10 100 12 1 1 1 10 12 1 10 11 12 1 11 12 1 1 10 12 1 10 12 1 1 9 12 1 1 9 100 12 1 1 10 12 1 10 100 12 1 1 1 10 12 1 1 10 12 1 10 12 1 10 12 1 10 7 12 1 1 1 10 12 1 8 1 10 12 1 10 12 1 10 12 1 10 100 12 1 1 1 11 100 12 1 1 1 10 12 1 1 10 12 1 18 12 1 1 11 12 1 1 18 11 12 1 18 12 1 11 12 1 10 12 1 1 10 12 1 10 12 1 10 12 10 12 1 8 1 10 12 1 7 1 9 12 1 1 100 1 100 1 100 1 100 1 100 1 1 1 3 1 3 1 3 1 1 1 1 1 1 1 5 0 1 1 1 1 1 1 1 1 1 1 1 1 1 1 1 1 1 1 1 1 1 1 1 100 1 1 1 1 1 1 1 100 1 1 1 1 1 1 100 1 1 1 1 1 1 1 1 1 1 1 1 1 1 1 1 1 1 1 1 1 1 1 1 1 1 1 1 1 1 1 1 1 1 1 1 1 1 100 1 1 1 1 1 1 1 1 1 1 1 1 1 1 1 1 1 1 1 1 1 1 1 1 1 1 1 1 100 1 1 1 1 1 1 1 1 1 1 1 1 1 1 1 1 1 1 1 1 1 1 1 1 1 1 1 1 1 1 1 1 1 1 1 1 1 1 1 1 1 1 1 1 1 1 1 1 1 1 1 1 1 100 1 100 1 1 1 1 1 1 1 1 1 1 1 1 1 1 1 1 1 1 1 1 1 1 1 1 1 1 1 1 1 1 1 1 1 1 1 1 1 1 1 1 1 1 1 1 1 1 1 1 1 1 1 1 1 1 1 1 1 1 1 1 1 1 1 100 1 1 1 1 1 1 1 1 1 1 1 1 1 1 1 1 1 1 1 1 1 1 1 1 1 1 1 1 1 1 1 1 1 1 1 1 1 1 1 1 1 1 1 1 1 1 1 1 1 1 1 1 1 1 1 1 1 1 1 1 1 1 1 1 1 1 1 1 15 10 100 12 1 1 1 16 15 10 12 16 15 11 12 16 1 16 15 16 15 10 12 16 16 15 10 12 16 15 16 1 15 10 12 16 1 1 1 1 1 1 1 1 100 1 1 100 1 100 1 1 100 1 100 1 1
staticfield java/lang/Class EMPTY_CLASS_ARRAY [Ljava/lang/Class; 0 [Ljava/lang/Class;
staticfield java/lang/Class serialPersistentFields [Ljava/io/ObjectStreamField; 0 [Ljava/io/ObjectStreamField;
ciInstanceKlass java/io/Serializable 1 0 7 100 1 100 1 1 1
instanceKlass jdk/internal/vm/vector/VectorSupport$VectorShuffle
instanceKlass jdk/internal/vm/vector/VectorSupport$VectorMask
instanceKlass jdk/internal/vm/vector/VectorSupport$Vector
ciInstanceKlass jdk/internal/vm/vector/VectorSupport$VectorPayload 0 0 32 10 100 12 1 1 1 9 100 12 1 1 1 10 100 12 1 1 1 1 1 1 1 1 1 1 1 1 1 1 1 1
ciInstanceKlass jdk/internal/vm/vector/VectorSupport$VectorShuffle 0 0 28 10 100 12 1 1 1 100 1 1 1 1 1 1 1 1 1 1 1 1 1 1 1 100 1 1 1 1
ciInstanceKlass jdk/internal/vm/vector/VectorSupport$VectorMask 0 0 28 10 100 12 1 1 1 100 1 1 1 1 1 1 1 1 1 1 1 1 1 1 1 100 1 1 1 1
ciInstanceKlass jdk/internal/vm/vector/VectorSupport$Vector 0 0 28 10 100 12 1 1 1 100 1 1 1 1 1 1 1 1 1 1 1 1 1 1 1 100 1 1 1 1
ciInstanceKlass jdk/internal/vm/vector/VectorSupport 0 0 487 100 1 10 100 12 1 1 1 9 12 1 1 10 12 1 1 100 1 10 12 1 11 100 12 1 1 1 11 100 12 1 1 1 11 100 12 1 1 11 100 12 1 1 1 11 100 1 100 1 10 12 1 1 11 100 12 1 1 11 100 12 1 1 100 1 11 100 12 1 1 11 100 12 1 1 11 100 12 1 1 1 11 100 12 1 1 1 11 100 12 1 1 1 11 100 12 1 1 1 100 1 10 12 1 1 11 100 12 1 1 100 1 11 100 12 1 1 11 100 12 1 1 11 100 12 1 1 11 100 1 100 1 9 12 1 1 10 100 12 1 1 11 100 12 1 1 10 12 1 1 10 100 12 1 1 1 10 12 1 10 12 1 1 10 12 1 1 1 1 1 3 1 3 1 3 1 3 1 3 1 3 1 3 1 3 1 3 1 3 1 3 1 3 1 3 1 3 1 3 1 3 1 3 1 3 1 3 1 3 1 3 1 3 1 3 1 3 1 3 1 3 1 3 1 3 1 3 1 3 1 3 1 3 1 3 1 3 1 3 1 3 1 3 1 3 1 3 1 1 1 1 1 3 1 1 1 1 1 1 3 1 1 1 1 1 1 1 1 1 1 1 1 1 1 1 1 1 1 1 1 1 1 1 1 1 1 1 1 1 1 1 1 1 1 1 1 1 1 1 1 1 1 1 1 1 1 1 1 1 1 1 1 1 1 1 1 1 1 1 1 1 1 1 1 1 1 1 1 1 1 1 1 1 1 1 1 1 1 1 1 1 1 1 1 1 1 1 1 1 1 1 1 1 1 1 1 1 1 1 1 1 1 1 1 1 1 1 1 1 1 1 1 1 1 1 1 1 1 1 1 1 1 1 1 1 1 1 1 1 1 1 1 1 1 1 1 1 1 1 1 1 1 1 1 1 1 1 1 1 1 1 1 1 1 1 1 1 1 1 1 1 1 1 1 1 1 1 1 1 1 1 1 1 1 1 1 1 1 1 1 1 1 1 1 1 1 1 1 1 1 1 1 1 1 1 1 1 1 1 100 1 100 1 1 1 1 1 1 1 1 1 1 1 1 1 1 1 1 1 1 1 1 1 1 1 1
ciInstanceKlass java/lang/reflect/RecordComponent 0 0 196 10 100 12 1 1 1 9 100 12 1 1 1 9 12 1 1 9 12 1 10 12 1 1 10 12 1 1 10 100 12 1 1 1 10 12 1 1 9 12 1 1 10 12 1 1 10 12 1 1 10 12 1 10 100 12 1 1 10 100 12 1 1 9 12 1 1 10 100 12 1 1 1 11 100 12 1 1 1 10 9 100 12 1 1 1 10 100 12 1 1 1 9 12 1 1 10 100 12 1 1 1 10 12 1 1 11 100 12 1 1 10 100 12 1 1 100 1 9 12 1 9 12 1 1 9 12 1 10 100 12 1 1 1 10 12 1 1 10 12 1 1 100 1 10 10 12 1 10 12 1 1 8 1 10 12 1 10 12 1 9 12 1 100 1 1 1 1 1 1 1 1 1 1 1 1 1 1 1 1 1 1 1 1 1 1 100 1 1 1 1 1 1 100 1 1
ciInstanceKlass java/util/Iterator 1 1 53 100 1 8 1 10 12 1 1 10 7 12 1 1 1 11 7 12 1 1 1 11 12 1 1 11 7 12 1 1 1 100 1 1 1 1 1 1 1 1 1 1 1 1 1 1 1 1 1 1 1 1 1
ciInstanceKlass java/lang/System 1 1 803 10 100 12 1 1 1 9 7 12 1 1 1 10 12 1 10 12 1 1 10 12 1 1 10 12 1 9 12 1 1 10 7 12 1 1 1 11 100 12 1 1 1 10 100 12 1 1 1 10 12 1 1 10 12 1 1 100 1 8 1 10 12 1 10 100 12 1 1 1 10 7 12 1 1 1 18 12 1 1 10 100 12 1 1 1 100 1 10 12 1 1 10 100 12 1 1 1 10 12 1 10 7 12 1 1 1 9 100 12 1 1 1 10 100 12 1 1 1 11 7 12 1 1 1 10 12 1 1 10 7 12 1 1 1 100 1 10 10 12 1 1 8 1 10 12 1 8 1 10 12 1 9 12 1 1 8 1 10 7 12 1 1 1 10 12 1 1 100 1 8 1 10 9 12 1 1 8 1 10 12 1 1 10 100 12 1 1 1 8 1 10 12 1 100 1 10 12 1 8 1 10 12 1 10 12 1 1 100 1 10 12 10 12 1 9 12 1 1 9 12 1 1 10 7 12 1 1 1 10 7 12 1 1 1 10 12 1 1 10 12 1 10 12 1 10 7 12 1 1 1 10 12 1 100 1 100 1 8 1 10 12 1 10 12 1 1 7 1 10 12 1 100 1 8 1 10 10 12 1 100 1 8 1 10 8 1 10 7 12 1 1 8 1 10 12 100 1 8 1 10 10 12 1 1 10 7 12 1 1 1 100 1 18 12 1 100 1 9 100 12 1 1 1 10 12 1 100 1 10 12 1 1 10 12 1 1 10 7 12 1 1 1 10 12 1 1 10 12 1 10 12 1 10 12 1 1 10 12 1 7 1 10 12 1 10 12 1 100 1 10 12 1 10 7 12 1 1 1 100 1 8 1 10 9 12 1 9 12 1 10 12 1 10 100 12 1 1 10 12 1 10 12 1 1 8 1 10 12 1 1 8 1 11 12 1 10 12 11 12 1 1 11 7 12 1 1 1 11 7 12 1 1 11 12 1 1 7 1 11 12 1 10 12 1 8 1 10 12 1 1 8 1 8 1 8 1 8 1 11 12 1 10 12 1 10 12 1 10 12 1 10 7 12 1 1 8 1 7 1 9 7 12 1 1 1 10 12 1 7 1 9 12 10 9 12 7 1 10 12 8 1 10 12 1 1 8 1 10 7 12 1 1 10 12 1 10 7 12 1 1 1 10 12 1 1 10 7 12 1 1 1 10 12 10 7 12 1 1 1 9 12 1 1 100 1 8 1 10 12 1 1 10 7 12 1 1 1 7 1 10 12 1 1 8 1 10 8 1 8 1 8 1 8 1 10 10 7 12 1 1 10 12 1 1 10 12 1 1 10 12 1 1 10 12 1 10 100 12 1 1 1 10 100 1 8 1 10 10 10 12 1 1 10 12 1 1 8 1 10 12 1 8 1 10 12 1 10 12 1 1 7 1 10 10 12 1 10 12 1 9 12 1 1 1 3 1 3 1 1 1 1 1 1 1 1 1 1 1 1 100 1 1 100 1 1 1 1 1 1 1 1 1 1 1 100 1 100 1 1 1 1 1 1 1 1 1 1 1 1 1 1 1 1 1 1 1 1 1 1 1 1 1 1 1 1 1 1 1 1 1 1 1 1 1 1 1 1 1 1 1 1 1 1 1 1 1 1 1 1 1 1 1 1 1 1 100 1 1 1 1 1 1 1 1 1 1 1 1 1 1 1 1 1 1 1 1 1 1 1 1 1 1 1 1 1 1 1 1 1 100 1 1 15 10 100 12 1 1 1 16 15 10 12 1 1 16 15 10 12 16 1 1 1 1 1 1 1 100 1 100 1 1
staticfield java/lang/System in Ljava/io/InputStream; java/io/BufferedInputStream
staticfield java/lang/System out Ljava/io/PrintStream; java/io/PrintStream
staticfield java/lang/System err Ljava/io/PrintStream; java/io/PrintStream
instanceKlass jdk/internal/reflect/DelegatingClassLoader
instanceKlass java/security/SecureClassLoader
ciInstanceKlass java/lang/ClassLoader 1 1 1098 9 7 12 1 1 1 10 7 12 1 1 1 9 12 1 1 10 7 12 1 1 1 7 1 10 12 1 1 10 12 1 1 9 12 1 1 10 12 1 1 100 1 10 12 1 10 12 1 1 10 7 12 1 1 1 100 1 8 1 10 12 1 10 7 12 1 1 1 10 100 12 1 10 7 1 10 7 1 7 1 7 1 10 12 1 10 12 1 9 12 1 1 10 10 7 12 1 1 1 9 12 1 1 9 12 1 9 12 1 1 9 12 1 9 12 1 1 9 12 1 1 7 1 10 12 1 9 12 1 1 10 12 1 1 10 7 12 1 1 1 9 12 1 9 12 1 1 9 12 1 10 12 1 1 9 12 10 12 1 1 7 1 10 8 1 10 12 1 1 10 12 1 10 7 1 7 1 10 12 1 1 10 7 12 1 1 1 8 1 10 12 1 10 12 1 10 12 1 1 10 12 1 1 10 12 1 1 10 12 1 1 10 12 1 1 10 12 1 100 1 10 12 1 10 100 12 1 1 1 10 12 1 1 10 12 1 10 12 1 10 12 1 10 12 1 10 12 1 1 10 10 12 1 10 12 1 10 100 12 1 1 10 12 1 1 10 12 1 1 10 12 1 100 1 10 12 1 100 1 10 12 1 10 100 12 1 1 1 10 10 12 1 1 10 12 1 1 100 1 8 1 10 8 1 10 12 1 10 12 1 100 1 8 1 10 12 1 1 10 12 1 1 10 10 12 1 1 10 12 1 1 10 12 1 1 10 7 1 10 12 1 1 10 12 1 1 10 12 1 1 10 12 1 1 10 12 1 1 10 12 1 1 10 12 1 10 100 12 1 1 1 10 12 1 10 12 1 10 12 1 1 10 12 1 10 12 1 10 12 1 10 12 1 1 10 12 1 10 12 1 1 8 1 9 12 1 10 12 1 1 8 1 8 1 10 7 12 1 1 100 1 10 10 12 10 12 1 10 12 1 10 12 1 10 12 1 1 10 7 12 1 1 10 12 1 10 7 1 7 1 10 12 1 1 10 12 1 10 7 1 10 12 1 100 1 18 12 1 10 100 12 1 1 1 10 100 12 1 1 1 10 7 12 1 1 10 12 1 1 10 12 1 10 12 1 1 100 1 10 12 1 10 12 1 1 10 7 12 1 1 10 12 1 8 1 100 1 10 10 12 1 9 12 1 10 7 12 1 1 10 12 1 100 1 8 1 10 12 1 10 8 1 8 1 10 12 1 1 10 12 1 1 10 12 1 1 10 100 12 1 1 1 100 1 100 1 10 12 1 1 100 1 100 1 10 100 12 1 1 10 12 1 10 12 1 1 10 12 1 10 12 1 1 10 12 1 1 9 100 12 1 1 1 10 12 1 1 10 12 1 10 12 1 10 12 1 1 10 12 1 8 1 10 12 1 7 1 18 12 1 1 10 12 1 1 10 12 1 10 12 1 10 12 1 8 1 10 12 1 10 12 1 18 12 1 11 100 12 1 1 1 100 1 10 12 1 1 10 12 1 10 11 12 1 1 10 18 10 12 1 1 11 100 12 1 18 12 1 11 12 1 1 10 12 10 12 1 1 10 12 1 1 100 1 8 1 10 10 12 1 8 1 8 1 10 100 12 1 1 10 12 1 100 1 10 10 12 1 8 1 8 1 8 1 10 12 1 10 12 1 1 10 12 1 10 100 12 1 1 1 11 100 12 1 1 100 1 10 11 10 12 1 10 12 1 10 12 1 1 9 100 12 1 1 9 12 1 1 9 12 9 12 1 9 12 1 9 12 1 8 10 12 1 1 10 7 12 1 1 1 10 12 1 1 10 12 1 1 10 12 1 10 10 12 1 11 12 1 1 10 100 12 1 1 1 100 1 10 12 1 10 12 1 10 12 1 1 1 1 1 1 1 1 1 1 1 1 1 1 1 1 1 1 1 1 1 1 1 1 1 1 1 1 100 1 1 1 1 1 1 1 1 1 1 1 1 1 1 1 1 1 1 1 1 1 100 1 1 1 1 1 1 1 1 1 1 100 1 1 1 1 1 1 1 1 1 1 1 1 1 1 1 1 1 1 1 1 1 1 1 1 1 1 1 1 1 1 1 1 1 1 1 1 1 1 1 1 1 100 1 1 1 1 1 1 1 1 1 1 1 1 1 1 1 1 1 1 100 1 1 1 1 1 1 1 1 1 1 1 1 1 1 1 1 1 1 1 1 1 1 1 1 1 1 1 1 1 1 1 1 1 1 1 1 1 1 1 1 1 1 1 1 1 1 1 1 1 1 1 100 1 1 1 1 1 1 1 1 1 1 1 1 1 1 1 1 1 1 1 1 1 1 1 1 1 1 1 1 1 1 1 1 1 1 1 1 1 1 1 1 1 1 1 1 1 1 15 10 100 12 1 1 1 16 1 15 10 12 16 1 16 15 10 12 16 1 16 1 15 10 12 16 15 10 12 16 15 10 12 16 1 1 100 1 100 1 1
staticfield java/lang/ClassLoader nocerts [Ljava/security/cert/Certificate; 0 [Ljava/security/cert/Certificate;
staticfield java/lang/ClassLoader $assertionsDisabled Z 1
ciInstanceKlass jdk/internal/reflect/DelegatingClassLoader 1 1 18 10 7 12 1 1 1 100 1 1 1 1 1 1 1 1 1 1
instanceKlass jdk/internal/loader/BuiltinClassLoader
ciInstanceKlass java/security/SecureClassLoader 1 1 102 10 7 12 1 1 1 7 1 10 12 1 9 7 12 1 1 1 10 12 1 10 12 1 10 12 1 1 10 12 1 1 10 12 1 7 1 10 7 1 10 12 1 7 1 10 12 1 11 7 12 1 1 1 7 1 11 12 1 10 12 1 1 1 1 1 1 1 1 1 1 1 1 1 1 1 1 1 1 1 1 1 1 1 1 1 1 1 1 1 1 1 1 1 1 1 1 100 1 1 1 1
instanceKlass jdk/internal/loader/ClassLoaders$BootClassLoader
instanceKlass jdk/internal/loader/ClassLoaders$PlatformClassLoader
instanceKlass jdk/internal/loader/ClassLoaders$AppClassLoader
ciInstanceKlass jdk/internal/loader/BuiltinClassLoader 1 1 737 9 7 12 1 1 1 10 7 12 1 1 1 10 7 12 1 1 1 9 12 1 1 9 12 1 1 7 1 10 12 1 9 12 1 10 12 1 9 12 1 10 7 12 1 1 1 10 7 12 1 1 1 10 7 12 1 1 1 11 7 12 1 1 1 100 1 100 1 10 10 12 1 1 8 1 10 12 1 10 12 7 1 10 12 1 10 12 1 1 11 7 12 1 1 1 11 7 12 1 1 1 11 12 1 1 7 1 8 1 8 1 10 9 12 1 1 10 7 12 1 1 11 12 1 1 10 12 1 1 10 12 1 1 10 12 1 1 10 7 12 1 1 1 10 12 1 10 100 12 1 1 1 10 12 1 1 11 7 12 1 1 1 10 7 12 1 1 7 1 10 7 12 1 1 1 10 12 1 100 1 8 1 10 12 1 1 10 8 1 10 12 1 1 10 12 1 1 10 12 1 1 11 7 12 1 1 11 12 1 7 1 10 11 12 1 1 11 10 12 1 1 7 1 10 12 1 10 7 12 1 10 12 1 7 1 10 12 1 10 7 12 1 1 1 100 1 10 12 1 1 11 12 1 100 1 100 1 10 12 1 10 12 1 1 100 1 100 1 10 12 1 10 12 1 18 12 1 1 10 12 1 10 12 1 1 18 100 1 10 7 12 1 1 1 100 1 10 10 12 1 1 10 12 1 1 10 12 1 1 10 12 1 9 12 1 1 100 1 10 10 12 1 1 10 12 1 1 10 12 1 10 12 10 12 1 1 10 12 1 1 10 12 1 1 10 12 1 10 12 1 1 18 12 1 7 1 10 12 1 1 10 12 1 10 12 1 1 10 12 1 100 1 10 12 1 100 1 10 12 1 10 7 12 1 1 1 10 12 1 11 12 1 100 1 10 12 1 7 1 100 1 10 12 1 10 12 1 11 12 1 1 10 12 1 1 10 12 1 1 10 12 1 1 10 12 1 1 10 12 1 10 12 1 10 12 1 10 12 1 8 1 10 12 1 1 10 7 12 1 1 10 12 1 100 1 8 1 8 1 10 10 12 1 8 1 8 1 10 7 12 1 1 1 11 7 12 1 1 1 9 7 12 1 1 1 10 7 12 1 1 1 9 12 1 9 12 1 9 12 1 9 12 1 9 12 1 9 12 1 10 7 12 1 1 1 8 1 10 12 1 7 1 10 12 1 1 10 12 1 7 1 10 11 12 1 1 10 12 10 12 1 10 12 1 100 1 10 12 1 10 12 1 10 10 12 1 10 7 12 1 1 8 1 10 7 12 1 1 10 12 1 1 1 1 1 1 1 1 1 1 1 1 1 1 1 1 1 1 1 1 1 1 1 1 1 1 1 1 1 1 1 1 1 1 1 1 1 1 1 1 1 1 1 1 1 1 1 1 1 1 1 1 1 1 1 1 100 1 1 1 1 1 1 1 1 1 1 1 1 1 1 1 1 1 1 100 1 100 1 1 1 1 1 1 1 1 1 1 1 1 1 1 1 1 1 1 1 1 1 1 1 1 1 1 1 1 1 1 1 1 1 1 1 1 1 1 1 1 1 1 1 1 1 1 1 1 1 1 1 100 1 1 15 10 100 12 1 1 1 16 15 10 12 16 15 10 12 16 15 10 12 16 1 1 1 100 1 1 1 1 1 100 1 100 1 1
staticfield jdk/internal/loader/BuiltinClassLoader packageToModule Ljava/util/Map; java/util/concurrent/ConcurrentHashMap
staticfield jdk/internal/loader/BuiltinClassLoader $assertionsDisabled Z 1
ciInstanceKlass java/security/AccessController 1 1 295 10 100 12 1 1 1 10 7 12 1 1 1 10 7 12 1 1 1 10 12 1 1 10 12 1 1 10 7 12 1 1 1 10 12 1 1 10 12 1 10 12 1 1 10 12 1 100 1 8 1 10 12 1 10 12 1 10 12 1 1 10 12 1 100 1 100 1 10 12 1 1 10 12 1 10 12 1 10 12 1 1 10 7 12 1 1 1 10 12 1 1 9 100 12 1 1 1 10 100 12 1 1 1 10 12 1 10 12 1 9 100 12 1 1 1 10 12 1 10 12 1 1 9 12 1 1 10 100 1 10 11 7 12 1 1 1 10 7 12 1 1 11 7 1 100 1 10 12 1 10 12 1 10 12 1 8 1 10 12 1 1 8 1 10 100 12 1 1 1 8 1 100 1 10 10 12 1 1 10 12 1 10 7 12 1 1 1 10 12 1 8 1 10 100 12 1 1 8 1 8 1 10 12 1 8 1 10 12 1 10 12 1 1 10 12 1 1 1 1 1 1 1 1 1 1 1 1 1 1 1 1 1 1 1 1 1 1 1 1 1 1 1 1 100 1 1 1 1 1 1 1 1 1 1 1 1 1 1 1 1 1 1 1 1 1 1 1 1 1 1 1 1 1 1 1 1 1 1 100 1 100 1 1 1 1 1 1 1 1 1 3 1 1 1
staticfield java/security/AccessController $assertionsDisabled Z 1
instanceKlass jdk/internal/reflect/BootstrapConstructorAccessorImpl
instanceKlass jdk/internal/reflect/GeneratedConstructorAccessor1
instanceKlass jdk/internal/reflect/DelegatingConstructorAccessorImpl
instanceKlass jdk/internal/reflect/NativeConstructorAccessorImpl
ciInstanceKlass jdk/internal/reflect/ConstructorAccessorImpl 1 1 27 10 7 12 1 1 1 100 1 100 1 1 1 1 1 1 1 1 1 100 1 100 1 100 1 1 1
instanceKlass jdk/internal/reflect/FieldAccessorImpl
instanceKlass jdk/internal/reflect/ConstructorAccessorImpl
instanceKlass jdk/internal/reflect/MethodAccessorImpl
ciInstanceKlass jdk/internal/reflect/MagicAccessorImpl 1 1 16 10 7 12 1 1 1 100 1 1 1 1 1 1 1 1
instanceKlass jdk/internal/reflect/DelegatingMethodAccessorImpl
instanceKlass jdk/internal/reflect/NativeMethodAccessorImpl
ciInstanceKlass jdk/internal/reflect/MethodAccessorImpl 1 1 25 10 7 12 1 1 1 100 1 100 1 1 1 1 1 1 1 1 1 100 1 100 1 1 1
ciInstanceKlass java/lang/Module 1 1 959 10 7 12 1 1 1 9 7 12 1 1 1 10 7 12 1 1 1 9 12 1 9 12 1 1 9 12 1 1 10 12 1 1 10 12 1 10 12 1 1 10 7 12 1 1 1 7 1 10 7 12 1 1 1 10 12 1 1 11 7 12 1 1 1 10 12 1 1 10 7 12 1 1 1 10 12 1 1 10 7 12 1 1 1 9 100 12 1 1 1 10 100 12 1 1 1 10 12 1 8 1 10 7 12 1 1 1 10 7 12 1 1 1 9 12 1 1 9 12 1 1 10 12 1 9 12 1 1 11 12 1 9 100 12 1 1 10 100 12 1 1 1 10 100 12 1 1 1 10 12 1 1 100 1 100 1 10 10 12 1 1 8 1 10 12 1 10 12 10 12 1 10 12 1 1 10 12 1 1 10 12 1 1 9 100 12 1 1 1 10 12 1 1 10 12 1 1 9 12 1 10 12 1 10 12 1 9 12 1 1 11 7 12 1 1 10 12 1 1 9 12 1 9 12 1 10 12 1 10 12 1 100 1 8 1 10 10 12 1 1 10 12 1 8 1 10 12 1 1 8 1 8 1 10 12 1 1 10 12 1 10 12 1 1 18 12 1 1 10 12 1 1 11 12 1 9 12 1 11 12 10 100 12 1 1 100 1 8 1 10 7 1 11 12 1 1 10 12 1 10 12 1 10 12 1 1 11 12 1 1 11 7 12 1 1 11 12 1 1 9 12 1 11 12 1 10 12 1 1 10 12 1 1 9 12 1 10 12 10 7 12 1 1 10 7 12 1 1 10 7 1 18 12 1 1 11 100 12 1 1 1 18 12 1 11 12 1 1 10 100 12 1 1 1 11 12 1 1 10 7 12 1 1 4 7 1 11 12 1 7 1 7 1 10 10 7 12 1 1 1 10 11 7 12 1 8 1 10 10 12 1 1 10 7 12 1 1 10 12 1 10 12 1 7 1 10 12 1 10 11 12 1 1 10 12 10 12 1 1 9 12 1 100 1 10 10 12 1 1 11 100 1 10 12 1 1 11 12 1 10 10 12 1 11 10 12 1 1 10 12 1 1 10 12 1 1 10 7 12 1 1 10 12 1 10 12 1 1 10 10 12 1 1 10 12 1 18 12 1 11 12 1 18 12 1 10 12 1 10 12 1 10 12 7 1 10 12 1 10 12 1 10 12 1 9 12 1 7 1 10 10 10 10 12 1 10 12 1 10 12 1 10 12 1 1 10 12 1 1 10 12 1 9 12 1 18 12 1 1 10 100 12 1 1 1 100 1 8 1 10 12 1 1 10 12 1 1 10 100 12 1 1 100 1 10 12 1 1 100 1 8 1 100 1 10 100 1 100 1 3 10 12 1 100 1 10 12 1 10 12 1 1 10 12 1 1 100 1 10 12 1 10 12 1 1 100 1 100 1 10 12 8 1 10 12 1 1 10 12 1 1 10 100 12 1 1 10 12 1 1 10 12 1 10 12 10 12 1 1 100 1 10 10 12 1 1 10 100 12 1 1 1 100 1 8 1 10 12 1 1 10 100 12 1 1 8 1 10 12 1 8 1 10 12 1 10 12 10 12 1 8 1 10 10 100 12 1 1 100 1 10 10 12 1 10 7 12 1 1 9 12 1 9 12 1 9 12 1 9 12 1 10 12 11 12 1 10 12 1 100 1 1 1 1 1 1 1 1 1 1 1 1 1 1 1 1 100 1 1 1 1 1 1 1 1 1 1 1 1 1 1 1 1 1 1 1 1 1 1 1 1 1 1 1 1 1 1 1 1 1 1 1 1 1 1 1 1 1 1 1 1 1 1 1 1 1 1 1 1 1 1 1 1 1 1 1 1 1 1 1 1 1 1 1 1 1 1 1 1 1 1 1 1 1 1 1 1 1 1 1 100 100 1 1 1 1 1 1 1 1 1 1 1 1 1 1 1 1 1 1 1 1 1 1 1 1 1 1 1 1 1 1 1 1 1 1 100 1 100 1 100 1 1 1 1 1 1 1 1 1 1 1 1 1 1 1 1 1 1 1 1 1 1 1 1 1 1 1 1 15 10 100 12 1 1 1 16 15 10 12 16 16 15 10 12 16 16 15 10 16 1 15 10 12 16 1 15 10 12 16 1 16 15 10 12 16 1 1 1 1 1 1 1 100 1 100 1 1
staticfield java/lang/Module ALL_UNNAMED_MODULE Ljava/lang/Module; java/lang/Module
staticfield java/lang/Module ALL_UNNAMED_MODULE_SET Ljava/util/Set; java/util/ImmutableCollections$Set12
staticfield java/lang/Module EVERYONE_MODULE Ljava/lang/Module; java/lang/Module
staticfield java/lang/Module EVERYONE_SET Ljava/util/Set; java/util/ImmutableCollections$Set12
staticfield java/lang/Module $assertionsDisabled Z 1
ciInstanceKlass java/util/ArrayList 1 1 492 10 7 12 1 1 1 7 1 9 7 12 1 1 1 9 12 1 100 1 100 1 10 8 1 10 12 1 1 10 12 1 10 12 1 1 10 12 1 9 12 1 11 7 12 1 1 1 9 12 1 1 10 12 1 1 7 10 7 12 1 1 1 9 12 1 10 12 1 10 12 1 1 10 7 12 1 1 1 10 7 12 1 1 1 10 12 1 1 10 12 1 1 10 12 1 1 10 12 1 10 12 1 1 100 1 100 1 10 12 1 10 7 12 1 1 1 10 7 12 1 1 10 12 1 10 12 10 12 1 1 10 12 1 1 10 12 1 1 100 1 10 12 1 1 10 12 1 1 10 12 1 100 1 10 11 12 1 1 11 100 12 1 1 1 11 12 1 10 12 1 10 12 1 10 12 1 1 100 1 10 12 1 1 10 10 12 1 1 10 12 1 8 1 8 1 8 1 8 1 10 12 1 1 10 12 1 1 11 12 1 100 1 10 100 12 1 1 10 12 1 10 12 1 1 10 100 12 1 1 10 12 1 10 100 12 1 1 1 11 100 12 1 1 1 10 12 1 100 1 8 1 10 100 1 10 12 1 7 1 10 12 1 10 12 1 1 7 1 10 12 1 10 12 1 1 11 100 12 1 1 100 1 10 12 1 10 12 1 1 11 100 12 1 1 10 12 1 1 10 12 1 1 10 12 1 1 10 12 1 1 11 100 12 1 1 10 12 1 1 100 1 100 1 100 1 1 1 1 5 0 1 3 1 1 1 1 1 1 1 1 1 1 1 1 1 1 1 1 1 1 1 1 1 1 1 1 1 1 1 1 1 1 1 1 1 1 1 1 1 1 1 1 1 1 1 1 1 1 1 1 1 1 1 1 1 1 1 1 1 1 1 1 1 1 1 1 1 1 1 1 1 1 1 1 1 1 1 1 1 1 1 1 1 1 1 1 1 1 1 1 1 1 1 1 1 1 1 1 100 1 1 1 1 100 1 1 1 1 1 1 1 1 1 1 1 1 1 1 1 1 1 1 1 1 1 1 1 1 1 1 1 1 1 100 1 1 1 1 1 1 1 1 1 1 1 1 1 1 1 1 1 1 100 1 100 1 1 1 1 1 1
staticfield java/util/ArrayList EMPTY_ELEMENTDATA [Ljava/lang/Object; 0 [Ljava/lang/Object;
staticfield java/util/ArrayList DEFAULTCAPACITY_EMPTY_ELEMENTDATA [Ljava/lang/Object; 0 [Ljava/lang/Object;
ciInstanceKlass java/util/concurrent/ConcurrentHashMap 1 1 1210 7 1 7 1 3 10 12 1 1 3 100 1 10 7 12 1 1 1 100 1 10 100 12 1 1 1 100 1 11 12 1 1 11 12 1 11 12 1 1 9 12 1 1 9 12 1 1 9 12 1 10 7 12 1 1 1 7 1 10 12 1 1 10 12 1 1 10 7 12 1 1 1 4 10 12 1 9 12 1 10 12 1 1 100 1 10 5 0 10 12 1 10 12 1 1 5 0 10 12 1 1 10 12 1 9 12 1 1 10 12 1 1 9 12 1 9 12 1 1 10 12 1 1 9 12 1 10 12 1 1 9 12 1 1 10 12 1 1 100 1 10 100 1 10 12 1 10 12 1 1 10 12 1 1 10 12 1 1 10 12 1 10 12 1 1 10 12 1 1 7 1 10 12 1 1 7 1 100 1 8 1 10 12 1 10 12 1 1 10 12 1 1 11 7 12 1 1 10 12 1 1 11 12 1 1 11 7 12 1 1 1 11 7 12 1 1 1 11 12 1 7 1 11 12 1 11 12 1 10 12 1 1 10 12 1 1 9 12 1 1 10 7 12 1 1 1 9 10 12 1 1 9 12 1 10 12 1 1 5 0 9 12 1 1 7 1 10 12 1 9 12 1 1 7 1 10 12 1 9 12 1 7 1 10 100 1 10 10 12 1 1 8 1 10 12 1 10 12 1 1 11 100 1 10 12 1 10 100 12 1 1 1 8 1 10 100 12 1 1 1 8 1 10 12 1 8 1 10 12 1 10 12 1 1 10 100 12 1 1 10 12 1 10 12 1 10 12 1 9 12 1 9 10 12 1 9 12 1 1 11 100 12 1 1 1 11 100 12 1 1 1 100 1 10 12 11 100 12 1 1 10 11 7 12 1 10 12 1 100 1 10 12 1 100 1 10 10 9 7 12 1 1 1 10 12 3 10 7 12 1 1 9 12 1 10 12 1 1 9 12 1 1 9 12 1 10 12 1 1 10 7 12 1 1 9 12 1 9 7 12 1 1 10 12 1 1 10 12 1 3 9 12 1 9 12 1 10 12 1 1 7 1 9 3 9 12 1 100 1 10 12 1 9 12 1 10 12 1 9 12 1 10 12 1 9 12 1 10 100 12 1 1 1 100 10 12 1 100 1 5 0 10 100 12 1 1 100 1 10 12 1 1 10 12 1 10 12 1 100 1 10 12 1 10 100 1 100 1 10 10 12 1 10 100 1 10 12 1 10 100 1 10 12 1 10 100 1 10 12 1 1 100 1 10 12 1 10 10 12 1 100 1 10 12 1 10 10 12 1 100 1 10 12 1 10 100 1 10 12 1 10 100 1 10 12 1 10 100 1 10 12 1 10 100 1 10 12 1 10 100 1 10 12 1 10 100 1 10 12 1 10 100 1 10 12 1 10 100 1 10 10 100 1 10 10 100 1 10 10 100 1 10 12 1 10 100 1 10 12 1 10 100 1 10 12 1 10 100 1 10 12 1 10 100 1 10 12 1 10 100 1 10 10 100 1 10 10 100 1 10 10 100 1 10 12 1 10 100 1 10 12 1 10 100 1 10 12 1 10 100 1 10 12 1 10 100 1 10 12 1 10 10 12 1 10 7 12 1 1 1 10 12 1 7 1 7 1 10 12 1 9 12 1 1 9 12 1 1 10 12 1 1 8 10 12 1 1 8 8 8 8 7 10 12 1 1 10 12 1 100 1 8 1 10 7 1 100 1 100 1 1 1 5 0 1 1 3 1 3 1 1 1 1 3 1 3 1 3 1 1 1 1 1 3 1 3 1 3 1 1 1 1 1 1 1 1 1 1 1 1 1 1 1 1 1 1 1 1 1 1 1 1 1 100 1 1 1 1 1 1 1 1 1 1 1 1 1 1 1 1 1 1 1 1 1 1 1 1 1 1 1 1 1 1 1 1 1 1 1 1 1 1 1 1 1 1 1 1 1 1 1 1 1 1 1 1 1 1 1 1 1 1 1 1 1 1 1 1 1 1 1 1 1 1 1 1 1 1 1 1 1 1 1 1 1 1 1 1 100 1 1 1 1 1 1 1 1 1 1 1 100 1 1 1 1 1 1 1 1 1 1 1 1 1 1 1 1 1 1 1 1 1 1 1 1 1 1 1 1 1 1 1 1 1 1 1 1 1 1 1 1 1 1 1 1 1 1 1 1 1 1 1 1 1 1 1 1 1 1 1 1 1 1 1 1 1 1 1 1 1 1 1 1 1 1 1 1 1 1 1 1 1 1 1 1 1 1 1 1 1 1 1 1 1 1 1 1 1 1 1 1 1 1 1 1 1 1 1 1 1 1 1 1 1 1 1 1 1 1 1 1 1 1 1 1 1 1 1 1 1 1 1 1 1 1 1 1 1 1 1 1 1 1 1 1 1 1 1 1 1 1 1 1 1 1 1 1 1 1 1 1 1 1 1 1 1 1 1 1 1 1 1 1 1 1 1 1 1 1 1 1 1 1 1 1 1 1 1 1 1 1 1 1 1 1 1 1 1 1 1 1 1 1 1 1 1 1 1 1 1 1 1 1 1 1 1 1 1 1 1 1 1 1 1 100 1 100 1 100 1 100 1 100 1 100 1 100 1 100 1 100 1 1 1 1 1 1 1 1 1 1 1 1 1 1 1 1 1 1 1 1 1 1 1 1 1 1 1 1 1 1 1 1 1 1 1 1 1 1 1 1 1 1 1 1 1 1 1 1 1 1 1 1 1 1 1 1 1 1
staticfield java/util/concurrent/ConcurrentHashMap NCPU I 16
staticfield java/util/concurrent/ConcurrentHashMap serialPersistentFields [Ljava/io/ObjectStreamField; 3 [Ljava/io/ObjectStreamField;
staticfield java/util/concurrent/ConcurrentHashMap U Ljdk/internal/misc/Unsafe; jdk/internal/misc/Unsafe
staticfield java/util/concurrent/ConcurrentHashMap SIZECTL J 20
staticfield java/util/concurrent/ConcurrentHashMap TRANSFERINDEX J 32
staticfield java/util/concurrent/ConcurrentHashMap BASECOUNT J 24
staticfield java/util/concurrent/ConcurrentHashMap CELLSBUSY J 36
staticfield java/util/concurrent/ConcurrentHashMap CELLVALUE J 144
staticfield java/util/concurrent/ConcurrentHashMap ABASE I 16
staticfield java/util/concurrent/ConcurrentHashMap ASHIFT I 2
ciInstanceKlass java/lang/String 1 1 1396 10 7 12 1 1 1 8 1 9 7 12 1 1 1 9 12 1 1 9 12 1 1 10 12 1 10 12 1 1 10 12 1 1 9 12 1 1 10 7 12 1 1 1 10 7 1 10 7 12 1 1 1 10 12 1 1 10 12 1 1 10 12 1 10 12 1 1 10 12 1 10 7 12 1 1 1 9 7 12 1 1 1 10 7 12 1 1 1 10 12 1 1 10 12 1 1 10 12 1 1 10 12 1 1 10 12 1 1 9 7 12 1 1 10 12 9 7 12 1 1 3 10 7 12 1 1 1 7 1 11 12 1 1 11 12 1 11 12 1 1 10 100 12 1 1 1 10 12 1 1 9 100 12 1 1 1 10 12 1 1 10 12 1 11 12 1 1 10 12 1 1 10 12 10 12 1 1 10 100 12 1 1 1 10 7 12 1 1 1 10 12 1 1 100 1 100 1 10 12 1 10 12 1 10 12 1 1 100 1 10 12 1 1 100 1 10 12 1 1 10 12 1 1 10 10 12 1 100 1 100 1 100 1 10 12 1 10 12 1 1 10 12 1 1 10 12 1 10 12 1 1 10 12 1 1 10 100 12 1 1 100 1 11 11 12 1 11 12 1 10 12 1 1 10 12 1 10 12 10 12 1 1 10 10 100 12 1 1 1 10 100 12 1 1 10 12 1 1 10 100 12 1 1 10 12 1 10 12 1 1 10 12 1 1 10 12 1 10 12 1 10 12 1 1 100 1 10 12 1 1 10 12 10 12 1 10 12 1 1 10 100 12 1 1 1 10 12 1 10 12 1 1 10 12 1 10 12 1 3 3 10 12 1 10 12 1 1 10 12 1 1 10 12 1 1 10 12 1 10 12 1 1 10 12 1 1 10 12 1 10 12 1 10 12 1 10 12 1 1 10 12 1 10 12 1 10 12 1 10 12 1 10 12 1 10 12 1 10 100 1 10 8 1 10 12 1 1 10 12 1 8 1 10 12 1 1 10 12 10 12 1 8 1 10 10 12 1 1 10 12 1 1 10 12 1 10 12 1 1 10 12 10 100 1 10 10 12 1 10 12 1 10 12 1 10 10 12 1 10 12 1 1 10 12 1 100 1 10 10 12 1 100 1 10 10 12 1 10 12 1 1 10 12 1 10 12 1 1 10 10 12 1 1 10 100 1 10 10 12 1 10 12 1 1 10 12 1 1 10 100 1 10 12 1 10 12 1 10 12 1 10 12 1 1 10 12 1 11 7 1 11 12 10 12 1 10 12 1 1 10 12 1 1 10 10 12 1 10 12 1 9 12 1 1 11 7 12 1 1 1 10 10 12 1 10 12 1 1 10 10 12 1 10 12 1 10 12 1 1 9 12 1 10 12 1 1 10 10 12 1 1 10 12 10 10 12 1 10 12 10 10 12 10 10 12 1 10 12 1 10 12 10 10 12 10 12 1 10 12 10 12 10 10 12 1 10 12 1 1 10 12 1 10 10 12 1 10 7 12 1 1 1 10 12 1 1 10 10 100 12 1 1 1 11 10 12 1 10 12 1 1 10 12 1 1 10 100 12 1 1 1 10 12 1 10 10 12 1 10 12 1 10 12 1 10 100 12 1 1 10 12 1 100 1 100 1 8 1 10 10 10 12 1 8 1 10 12 1 3 3 7 1 10 10 12 1 10 12 1 10 12 1 1 10 12 1 1 11 7 12 1 1 1 7 1 10 12 1 1 10 12 1 10 12 1 1 10 12 1 1 8 1 10 12 1 1 10 12 1 11 100 12 1 1 1 11 100 12 1 1 11 12 1 1 10 12 1 10 12 1 1 10 10 7 12 1 1 1 10 12 1 10 12 1 10 10 12 10 12 1 1 10 10 12 1 10 10 12 1 10 10 12 1 10 10 12 1 10 12 1 1 10 10 12 1 8 1 10 12 1 1 18 12 1 1 11 100 12 1 1 1 100 1 3 18 12 1 18 12 1 8 1 10 100 12 1 1 1 11 12 1 1 10 12 10 10 12 1 10 11 12 1 1 10 12 1 1 11 12 1 18 3 11 10 12 1 11 11 10 12 1 10 12 1 1 8 1 10 12 1 10 12 1 10 12 1 1 10 10 12 1 11 100 12 1 100 1 100 1 10 12 1 100 1 10 10 100 12 1 1 1 100 1 10 100 1 10 10 12 1 10 10 12 1 8 1 10 10 12 1 8 1 8 1 10 12 1 10 12 1 10 10 12 10 100 12 1 1 10 100 12 1 1 10 100 12 1 1 8 1 10 12 1 10 12 1 1 10 10 12 8 1 8 1 10 8 1 8 1 8 1 8 1 10 12 1 10 12 1 8 1 10 100 12 1 1 1 10 12 10 12 1 1 10 12 10 10 12 10 12 7 1 9 12 1 1 7 1 10 100 1 100 1 100 1 100 1 1 1 1 1 1 5 0 1 1 1 1 1 3 1 3 1 1 1 1 1 1 1 1 1 1 1 1 1 1 1 100 1 1 1 100 1 1 1 1 1 1 1 1 1 1 1 1 1 1 1 1 1 1 1 1 1 1 1 1 1 1 1 100 1 1 1 1 1 1 1 1 1 100 1 1 1 1 1 1 1 1 1 1 1 1 1 1 1 1 1 1 1 1 1 1 1 1 1 1 1 1 1 1 1 1 1 1 1 1 1 1 1 1 1 1 1 1 1 1 1 1 1 1 1 1 1 1 1 1 1 1 1 1 1 1 1 1 1 1 1 1 1 1 1 1 1 1 1 1 1 1 1 1 1 1 1 1 1 1 1 1 1 1 1 1 1 1 1 1 1 1 1 1 1 1 1 1 1 1 1 1 1 1 1 1 1 1 1 1 1 1 1 1 1 1 1 1 1 1 1 1 1 1 1 1 1 1 1 1 1 1 1 1 1 1 1 1 1 1 1 1 1 1 1 1 1 1 1 1 1 1 1 1 1 1 1 1 1 1 1 1 1 100 1 1 1 1 1 1 1 1 1 1 1 1 1 1 1 1 1 1 1 1 1 1 1 1 100 1 1 1 1 1 1 1 1 1 1 1 1 1 100 1 1 1 1 1 1 1 1 1 1 1 1 1 1 1 15 10 100 12 1 1 1 16 15 10 12 16 15 10 12 15 10 12 15 10 12 1 1 1 1 100 1 100 1 1 1
staticfield java/lang/String COMPACT_STRINGS Z 1
staticfield java/lang/String serialPersistentFields [Ljava/io/ObjectStreamField; 0 [Ljava/io/ObjectStreamField;
staticfield java/lang/String CASE_INSENSITIVE_ORDER Ljava/util/Comparator; java/lang/String$CaseInsensitiveComparator
ciInstanceKlass java/security/ProtectionDomain 1 1 324 10 7 12 1 1 1 9 7 12 1 1 1 7 1 10 9 12 1 1 9 12 1 1 9 12 1 1 10 7 12 1 1 7 1 9 12 1 9 12 1 1 7 1 9 12 1 1 9 12 1 10 100 12 1 1 10 100 12 1 1 1 10 12 1 1 10 12 1 9 12 1 9 100 12 1 1 10 12 1 1 10 100 1 10 12 1 1 8 1 100 1 8 1 10 12 1 10 10 100 12 1 1 1 10 12 1 1 8 1 11 8 1 10 12 1 8 1 8 1 10 12 1 1 10 12 1 10 12 1 1 10 12 1 8 1 10 12 1 8 1 8 1 10 100 12 1 1 1 9 100 12 1 1 1 10 12 1 1 9 100 12 1 1 1 10 100 12 1 1 1 100 1 100 1 10 12 1 10 100 12 1 1 1 10 100 1 10 12 1 10 12 1 1 11 100 12 1 1 11 12 1 100 1 11 100 12 1 1 1 10 12 1 10 11 12 1 1 11 12 1 1 10 12 1 10 7 12 1 1 10 100 12 1 1 11 12 1 10 12 8 1 8 1 10 7 12 1 1 1 7 1 10 10 7 12 1 1 1 1 1 1 1 1 1 1 100 1 1 100 1 1 1 1 1 1 1 1 1 1 1 1 1 1 1 1 1 1 1 1 1 1 1 1 1 1 1 1 1 1 1 1 1 1 1 1 1 1 1 1 1 1 100 1 1 1 1 1 100 1 1 1 1 1
staticfield java/security/ProtectionDomain filePermCompatInPD Z 0
ciInstanceKlass java/security/CodeSource 1 1 395 10 7 12 1 1 1 9 7 12 1 1 1 9 12 1 1 9 12 1 1 9 12 1 1 10 7 12 1 1 1 9 12 1 1 10 7 12 1 1 10 7 10 100 12 1 1 1 10 100 12 1 1 1 10 12 1 1 7 1 10 10 7 12 1 1 1 10 7 12 1 1 1 10 12 1 1 10 12 1 7 1 10 12 1 1 10 12 1 1 10 12 1 1 10 12 1 10 10 10 12 1 1 10 100 12 1 1 1 10 12 1 10 12 1 10 12 1 8 1 10 12 1 10 12 1 10 12 1 1 10 12 1 8 1 10 12 1 1 10 100 1 10 10 12 1 1 8 1 10 12 1 10 12 1 10 12 1 8 1 8 1 9 12 1 1 100 1 8 1 10 12 1 10 12 1 1 8 1 10 12 1 8 1 8 1 8 1 10 100 12 1 1 10 12 1 1 10 12 1 10 12 1 1 10 12 1 1 10 12 1 1 100 1 100 1 10 12 1 10 12 10 12 1 1 10 100 12 1 1 10 12 1 100 1 10 12 10 8 1 10 12 1 10 12 1 10 12 1 1 100 1 10 12 1 1 100 1 100 1 8 1 8 1 10 10 12 1 1 10 100 12 1 1 1 100 1 10 12 10 12 1 1 11 100 12 1 1 10 10 12 1 11 10 12 1 8 1 100 1 10 12 1 10 12 1 1 10 12 1 11 12 1 1 11 100 1 1 1 1 5 0 1 1 1 1 1 1 1 1 1 1 1 1 1 1 1 1 1 1 1 1 1 1 1 1 1 1 1 1 1 1 1 1 1 1 1 1 1 1 1 1 1 1 1 1 1 1 1 1 1 1 1 1 1 1 1 1 1 1 1 1 1 1 1 1 1 100 1 1 1 1 1 1 1
ciInstanceKlass java/lang/StringBuilder 1 1 409 10 7 12 1 1 1 10 12 1 10 12 1 10 12 1 1 10 7 12 1 1 1 10 7 12 1 1 1 10 12 1 10 12 1 10 12 1 10 12 1 10 12 1 10 12 1 10 12 1 10 12 1 10 12 1 10 12 1 10 12 1 10 12 1 10 12 1 10 12 1 1 10 12 1 10 12 1 1 10 12 1 1 10 12 1 10 12 1 10 12 1 10 12 1 10 12 1 10 12 1 10 12 1 10 12 10 12 1 10 12 1 10 12 1 10 12 1 1 10 12 1 10 12 1 10 12 10 12 1 1 10 12 1 1 9 12 1 1 9 12 1 1 10 7 12 1 1 1 10 100 1 10 100 12 1 1 1 10 12 1 10 12 1 1 10 12 1 1 10 10 12 1 1 10 100 12 1 1 10 12 1 10 12 1 1 100 1 100 1 8 1 10 10 12 1 1 10 12 1 1 10 12 1 10 12 1 10 12 1 10 12 1 10 12 1 10 12 1 10 12 1 10 12 1 10 12 1 10 12 1 10 12 1 10 12 1 10 12 1 10 12 1 10 12 1 1 10 12 1 1 10 12 1 10 12 1 10 12 1 10 12 10 12 10 12 1 10 12 1 10 12 1 10 12 10 12 1 10 12 1 10 12 1 10 12 1 10 12 1 10 12 1 10 12 1 10 12 1 10 12 1 1 10 12 1 10 12 1 1 10 12 1 10 12 1 1 10 12 1 10 12 1 1 10 12 1 10 12 1 10 12 1 10 10 12 1 10 12 1 100 1 100 1 100 1 1 1 1 5 0 1 1 1 1 1 1 1 1 1 1 1 1 1 1 1 1 1 1 1 1 1 1 1 1 1 1 1 1 1 1 1 1 1 1 1 1 1 1 1 1 1 1 1 100 1 1 1 100 1 1 1 1 1 1 1 1 1 1
ciInstanceKlass jdk/internal/loader/ClassLoaders 1 1 183 10 100 12 1 1 1 10 7 12 1 1 1 10 12 1 1 10 100 12 1 1 1 9 7 12 1 1 1 9 12 1 1 9 12 1 1 7 1 11 100 12 1 1 1 100 1 11 12 1 1 11 12 1 1 10 100 12 1 1 1 10 100 12 1 1 1 100 1 100 1 10 7 12 1 1 1 9 12 1 1 10 12 1 1 7 1 10 12 1 1 10 12 1 7 1 8 1 10 7 12 1 1 1 10 12 1 1 7 1 10 12 1 10 12 1 10 12 1 8 1 10 7 12 1 1 8 1 8 1 10 12 1 7 1 10 12 1 10 12 1 10 12 1 1 1 1 1 1 1 1 1 1 1 1 1 1 1 1 1 1 1 1 100 1 1 1 1 1 1 1 1 1 1 1 1 1 1 1 1 1 1 1
staticfield jdk/internal/loader/ClassLoaders JLA Ljdk/internal/access/JavaLangAccess; java/lang/System$2
staticfield jdk/internal/loader/ClassLoaders BOOT_LOADER Ljdk/internal/loader/ClassLoaders$BootClassLoader; jdk/internal/loader/ClassLoaders$BootClassLoader
staticfield jdk/internal/loader/ClassLoaders PLATFORM_LOADER Ljdk/internal/loader/ClassLoaders$PlatformClassLoader; jdk/internal/loader/ClassLoaders$PlatformClassLoader
staticfield jdk/internal/loader/ClassLoaders APP_LOADER Ljdk/internal/loader/ClassLoaders$AppClassLoader; jdk/internal/loader/ClassLoaders$AppClassLoader
ciInstanceKlass jdk/internal/misc/Unsafe 1 1 1285 10 7 12 1 1 1 9 7 12 1 1 1 9 12 1 1 10 12 1 1 10 7 12 1 1 1 10 12 1 1 10 12 1 1 10 12 1 1 10 12 1 1 10 12 1 1 10 12 1 1 10 12 1 1 10 12 1 1 10 12 1 1 10 12 1 1 10 12 1 1 10 12 1 1 10 12 1 1 10 12 1 10 12 1 100 1 10 10 12 1 1 10 12 1 1 5 0 10 12 1 1 10 12 1 1 10 7 12 1 1 1 10 12 1 1 10 12 1 10 12 1 10 12 1 1 10 12 1 1 10 12 1 10 12 1 100 1 100 1 10 8 1 10 12 1 1 10 12 1 8 1 10 12 1 1 10 12 1 10 12 1 10 12 1 1 10 12 1 10 12 1 1 10 12 1 1 10 12 1 10 12 1 10 12 1 10 12 1 1 10 12 1 10 12 1 10 12 1 1 10 12 1 5 0 5 0 5 0 10 12 1 10 12 1 10 12 1 10 12 1 10 12 1 10 12 1 10 12 1 10 12 1 10 12 1 1 10 12 1 10 12 1 100 1 8 1 10 100 1 10 10 12 1 1 10 12 1 1 10 12 1 10 12 1 1 10 12 1 1 10 12 1 10 12 1 1 10 12 1 9 7 12 1 1 9 12 1 100 1 10 10 12 1 1 8 1 10 8 1 8 1 10 12 1 1 9 7 12 1 1 1 9 100 1 9 100 1 9 7 1 9 9 100 1 9 100 1 9 100 1 10 12 1 1 10 12 1 1 10 12 1 1 10 12 1 1 5 0 5 0 9 12 1 1 10 12 1 10 12 1 10 12 1 1 10 12 1 1 10 12 1 8 1 3 10 12 1 1 10 12 1 1 10 12 1 10 12 1 1 10 12 1 1 10 12 1 10 12 1 10 12 1 10 12 1 10 12 1 10 12 1 1 10 12 1 1 10 12 1 10 12 1 10 12 1 10 12 1 10 12 1 10 12 1 1 10 12 1 1 10 12 1 10 12 1 10 12 1 10 12 1 10 12 1 10 12 1 1 10 12 1 1 10 12 1 1 10 12 1 1 10 12 1 10 12 1 10 12 1 10 12 1 10 12 1 10 12 1 10 12 1 1 10 12 1 1 10 12 1 10 12 1 10 12 1 10 12 1 10 12 1 10 12 1 10 12 1 1 10 12 1 1 10 12 1 10 12 1 10 12 1 10 12 1 10 12 1 10 12 1 10 12 1 10 12 1 1 10 12 1 10 12 1 10 12 1 10 12 1 10 12 1 1 10 12 1 10 12 1 10 12 1 10 12 1 10 12 1 10 12 1 10 12 1 10 12 1 1 10 12 1 10 12 1 10 12 1 10 12 1 10 12 1 10 12 1 1 10 12 1 10 12 1 10 12 1 1 10 12 1 10 12 1 10 12 1 10 12 1 10 12 1 10 12 1 10 12 1 10 12 1 10 12 1 10 12 1 10 12 1 10 12 1 10 12 1 10 12 1 10 12 1 10 12 1 10 12 1 10 12 1 10 12 1 10 12 1 10 12 1 10 12 1 100 1 10 100 1 10 9 12 1 5 0 10 12 1 1 5 0 10 12 1 5 0 10 12 1 10 12 1 10 12 1 1 10 12 1 1 10 12 1 10 12 1 10 12 1 10 12 1 1 10 12 1 10 12 1 10 12 1 10 12 1 10 12 1 1 10 12 1 10 12 1 10 12 1 10 12 1 1 10 12 1 10 12 1 10 12 1 1 10 12 1 10 12 1 10 12 1 10 12 1 1 10 12 1 10 10 12 1 1 10 12 1 10 12 1 1 10 12 1 10 12 5 0 5 0 5 0 10 12 1 1 10 12 1 10 12 1 10 12 10 100 12 1 1 8 1 100 1 11 12 1 1 8 1 11 12 1 1 10 100 12 1 1 10 12 1 10 12 1 10 12 1 10 12 1 10 12 1 1 10 12 1 10 12 1 10 12 1 10 12 1 10 12 1 10 12 1 10 7 1 10 12 1 9 12 1 7 1 9 12 1 7 1 9 12 1 7 1 9 12 1 7 1 9 12 1 7 1 9 12 1 7 1 9 12 1 7 1 9 12 1 7 1 9 12 1 10 12 1 9 12 1 9 12 1 9 12 1 9 12 1 9 12 1 9 12 1 9 12 1 9 12 1 9 12 1 9 12 1 1 1 3 1 1 1 1 1 1 1 1 1 1 1 1 1 1 1 1 1 1 1 1 1 1 1 1 1 1 1 1 1 1 1 1 1 1 1 1 1 1 1 1 1 1 1 1 1 1 1 1 1 1 1 1 1 1 1 1 1 1 1 1 1 1 1 1 1 1 1 1 1 1 1 1 1 1 1 1 1 1 1 1 1 1 1 1 1 1 1 1 1 100 1 1 1 1 1 1 1 1 1 1 1 1 1 1 1 1 1 1 1 1 1 1 1 1 1 1 1 1 1 1 1 1 1 1 1 1 1 1 1 1 1 1 1 1 1 1 1 1 1 1 1 1 1 1 1 1 1 1 1 1 1 1 1 1 1 1 1 1 1 1 1 1 1 1 1 1 1 1 1 1 1 1 1 1 1 1 1 1 1 1 1 1 1 1 1 1 1 1 1 1 1 1 1 1 1 1 1 1 1 1 1 1 1 1 1 1 1 1 1 1 1 1 1 1 1 1 1 1 1 1 1 1 1 1 1 1 1 1 1 1 1 1 1 1 1 1 1 1 1 1 1 1 1 1 1 1 1 1 1 1 1 1 1 1 1 1 1 1 1 1 1 1 1 1 1 1 1 1 1 1 1 1 1 1 1 1 1 1 1 1 1 1 1 1 1 1 1 1 1 1 1 1 1 1 1 1 1 3 1 1 1 1 1 1 1 1 1 1 1 1 1 1 1 1 1 1 1 1 1
staticfield jdk/internal/misc/Unsafe theUnsafe Ljdk/internal/misc/Unsafe; jdk/internal/misc/Unsafe
staticfield jdk/internal/misc/Unsafe ARRAY_BOOLEAN_BASE_OFFSET I 16
staticfield jdk/internal/misc/Unsafe ARRAY_BYTE_BASE_OFFSET I 16
staticfield jdk/internal/misc/Unsafe ARRAY_SHORT_BASE_OFFSET I 16
staticfield jdk/internal/misc/Unsafe ARRAY_CHAR_BASE_OFFSET I 16
staticfield jdk/internal/misc/Unsafe ARRAY_INT_BASE_OFFSET I 16
staticfield jdk/internal/misc/Unsafe ARRAY_LONG_BASE_OFFSET I 16
staticfield jdk/internal/misc/Unsafe ARRAY_FLOAT_BASE_OFFSET I 16
staticfield jdk/internal/misc/Unsafe ARRAY_DOUBLE_BASE_OFFSET I 16
staticfield jdk/internal/misc/Unsafe ARRAY_OBJECT_BASE_OFFSET I 16
staticfield jdk/internal/misc/Unsafe ARRAY_BOOLEAN_INDEX_SCALE I 1
staticfield jdk/internal/misc/Unsafe ARRAY_BYTE_INDEX_SCALE I 1
staticfield jdk/internal/misc/Unsafe ARRAY_SHORT_INDEX_SCALE I 2
staticfield jdk/internal/misc/Unsafe ARRAY_CHAR_INDEX_SCALE I 2
staticfield jdk/internal/misc/Unsafe ARRAY_INT_INDEX_SCALE I 4
staticfield jdk/internal/misc/Unsafe ARRAY_LONG_INDEX_SCALE I 8
staticfield jdk/internal/misc/Unsafe ARRAY_FLOAT_INDEX_SCALE I 4
staticfield jdk/internal/misc/Unsafe ARRAY_DOUBLE_INDEX_SCALE I 8
staticfield jdk/internal/misc/Unsafe ARRAY_OBJECT_INDEX_SCALE I 4
staticfield jdk/internal/misc/Unsafe ADDRESS_SIZE I 8
ciInstanceKlass java/lang/ThreadGroup 1 1 293 10 7 12 1 1 1 9 7 12 1 1 1 8 1 9 12 1 1 7 1 9 12 1 9 12 1 1 10 12 1 1 10 12 1 1 10 12 1 10 12 1 1 10 12 1 9 12 1 1 10 12 1 1 10 12 1 9 12 1 10 100 12 1 1 1 9 12 1 9 12 1 1 10 7 12 1 1 1 100 10 12 1 1 10 7 12 1 1 1 10 100 12 1 9 12 1 10 12 1 1 10 12 1 1 9 12 1 1 10 12 1 1 10 12 1 10 12 1 10 12 1 1 10 12 1 1 10 12 1 10 12 1 10 10 12 1 10 12 1 10 100 1 10 10 12 1 10 12 1 10 12 1 7 10 12 1 9 12 1 1 10 12 1 1 8 1 10 100 12 1 1 1 10 12 1 1 10 12 1 1 10 12 1 1 11 100 1 100 1 9 12 1 100 1 10 8 1 10 12 1 1 10 12 1 1 8 1 10 12 1 10 100 12 1 1 1 10 12 1 1 10 100 1 8 1 10 8 1 10 12 1 8 1 1 1 1 1 1 1 1 1 1 1 1 1 1 1 1 1 3 1 1 1 1 1 1 1 1 1 1 1 1 1 1 1 1 1 1 1 1 1 1 1 1 1 1 1 1 1 1 1 1 1 1 1 1 1 1 1 1 1 1
instanceKlass java/security/Provider
ciInstanceKlass java/util/Properties 1 1 651 10 7 12 1 1 1 100 1 10 7 12 1 1 7 1 10 12 1 9 12 1 1 9 12 1 1 9 12 1 1 10 7 12 1 1 1 10 12 1 1 8 1 10 7 12 1 1 1 7 1 10 12 1 10 12 1 1 8 1 10 12 1 7 1 10 12 10 12 1 1 9 12 1 1 10 12 1 1 7 1 10 12 1 10 12 1 10 12 1 1 100 1 8 1 10 12 1 10 12 1 10 12 1 1 10 12 1 100 1 3 10 10 100 12 1 1 1 10 12 1 10 12 1 1 8 1 10 12 1 10 12 1 1 8 1 10 100 12 1 1 10 12 1 1 10 12 1 10 12 1 1 100 1 10 12 1 10 12 1 1 100 1 9 100 12 1 1 1 10 12 1 10 12 1 1 100 1 10 10 10 12 1 1 11 7 12 1 1 1 11 7 12 1 1 1 11 12 1 1 7 1 11 12 1 11 12 1 10 12 1 1 8 1 10 12 1 10 12 1 100 1 10 10 12 1 1 10 100 12 1 1 9 100 12 1 1 10 12 1 1 10 100 12 1 1 1 100 1 100 1 100 1 10 8 1 8 1 10 12 1 10 12 1 10 12 1 1 10 10 12 1 1 10 12 1 1 7 1 10 10 12 1 11 7 12 1 1 10 7 12 1 1 1 8 1 10 100 12 1 1 11 8 1 10 100 1 11 10 12 1 10 12 1 10 12 1 10 12 1 1 10 12 1 1 10 12 1 1 10 12 1 10 12 1 10 10 12 1 10 12 1 10 12 1 10 10 12 1 1 10 12 1 1 7 1 10 10 12 1 10 12 1 10 12 1 10 12 1 10 12 1 1 10 12 1 1 10 12 1 10 12 1 10 12 1 1 10 12 10 12 1 1 10 12 1 1 10 12 1 10 12 1 1 10 12 1 1 10 12 100 1 10 11 100 12 1 1 4 11 10 12 1 1 10 100 12 1 1 11 12 1 10 12 1 1 10 100 12 1 1 10 12 1 100 1 8 1 10 12 1 10 10 100 12 1 1 1 100 1 6 0 10 12 1 1 11 100 12 1 1 1 10 12 1 10 12 1 1 1 1 1 5 0 1 1 1 1 1 1 1 1 1 1 1 1 1 1 1 1 1 1 1 1 1 1 1 1 1 1 1 1 1 1 1 1 1 1 1 1 1 1 1 1 100 1 1 1 1 1 1 1 1 1 1 1 1 1 1 1 1 1 1 1 1 100 1 1 1 1 1 1 1 100 1 100 1 1 1 1 100 1 1 1 1 1 1 1 1 1 1 1 1 1 1 1 1 1 1 1 1 1 1 1 1 1 1 1 1 1 1 1 1 1 1 1 1 1 1 1 1 1 1 1 1 1 1 1 1 1 1 1 1 1 1 1 1 1 1 1 1 1 1 1 1 1 1 1 1 1 1 1 1 1 1 1 1 100 1 1 1 1 1 1 1 1 1 100 1 1 1
staticfield java/util/Properties UNSAFE Ljdk/internal/misc/Unsafe; jdk/internal/misc/Unsafe
instanceKlass java/util/Hashtable
ciInstanceKlass java/util/Dictionary 1 1 36 10 7 12 1 1 1 100 1 1 1 1 1 1 1 1 1 1 1 1 1 1 1 1 1 1 1 1 1 1 1 1 1 1 1 1
instanceKlass java/util/Properties
ciInstanceKlass java/util/Hashtable 1 1 512 100 1 10 7 12 1 1 1 9 7 12 1 1 1 100 1 100 1 10 8 1 10 12 1 1 10 12 1 10 12 1 1 10 12 1 10 7 12 1 1 1 8 1 10 12 1 9 12 1 1 7 1 9 12 1 1 4 10 7 12 1 1 1 9 12 1 4 10 12 1 11 100 12 1 1 1 10 12 1 1 10 12 1 1 9 12 1 10 12 1 1 100 1 10 9 12 1 1 10 7 12 1 1 1 9 12 1 1 10 12 1 10 12 1 3 9 12 1 9 12 1 3 10 12 1 10 12 1 10 12 1 1 11 12 1 1 11 100 12 1 1 1 11 100 12 1 1 1 11 12 1 100 1 11 12 1 11 12 1 10 12 1 1 10 12 1 1 10 12 1 9 12 1 1 9 12 9 12 1 1 10 100 1 100 1 10 12 1 10 8 1 10 10 12 1 8 1 10 8 1 10 100 12 1 1 1 100 1 10 12 1 10 12 1 100 1 10 12 1 10 12 1 1 100 1 10 100 1 10 10 12 1 1 11 12 1 1 11 12 1 100 1 10 10 10 100 12 1 1 11 100 12 1 1 1 100 1 10 11 100 12 1 1 11 100 12 1 10 12 1 10 12 1 1 10 100 12 1 1 10 12 1 1 10 12 1 1 10 12 1 1 10 100 12 1 1 1 8 10 100 12 1 1 100 1 8 1 10 4 10 12 4 10 12 1 8 1 10 12 10 100 12 1 1 1 100 1 11 100 12 1 1 1 10 100 12 1 1 1 10 12 1 10 12 1 1 10 100 1 100 1 1 1 1 1 1 5 0 1 1 1 1 1 3 1 3 1 3 1 1 1 1 1 1 1 1 1 1 1 1 1 1 1 1 1 1 1 1 1 1 1 1 1 100 1 1 1 1 1 1 1 1 1 1 1 1 1 1 1 1 1 1 1 1 1 1 1 1 1 1 1 1 1 100 1 1 1 1 1 1 1 1 1 1 1 1 1 1 1 1 1 1 1 1 1 1 1 1 1 1 1 1 1 1 1 1 1 1 1 1 1 1 1 1 1 1 1 1 1 1 1 1 1 1 1 1 1 1 1 1 1 1 100 1 1 1 100 1 1 1 1 1 100 1 1 1 1 1 1 1 1 1 1 1 1 1 1 1 1 1 1
instanceKlass java/util/jar/JarVerifier$VerifierStream
instanceKlass java/util/zip/ZipFile$ZipFileInputStream
instanceKlass java/io/FilterInputStream
instanceKlass java/io/FileInputStream
instanceKlass java/io/ByteArrayInputStream
ciInstanceKlass java/io/InputStream 1 1 184 100 1 10 7 12 1 1 1 100 1 10 10 7 12 1 1 1 10 7 12 1 1 1 10 12 1 100 1 3 10 12 1 1 100 1 8 1 10 12 1 10 7 12 1 1 1 3 100 1 8 1 10 10 7 12 1 1 1 7 1 10 11 7 12 1 1 1 10 12 1 1 11 12 1 1 11 7 12 1 1 1 11 12 1 1 7 1 10 7 12 1 1 1 5 0 10 12 1 10 12 1 1 100 1 10 8 1 10 8 1 8 1 10 12 1 1 10 100 12 1 1 1 100 1 1 1 1 3 1 3 1 1 1 1 1 1 1 1 1 1 1 1 1 1 1 1 1 1 1 1 1 1 1 1 1 1 1 1 1 1 1 1 1 1 1 1 1 1 1 1 1 1 1 1 1 1 1 1 1 1 1 1 1
ciInstanceKlass java/io/ByteArrayInputStream 1 1 96 10 7 12 1 1 1 9 7 12 1 1 1 9 12 1 1 9 12 1 9 12 1 10 100 12 1 1 1 10 7 12 1 1 1 10 7 12 1 1 1 10 100 12 1 1 1 10 12 1 1 10 100 12 1 1 1 1 1 1 1 1 1 1 1 1 1 1 1 1 1 1 1 1 1 1 1 1 1 1 1 100 1 1 1 1 1 1 1 1 1 1 1 1 1 1
instanceKlass java/util/concurrent/ForkJoinWorkerThread
instanceKlass jdk/internal/misc/InnocuousThread
instanceKlass java/lang/ref/Finalizer$FinalizerThread
instanceKlass java/lang/ref/Reference$ReferenceHandler
ciInstanceKlass java/lang/Thread 1 1 612 9 7 12 1 1 1 9 12 1 1 10 12 1 1 9 12 1 1 9 12 1 1 100 1 8 1 10 12 1 1 3 8 1 100 1 5 0 10 12 1 1 10 7 12 1 1 9 12 1 1 9 12 1 9 12 1 1 9 12 1 100 1 8 1 10 9 12 1 1 10 7 12 1 1 1 10 100 12 1 1 1 10 10 7 12 1 1 10 12 1 1 10 12 1 1 9 100 12 1 1 1 10 12 1 1 10 12 1 9 12 1 1 10 12 1 1 10 12 1 1 9 12 1 10 12 1 1 9 12 1 1 10 7 12 1 1 1 9 12 1 1 9 12 1 1 10 12 1 1 10 100 12 1 1 1 9 12 1 10 12 1 1 9 12 1 100 1 10 100 1 10 8 1 10 12 1 1 10 12 1 10 12 1 10 12 1 1 10 12 1 10 12 1 9 12 1 100 1 10 10 12 1 1 10 12 1 10 12 1 100 1 11 7 12 1 1 9 100 12 1 1 1 10 12 1 10 12 1 10 12 9 12 1 1 10 9 12 1 10 12 1 100 1 10 10 12 1 1 9 12 1 10 12 1 11 100 12 1 1 10 12 1 9 12 1 10 12 1 10 12 1 10 10 12 1 10 12 1 10 12 1 10 12 1 10 12 1 1 100 1 10 10 12 1 10 12 1 10 12 1 9 100 12 1 1 1 10 12 1 1 10 12 1 100 1 8 1 10 10 12 1 10 12 8 1 10 12 1 8 1 10 8 1 8 1 10 100 12 1 1 10 100 12 1 1 1 100 1 8 1 10 9 12 1 9 12 1 1 10 12 1 1 10 10 12 1 1 9 12 1 10 12 1 1 100 1 10 12 11 100 12 1 1 1 9 100 12 1 1 1 9 12 1 1 10 12 1 1 100 1 10 12 1 11 100 12 1 1 1 100 1 10 12 1 10 12 1 1 11 12 1 10 12 1 100 1 10 12 1 10 12 1 1 10 100 12 1 1 1 8 1 9 12 1 10 12 1 1 11 100 12 1 1 1 10 100 12 1 1 1 11 12 1 10 12 1 7 1 1 1 1 3 1 3 1 3 1 1 1 1 1 1 1 1 1 1 1 1 1 1 1 1 1 1 1 100 1 1 1 1 1 1 1 1 1 1 1 1 100 1 100 1 1 1 1 1 1 1 1 1 1 1 1 1 1 1 1 1 1 1 1 1 1 1 1 1 1 1 1 1 1 1 1 1 1 1 1 1 1 1 1 1 1 1 100 100 1 1 1 1 1 1 1 1 1 100 1 1 1 1 1 1 1 1 1 1 1 1 1 1 1 1 1 1 1 1 1 1 1 1 1 1 1 1 100 1 1 1 1 1 1 100 1 1 100 1 1 1 1 1 1
staticfield java/lang/Thread EMPTY_STACK_TRACE [Ljava/lang/StackTraceElement; 0 [Ljava/lang/StackTraceElement;
ciInstanceKlass java/lang/invoke/MethodHandleStatics 1 1 312 10 100 12 1 1 1 9 7 12 1 1 1 9 12 1 9 12 1 9 12 1 9 12 1 9 12 1 9 100 12 1 1 1 100 1 10 8 1 10 12 1 1 10 100 12 1 1 1 8 1 10 100 12 1 1 1 10 12 1 1 8 1 8 1 10 12 1 10 100 12 1 1 1 10 7 12 1 1 1 8 1 10 12 1 1 8 1 8 1 8 1 8 1 10 12 1 1 100 1 10 12 10 12 1 10 12 1 100 1 10 10 12 1 1 100 1 10 10 12 1 100 1 100 1 8 1 8 1 10 12 1 8 1 100 1 10 12 1 8 1 10 10 12 1 10 7 12 1 1 1 9 12 1 1 10 7 12 1 1 1 8 1 10 7 12 1 1 10 7 12 1 1 1 8 1 8 1 8 1 8 1 8 1 8 1 10 12 1 10 7 12 1 1 1 9 12 1 1 8 1 8 1 8 1 8 1 9 12 1 8 1 9 12 1 8 1 8 1 9 12 1 8 1 8 1 9 12 1 8 1 9 12 1 8 1 9 12 1 8 1 8 1 9 12 1 8 1 10 12 1 1 1 1 1 1 1 1 1 1 1 1 1 1 1 1 1 1 1 1 1 100 1 100 1 100 1 1 1 1 1 1 1 1 1 1 1 1 1 1 1 1 1 1 1 1 1 1 1 1 1 1 1 1 1 1 1 1 1 1 1 1
staticfield java/lang/invoke/MethodHandleStatics UNSAFE Ljdk/internal/misc/Unsafe; jdk/internal/misc/Unsafe
staticfield java/lang/invoke/MethodHandleStatics DEBUG_METHOD_HANDLE_NAMES Z 0
staticfield java/lang/invoke/MethodHandleStatics DUMP_CLASS_FILES Z 0
staticfield java/lang/invoke/MethodHandleStatics TRACE_INTERPRETER Z 0
staticfield java/lang/invoke/MethodHandleStatics TRACE_METHOD_LINKAGE Z 0
staticfield java/lang/invoke/MethodHandleStatics TRACE_RESOLVE Z 0
staticfield java/lang/invoke/MethodHandleStatics COMPILE_THRESHOLD I 0
staticfield java/lang/invoke/MethodHandleStatics LOG_LF_COMPILATION_FAILURE Z 0
staticfield java/lang/invoke/MethodHandleStatics DONT_INLINE_THRESHOLD I 30
staticfield java/lang/invoke/MethodHandleStatics PROFILE_LEVEL I 0
staticfield java/lang/invoke/MethodHandleStatics PROFILE_GWT Z 1
staticfield java/lang/invoke/MethodHandleStatics CUSTOMIZE_THRESHOLD I 127
staticfield java/lang/invoke/MethodHandleStatics VAR_HANDLE_GUARDS Z 1
staticfield java/lang/invoke/MethodHandleStatics MAX_ARITY I 255
staticfield java/lang/invoke/MethodHandleStatics VAR_HANDLE_IDENTITY_ADAPT Z 0
ciMethod java/lang/System arraycopy (Ljava/lang/Object;ILjava/lang/Object;II)V 768 0 384 0 -1
ciMethod java/lang/System lineSeparator ()Ljava/lang/String; 0 0 1 0 -1
ciInstanceKlass java/lang/StringLatin1 1 1 380 7 1 10 100 12 1 1 1 100 1 10 12 1 10 7 12 1 1 1 10 100 12 1 1 1 10 12 1 10 7 12 1 1 1 10 12 1 1 10 7 12 1 1 1 10 12 1 1 10 12 1 1 10 10 12 1 10 12 1 1 10 9 7 12 1 1 1 10 12 1 1 10 7 12 1 1 1 10 12 10 12 1 1 10 12 1 1 10 12 1 1 10 7 12 1 1 1 10 12 1 10 12 1 1 9 12 1 1 100 1 10 10 100 12 1 1 1 10 7 12 1 1 1 10 12 1 10 12 1 100 1 100 1 8 1 10 12 1 8 1 10 12 100 1 10 10 10 7 12 1 1 1 8 1 8 1 8 1 10 12 1 1 10 100 12 1 1 10 12 1 10 12 1 1 10 12 1 1 10 12 1 1 10 12 1 10 12 10 12 10 12 1 10 12 10 10 12 1 10 12 1 10 12 1 10 100 12 1 1 1 10 100 12 1 1 1 10 12 1 1 10 12 1 1 10 10 7 12 1 1 1 1 1 1 1 1 1 1 1 1 1 1 1 1 1 1 1 1 1 1 1 1 1 1 1 1 1 1 1 1 1 1 1 1 1 1 1 1 1 1 1 1 1 1 1 1 1 1 1 1 100 1 1 1 1 1 1 1 1 1 1 1 1 1 1 1 1 1 1 1 1 1 1 1 1 1 1 1 1 1 1 1 1 1 1 1 1 1 1 1 1 1 1 1 1 100 1 1 1 1 1 1 1 1 1 1 1 1 1 1 1 1 1 1 1 1 1 100 1 1 1 1 1 1 1 1 1 1 1 1 1 1 1 1 1 1 1 1 1 1 1 1 1 1 100 1 1 1 1
staticfield java/lang/StringLatin1 $assertionsDisabled Z 1
ciInstanceKlass java/lang/Math 1 1 395 10 100 12 1 1 1 10 7 12 1 1 1 10 12 1 10 12 1 10 12 1 10 12 1 10 12 1 7 1 6 0 6 0 10 12 1 10 12 1 10 12 1 10 12 1 10 12 1 10 12 1 1 10 12 1 10 12 1 10 12 1 10 12 1 10 12 1 10 7 12 1 1 1 100 1 3 3 3 10 7 12 1 1 1 100 1 5 0 5 0 5 0 5 0 5 0 9 100 12 1 1 1 10 100 12 1 1 1 100 1 8 1 10 12 1 8 1 10 12 1 1 10 12 1 1 100 1 5 0 5 0 100 1 3 5 0 3 5 0 10 12 1 10 12 1 8 1 10 12 1 8 1 9 12 1 1 9 12 1 10 12 1 1 6 0 10 12 1 9 12 1 1 100 1 10 10 12 1 100 1 10 12 1 10 12 1 1 10 12 1 10 12 1 10 12 1 10 12 1 1 10 12 1 1 10 12 1 1 10 12 6 0 10 12 1 1 10 12 1 1 10 12 10 12 1 4 10 12 1 1 10 12 1 10 12 1 10 12 10 12 1 10 12 1 10 12 1 10 12 1 10 12 1 10 12 1 10 12 1 5 0 6 0 4 6 0 4 6 0 4 10 12 1 1 9 12 1 1 10 12 1 9 12 1 10 7 12 1 1 1 4 6 0 1 1 6 0 1 6 0 1 1 1 1 1 1 1 1 1 1 1 1 1 1 1 1 1 1 1 1 1 1 1 1 1 1 1 1 1 1 1 1 1 1 1 1 1 1 1 1 1 1 1 1 1 1 1 1 1 1 1 1 1 1 1 1 1 1 1 1 1 1 1 1 1 1 1 1 1 1 1 1 1 1 1 1 1 1 1 1 1 1 1 1 1 1 1 1 1 1 1 1 1 1
staticfield java/lang/Math negativeZeroFloatBits J -2147483648
staticfield java/lang/Math negativeZeroDoubleBits J -9223372036854775808
staticfield java/lang/Math $assertionsDisabled Z 1
ciInstanceKlass java/util/Arrays 1 1 988 10 7 12 1 1 1 10 100 12 1 1 1 10 7 12 1 1 1 10 12 1 10 12 1 10 12 1 10 12 1 10 12 1 10 12 1 10 100 12 1 1 1 100 1 100 1 10 8 1 10 12 1 1 10 12 1 8 1 8 1 10 12 1 1 10 12 1 100 1 10 12 1 9 100 12 1 1 1 10 100 12 1 1 100 1 10 12 1 1 10 7 12 1 1 10 7 12 1 1 1 100 1 10 12 1 10 12 1 1 7 1 9 100 12 1 1 1 10 12 1 1 10 100 12 1 1 10 12 1 10 12 1 1 10 12 1 10 12 1 1 100 1 11 12 1 1 10 12 1 10 7 12 1 1 1 10 12 10 12 1 10 12 1 10 12 10 12 1 11 100 12 1 1 1 10 7 12 1 1 1 100 1 10 12 1 10 100 1 10 12 1 10 100 1 10 12 1 10 100 1 10 12 1 10 10 12 1 1 10 12 1 10 12 1 10 12 1 10 12 1 10 12 1 10 100 12 1 1 1 10 12 1 10 100 12 1 1 1 10 12 1 10 12 1 10 7 12 1 1 1 10 12 1 10 12 1 10 12 1 10 12 1 10 12 1 10 12 1 10 12 1 10 12 1 10 12 1 10 12 1 10 12 1 10 12 1 10 12 1 10 12 1 10 12 1 10 12 1 1 10 12 1 1 10 7 12 1 1 1 10 12 1 8 1 7 1 10 12 10 12 1 10 12 1 1 10 12 1 1 9 100 12 1 1 1 100 1 10 12 1 9 100 1 100 1 10 12 1 9 100 1 100 1 10 12 1 9 100 1 100 1 10 12 1 9 100 1 100 1 10 12 1 9 100 1 100 1 10 12 1 9 100 1 10 12 1 100 1 10 12 1 10 12 1 9 12 1 100 1 10 10 12 1 1 10 12 1 10 12 1 10 12 1 10 12 1 10 12 1 10 12 1 10 12 1 10 12 1 10 12 1 8 1 8 1 10 12 1 10 12 1 8 1 10 12 1 10 12 1 10 12 1 10 100 12 1 1 1 3 10 100 1 10 10 12 1 1 11 100 12 1 1 10 12 1 1 10 12 1 10 12 1 10 12 1 10 12 1 10 12 1 10 12 1 10 12 1 10 12 1 11 12 1 8 1 10 11 12 1 11 100 12 1 1 1 11 100 12 1 1 1 11 12 1 1 18 12 1 1 11 12 1 1 11 100 12 1 1 1 18 12 1 11 100 12 1 1 1 18 12 1 11 100 12 1 1 1 18 12 1 100 1 10 100 12 1 1 1 10 12 1 10 12 1 10 12 1 10 12 1 10 12 1 10 12 1 10 12 1 10 12 1 1 10 12 1 10 100 12 1 1 10 12 1 10 12 1 10 12 1 1 10 12 1 10 12 1 10 12 1 1 10 12 1 10 12 1 10 12 1 1 10 12 1 10 12 1 10 12 1 10 12 1 10 12 10 12 1 10 12 10 12 10 12 1 10 12 10 12 1 10 12 1 10 12 1 1 1 1 3 1 3 1 1 1 1 1 1 1 1 1 1 1 1 1 1 1 1 1 1 1 1 1 1 1 1 1 1 1 1 1 1 1 1 1 1 1 1 1 1 1 1 1 1 1 1 1 1 1 1 1 1 1 1 1 1 1 1 1 1 1 1 1 1 1 1 1 1 1 1 1 1 1 1 1 1 1 1 1 1 1 1 1 1 1 1 1 1 1 1 1 1 1 1 1 1 1 1 1 1 1 1 1 1 1 1 1 1 1 1 1 1 1 1 1 1 1 1 1 1 1 1 1 1 1 1 1 1 1 1 1 1 1 1 1 1 1 1 1 1 1 1 1 1 1 1 1 1 1 1 1 1 1 1 1 1 1 1 1 1 1 1 1 1 1 1 1 1 1 1 1 1 1 1 1 1 1 1 1 1 1 1 1 1 1 1 1 1 1 1 1 1 1 1 1 1 1 1 1 1 1 1 1 1 1 1 1 1 1 1 1 1 1 1 1 1 1 1 1 1 1 1 1 1 1 1 1 1 1 1 1 1 1 1 1 1 1 1 1 1 1 1 1 1 1 1 1 1 1 1 1 1 1 1 1 1 1 1 1 1 1 1 1 100 1 1 15 10 100 12 1 1 1 16 15 10 12 15 10 12 15 10 12 15 10 12 1 1 100 1 100 1 1 1 1 100 1 1 1 1 1 1 100 1 1 100 1 1 100 1 1 1 100 1 100 1 1
staticfield java/util/Arrays $assertionsDisabled Z 1
ciMethod java/lang/StringLatin1 equals ([B[B)Z 834 622 7464 0 -1
ciMethod java/lang/StringLatin1 indexOf ([BII)I 594 0 5518 0 448
ciMethod java/lang/StringLatin1 indexOfChar ([BIII)I 410 4642 5381 0 -1
ciMethod java/lang/StringLatin1 toChars ([B)[C 4102 0 6091 0 -1
ciMethod java/lang/StringLatin1 charAt ([BI)C 910 0 773630 0 128
ciMethod java/lang/StringLatin1 newString ([BII)Ljava/lang/String; 300 0 5302 0 1120
ciMethod java/lang/StringLatin1 canEncode (I)Z 666 0 56612 0 96
ciInstanceKlass java/lang/StringUTF16 1 1 598 100 1 7 1 10 100 12 1 1 1 100 1 10 7 1 3 100 1 100 1 10 8 1 10 12 1 1 10 12 1 8 1 10 12 1 1 10 12 1 9 12 1 1 10 12 1 1 100 1 8 1 10 12 1 9 12 1 1 9 12 1 10 10 12 1 1 10 12 1 1 10 100 12 1 1 1 10 12 1 10 12 1 1 10 12 1 1 10 12 1 1 10 12 1 1 10 12 1 10 12 1 1 10 12 1 1 10 12 1 1 10 12 1 1 10 12 1 10 12 1 10 12 1 1 10 12 1 100 1 10 12 1 10 10 12 1 1 10 12 1 10 12 1 1 10 12 1 10 100 12 1 1 1 10 100 12 1 1 1 10 12 10 12 1 1 10 12 1 10 12 1 1 10 12 1 1 10 12 1 10 12 1 10 12 1 3 10 12 1 1 10 12 1 10 12 1 10 12 1 10 12 1 10 12 1 10 12 1 1 9 12 1 10 12 1 10 12 1 10 12 1 10 12 1 10 12 1 10 10 12 10 12 10 10 100 12 1 1 1 10 100 12 1 1 1 10 12 1 10 12 1 100 1 8 1 8 1 10 12 1 1 100 1 10 10 100 12 1 1 1 10 100 12 1 1 8 1 8 1 8 1 10 12 1 1 10 12 1 1 10 12 10 12 1 10 100 12 1 1 10 12 1 1 10 12 1 1 10 12 1 10 12 10 12 10 12 1 10 12 10 12 1 10 12 1 10 12 1 10 12 1 10 12 1 10 100 12 1 1 1 10 100 12 1 1 1 10 12 1 1 10 12 1 1 11 100 12 1 1 10 12 1 10 12 1 10 12 1 1 9 12 1 1 9 12 1 5 0 5 0 10 12 1 10 12 10 12 10 7 12 1 1 1 10 12 1 1 1 1 1 1 1 1 1 1 1 1 1 1 1 1 1 1 1 1 1 1 1 1 1 1 1 1 1 1 1 100 1 1 1 1 1 1 1 1 1 1 1 1 1 1 1 1 1 1 1 1 1 1 1 1 1 1 1 1 1 1 1 1 1 1 1 1 1 1 1 1 1 1 1 1 1 1 1 1 1 1 1 1 1 1 1 1 1 1 1 1 1 1 1 1 1 1 1 1 1 1 1 1 1 1 1 1 1 1 1 1 1 1 100 1 1 1 1 1 1 1 1 1 1 1 1 1 1 1 1 1 100 1 1 1 1 1 1 1 1 1 1 1 1 1 1 1 1 1 1 1 1 1 1 1 1 1 1 1 1 1 1 1 1 1 1 1 1 1 1 1 1 1 1 1 1 1 1 1 1 1 1 1 1 1 1 1 1 1 1 1 1 1 100 1 100 1 1 1 1 1
staticfield java/lang/StringUTF16 HI_BYTE_SHIFT I 0
staticfield java/lang/StringUTF16 LO_BYTE_SHIFT I 8
staticfield java/lang/StringUTF16 $assertionsDisabled Z 1
ciMethod java/lang/StringUTF16 length ([B)I 2 0 53305 0 0
ciMethod java/lang/StringUTF16 compress ([CI[BII)I 200 6236 1178 0 -1
ciMethod java/lang/StringUTF16 compress ([CII)[B 10 0 83287 0 0
ciMethod java/lang/StringUTF16 toBytes ([CII)[B 0 0 20 0 -1
ciMethod java/lang/StringUTF16 indexOf ([BII)I 0 0 1 0 -1
ciMethod java/lang/StringUTF16 checkIndex (I[B)V 4 0 53306 0 0
ciMethod java/lang/StringUTF16 getChar ([BI)C 910 0 455 0 -1
ciMethod java/lang/StringUTF16 toChars ([B)[C 2 0 1 0 -1
ciMethod java/lang/StringUTF16 charAt ([BI)C 26476 0 66544 0 0
ciMethod java/lang/StringUTF16 codePointAt ([BII)I 0 0 1 0 -1
ciMethod java/lang/StringUTF16 newString ([BII)Ljava/lang/String; 0 0 1 0 -1
instanceKlass java/lang/Exception
instanceKlass java/lang/Error
ciInstanceKlass java/lang/Throwable 1 1 393 10 7 12 1 1 1 9 7 12 1 1 1 9 12 1 1 9 12 1 9 12 1 1 9 12 1 10 12 1 1 9 12 1 1 10 12 1 1 10 12 1 100 1 100 1 10 8 1 10 12 1 1 8 1 10 100 12 1 1 10 10 12 1 100 1 8 1 10 10 12 1 1 10 7 12 1 1 10 12 1 8 1 9 100 12 1 1 1 10 12 1 1 100 1 10 12 10 12 1 100 1 10 10 7 12 1 1 1 11 100 12 1 1 1 10 100 12 1 1 1 10 12 1 1 10 12 1 1 8 1 10 12 1 10 12 1 1 8 1 8 1 10 12 1 1 10 12 1 8 1 8 1 9 12 1 1 10 100 12 1 1 100 1 10 11 12 1 8 1 8 1 10 7 12 1 1 8 1 10 12 1 8 1 100 1 10 12 1 9 12 1 1 10 12 1 10 100 12 1 9 12 1 1 10 12 1 1 100 1 8 1 10 12 1 10 100 12 1 1 10 12 1 1 100 1 10 100 12 1 1 1 10 12 1 11 100 12 1 1 1 11 100 12 1 1 1 11 12 1 8 1 10 12 1 1 8 1 10 10 9 100 12 1 1 1 8 1 10 12 1 1 10 100 1 8 1 10 11 12 1 1 8 1 9 12 1 10 100 12 1 1 11 9 12 1 1 11 12 1 1 100 10 12 1 10 12 1 1 100 1 1 1 1 5 0 1 1 1 1 1 1 1 1 1 1 1 1 1 100 1 1 1 1 1 1 1 1 1 1 1 1 1 1 1 1 1 1 1 1 1 1 1 1 1 1 1 1 1 1 1 1 1 1 1 1 1 1 1 1 1 1 100 1 100 1 1 1 1 1 1 1 1 1 1 1 1 1 1 1 1 1 1
staticfield java/lang/Throwable UNASSIGNED_STACK [Ljava/lang/StackTraceElement; 0 [Ljava/lang/StackTraceElement;
staticfield java/lang/Throwable SUPPRESSED_SENTINEL Ljava/util/List; java/util/Collections$EmptyList
staticfield java/lang/Throwable EMPTY_THROWABLE_ARRAY [Ljava/lang/Throwable; 0 [Ljava/lang/Throwable;
staticfield java/lang/Throwable $assertionsDisabled Z 1
instanceKlass java/lang/InterruptedException
instanceKlass com/android/tools/r8/shaking/g4
instanceKlass java/lang/CloneNotSupportedException
instanceKlass com/android/tools/r8/internal/Sf0
instanceKlass sun/nio/fs/WindowsException
instanceKlass com/android/tools/r8/ResourceException
instanceKlass com/android/tools/r8/CompilationFailedException
instanceKlass java/util/concurrent/ExecutionException
instanceKlass java/security/GeneralSecurityException
instanceKlass java/io/IOException
instanceKlass java/lang/ReflectiveOperationException
instanceKlass java/lang/RuntimeException
ciInstanceKlass java/lang/Exception 1 1 40 10 7 12 1 1 1 10 12 1 10 12 1 10 12 1 10 12 1 100 1 1 1 1 5 0 1 1 1 1 1 1 1 1 1 1 1 1 1 1
instanceKlass java/lang/NoSuchFieldException
instanceKlass java/lang/NoSuchMethodException
instanceKlass java/lang/ClassNotFoundException
ciInstanceKlass java/lang/ReflectiveOperationException 0 0 34 10 100 12 1 1 1 10 12 1 10 12 1 10 12 1 100 1 1 1 1 5 0 1 1 1 1 1 1 1 1 1 1 1
ciMethod java/lang/Throwable getMessage ()Ljava/lang/String; 0 0 1 0 -1
instanceKlass com/android/tools/r8/graph/v4
instanceKlass com/android/tools/r8/internal/cw0
instanceKlass com/android/tools/r8/internal/hw0
instanceKlass com/android/tools/r8/internal/ML
instanceKlass com/android/tools/r8/internal/Wv0
instanceKlass com/android/tools/r8/internal/lK
instanceKlass java/util/ConcurrentModificationException
instanceKlass java/util/NoSuchElementException
instanceKlass com/android/tools/r8/internal/mK
instanceKlass com/android/tools/r8/internal/g
instanceKlass com/android/tools/r8/internal/Qf
instanceKlass java/lang/UnsupportedOperationException
instanceKlass java/io/UncheckedIOException
instanceKlass java/lang/IllegalStateException
instanceKlass com/android/tools/r8/internal/zv
instanceKlass com/android/tools/r8/internal/J8
instanceKlass java/lang/IndexOutOfBoundsException
instanceKlass java/lang/IllegalArgumentException
instanceKlass java/lang/ArithmeticException
instanceKlass java/lang/NullPointerException
instanceKlass java/lang/IllegalMonitorStateException
instanceKlass java/lang/ArrayStoreException
instanceKlass java/lang/ClassCastException
ciInstanceKlass java/lang/RuntimeException 1 1 40 10 7 12 1 1 1 10 12 1 10 12 1 10 12 1 10 12 1 100 1 1 1 1 5 0 1 1 1 1 1 1 1 1 1 1 1 1 1 1
instanceKlass java/lang/NumberFormatException
ciInstanceKlass java/lang/IllegalArgumentException 1 1 35 10 7 12 1 1 1 10 12 1 10 12 1 10 12 1 100 1 1 1 1 5 0 1 1 1 1 1 1 1 1 1 1 1 1
instanceKlass java/lang/AssertionError
instanceKlass java/lang/VirtualMachineError
instanceKlass java/lang/LinkageError
instanceKlass java/lang/ThreadDeath
ciInstanceKlass java/lang/Error 1 1 40 10 7 12 1 1 1 10 12 1 10 12 1 10 12 1 10 12 1 100 1 1 1 1 5 0 1 1 1 1 1 1 1 1 1 1 1 1 1 1
instanceKlass java/lang/StackOverflowError
instanceKlass java/lang/OutOfMemoryError
instanceKlass java/lang/InternalError
ciInstanceKlass java/lang/VirtualMachineError 1 1 34 10 100 12 1 1 1 10 12 1 10 12 1 10 12 1 100 1 1 1 1 5 0 1 1 1 1 1 1 1 1 1 1 1
ciInstanceKlass java/lang/StackOverflowError 1 1 26 10 100 12 1 1 1 10 12 1 100 1 1 1 1 5 0 1 1 1 1 1 1 1 1 1
instanceKlass java/lang/ClassFormatError
instanceKlass java/lang/IncompatibleClassChangeError
instanceKlass java/lang/BootstrapMethodError
instanceKlass java/lang/NoClassDefFoundError
ciInstanceKlass java/lang/LinkageError 1 1 31 10 7 12 1 1 1 10 12 1 10 12 1 100 1 1 1 1 5 0 1 1 1 1 1 1 1 1 1 1 1
ciInstanceKlass java/lang/ArrayStoreException 1 1 26 10 100 12 1 1 1 10 12 1 100 1 1 1 1 5 0 1 1 1 1 1 1 1 1 1
ciInstanceKlass java/lang/ThreadDeath 0 0 21 10 100 12 1 1 1 100 1 1 1 1 5 0 1 1 1 1 1 1 1
ciInstanceKlass java/lang/StackTraceElement 0 0 224 10 100 12 1 1 1 10 100 12 1 1 9 12 1 1 9 12 1 1 9 12 1 9 12 1 8 1 10 100 12 1 1 1 100 1 9 12 1 8 1 9 12 1 9 12 1 9 12 1 1 8 1 10 12 1 1 10 12 1 100 1 10 10 12 1 1 8 1 10 12 1 1 10 12 1 8 1 8 1 8 1 10 12 1 8 1 8 1 10 12 1 8 1 8 1 10 12 1 1 10 12 1 10 12 1 1 10 12 1 9 12 1 1 10 100 12 1 1 1 10 12 1 1 100 1 10 12 1 1 10 100 12 1 1 10 100 12 1 1 1 10 100 12 1 1 10 100 12 1 1 10 10 12 1 1 10 12 1 10 12 1 1 100 1 1 1 1 1 3 1 3 1 1 5 0 1 1 1 1 1 1 1 1 1 1 1 1 1 1 1 1 1 1 1 1 1 1 1 1 1 1 100 1 100 1 1 1 1 1 1 1 1 1 1 100 1 1 1 1 1 1 1 1
instanceKlass com/android/tools/r8/internal/b1
instanceKlass java/util/AbstractQueue
instanceKlass java/util/HashMap$Values
instanceKlass com/android/tools/r8/internal/kC
instanceKlass java/util/LinkedHashMap$LinkedValues
instanceKlass java/util/ArrayDeque
instanceKlass java/util/AbstractSet
instanceKlass java/util/ImmutableCollections$AbstractImmutableCollection
instanceKlass java/util/AbstractList
ciInstanceKlass java/util/AbstractCollection 1 1 160 10 7 12 1 1 1 10 7 12 1 1 1 10 12 1 1 11 7 12 1 1 1 11 12 1 1 10 12 1 1 10 100 12 1 1 1 10 12 1 1 10 12 1 1 10 7 12 1 1 10 7 12 1 1 1 7 1 10 100 12 1 1 1 10 100 12 1 1 1 100 1 10 11 12 1 11 7 1 10 12 1 10 12 1 10 100 12 1 1 1 11 8 1 100 1 10 10 12 1 1 8 1 10 12 1 10 12 1 1 1 1 1 1 1 1 1 1 1 1 1 1 1 1 1 1 1 1 1 1 1 1 1 1 1 1 1 1 1 1 1 1 1 1 1 1 1 1 1 1 1 1 1 1 1 1 1 1 1 1
ciMethod java/lang/Throwable addSuppressed (Ljava/lang/Throwable;)V 0 0 1 0 -1
ciInstanceKlass java/lang/Boolean 1 1 151 10 7 12 1 1 1 9 7 12 1 1 1 10 12 1 1 10 12 1 8 1 10 7 12 1 1 9 12 1 1 9 12 1 8 1 10 12 1 1 10 12 1 1 10 7 12 1 1 1 100 1 100 1 10 12 1 1 9 100 12 1 1 9 12 10 100 12 1 1 1 10 12 1 1 8 1 10 7 12 1 1 1 9 12 1 1 100 1 100 1 100 1 1 1 1 1 1 5 0 1 1 1 1 1 1 1 1 1 1 3 1 1 1 1 1 1 1 1 1 1 1 1 1 1 1 1 1 1 1 1 100 1 1 1 1 1 1 1 1 1 1 100 1 1 1 1 1 1 1 1
staticfield java/lang/Boolean TRUE Ljava/lang/Boolean; java/lang/Boolean
staticfield java/lang/Boolean FALSE Ljava/lang/Boolean; java/lang/Boolean
staticfield java/lang/Boolean TYPE Ljava/lang/Class; java/lang/Class
instanceKlass java/util/concurrent/locks/AbstractQueuedSynchronizer
ciInstanceKlass java/util/concurrent/locks/AbstractOwnableSynchronizer 1 1 32 10 7 12 1 1 1 9 7 12 1 1 1 100 1 1 1 1 5 0 1 1 1 1 1 1 1 1 1 1 1 1
instanceKlass java/lang/LiveStackFrameInfo
ciInstanceKlass java/lang/StackFrameInfo 0 0 132 10 100 12 1 1 1 9 100 12 1 1 1 9 100 1 9 12 1 1 11 100 12 1 1 1 9 12 1 1 11 12 1 1 10 12 1 1 10 100 12 1 1 1 10 12 1 11 12 1 11 12 1 1 11 12 1 10 12 1 1 9 12 1 1 10 12 1 1 10 100 12 1 1 10 12 1 1 11 12 1 1 10 12 1 9 12 1 1 10 12 1 1 100 1 8 1 10 12 1 10 100 12 1 1 1 100 1 1 1 1 1 1 1 1 1 1 1 1 1 1 1 1 1 1 100 1 1 1 1 1 1
ciInstanceKlass java/lang/LiveStackFrameInfo 0 0 97 10 100 12 1 1 1 9 100 12 1 1 1 9 12 1 9 12 1 9 12 1 9 12 1 1 100 1 10 12 1 1 10 12 1 8 1 10 12 1 1 8 1 8 1 8 1 10 100 1 10 12 1 100 1 10 12 1 100 1 100 1 1 1 3 1 3 1 1 1 1 1 1 1 1 1 1 1 1 1 1 1 1 1 1 1 1 1 1 1 1 1 1 1 100 1 1
ciInstanceKlass java/lang/Character 1 1 576 7 1 100 1 100 1 9 12 1 1 8 1 9 12 1 1 100 1 9 12 1 1 10 100 12 1 1 1 10 100 12 1 1 1 10 100 12 1 1 1 10 100 12 1 1 1 9 100 12 1 1 1 10 12 1 10 12 1 1 10 12 1 1 10 7 12 1 1 10 12 1 1 3 3 3 3 3 10 12 1 1 10 12 1 3 11 7 12 1 1 1 11 12 1 1 10 12 1 1 10 12 1 1 100 1 10 10 12 1 3 10 12 1 1 10 12 1 10 12 1 1 100 1 8 1 10 12 1 1 10 12 1 10 12 1 10 12 1 10 12 1 10 12 1 1 10 12 1 10 7 12 1 1 10 10 12 1 10 10 12 1 10 12 1 1 10 12 1 10 10 12 1 10 12 1 10 12 1 10 12 1 10 12 1 10 12 1 10 12 1 10 12 10 10 12 10 10 12 1 10 10 12 1 10 10 12 1 10 10 12 1 10 10 12 1 10 10 12 1 10 10 12 1 1 10 10 12 1 10 5 0 10 12 1 10 12 1 10 10 12 1 10 10 12 1 1 10 10 12 1 10 10 12 1 9 12 1 1 100 1 10 10 12 1 10 12 1 1 3 10 100 12 1 1 1 10 12 1 10 100 12 1 1 100 1 10 10 12 1 1 10 12 1 1 10 12 1 1 8 1 10 12 1 9 100 12 1 1 1 10 12 1 10 10 12 1 10 12 1 1 10 12 1 10 10 12 1 1 10 10 12 1 1 100 1 8 1 10 12 1 1 10 7 12 1 1 1 8 1 10 12 1 1 9 12 1 1 100 1 100 1 100 1 1 1 1 3 1 3 1 3 1 3 1 1 1 1 1 3 1 1 3 1 3 1 3 1 3 1 3 1 3 1 3 1 3 1 3 1 3 1 3 1 3 1 3 1 3 1 3 1 3 1 3 1 3 1 3 1 3 1 3 1 3 1 3 1 3 1 3 1 3 1 3 1 3 1 1 1 1 1 1 1 1 1 1 1 1 1 1 1 1 1 1 1 3 1 1 1 1 1 1 1 3 1 1 3 1 1 1 1 1 3 1 1 5 0 1 1 1 1 1 1 1 1 1 1 1 1 1 1 1 1 1 1 1 1 1 1 1 1 1 1 1 1 1 1 1 1 1 1 1 1 1 1 1 1 1 1 1 1 1 1 1 1 1 1 1 1 1 1 1 1 1 1 1 1 1 1 1 1 1 1 1 1 1 1 1 1 1 1 1 1 1 1 1 1 1 1 1 1 1 1 1 1 1 100 1 100 1 1 1 1 1 1
staticfield java/lang/Character TYPE Ljava/lang/Class; java/lang/Class
staticfield java/lang/Character $assertionsDisabled Z 1
ciMethod java/lang/Character toString (C)Ljava/lang/String; 248 0 6612 0 -1
ciMethod java/lang/Character valueOf (C)Ljava/lang/Character; 0 0 1 0 -1
ciMethod java/lang/Character charCount (I)I 532 0 405782 0 96
ciInstanceKlass java/lang/Float 1 1 223 7 1 100 1 10 100 12 1 1 1 10 100 12 1 1 1 4 100 1 10 12 1 1 10 12 1 1 8 1 8 1 10 100 12 1 1 1 10 12 1 1 10 12 1 1 10 4 4 4 10 7 12 1 1 9 12 1 1 10 12 1 1 10 12 1 10 12 1 10 12 1 1 10 12 1 10 12 1 3 10 12 1 1 10 12 1 1 10 12 1 10 100 12 1 1 1 10 12 1 1 10 12 1 1 8 1 10 7 12 1 1 1 9 12 1 1 100 1 100 1 100 1 1 1 1 1 4 1 1 1 4 1 1 3 1 3 1 3 1 3 1 1 1 1 5 0 1 1 1 1 1 1 1 1 1 1 100 1 1 1 1 1 1 1 1 1 1 1 1 1 3 1 1 1 1 1 1 1 1 1 1 1 1 1 1 1 1 1 1 1 1 1 1 1 1 1 1 1 1 1 1 1 1 1 1 1 1 1 1 100 1 1 1 1 1 1 1 100 1 100 1 1
staticfield java/lang/Float TYPE Ljava/lang/Class; java/lang/Class
instanceKlass java/math/BigInteger
instanceKlass java/util/concurrent/atomic/AtomicLong
instanceKlass java/util/concurrent/atomic/AtomicInteger
instanceKlass java/lang/Long
instanceKlass java/lang/Integer
instanceKlass java/lang/Short
instanceKlass java/lang/Byte
instanceKlass java/lang/Double
instanceKlass java/lang/Float
ciInstanceKlass java/lang/Number 1 1 37 10 7 12 1 1 1 10 100 12 1 1 1 100 1 1 1 1 5 0 1 1 1 1 1 1 1 1 1 1 1 1 1 1 1 1 1
ciMethod java/lang/Float intBitsToFloat (I)F 378 0 65 0 -1
ciMethod java/lang/Float valueOf (F)Ljava/lang/Float; 380 0 66 0 -1
ciInstanceKlass java/lang/Double 1 1 285 7 1 100 1 10 7 12 1 1 1 10 12 1 1 10 12 1 100 1 10 12 1 1 10 100 12 1 1 1 6 0 8 1 10 12 1 1 8 1 10 12 1 1 8 1 6 0 10 12 1 1 100 1 5 0 5 0 8 1 8 1 10 100 12 1 1 1 10 100 12 1 1 1 8 1 10 12 1 1 8 1 8 1 8 1 10 12 1 1 10 12 1 10 12 1 1 10 12 1 10 12 1 10 12 1 1 10 12 1 10 6 0 6 0 6 0 10 7 12 1 1 9 12 1 1 10 12 1 10 12 1 10 12 1 10 12 1 5 0 10 12 1 1 10 12 1 10 12 1 10 100 12 1 1 1 10 12 1 1 10 12 1 1 8 1 10 7 12 1 1 1 9 12 1 1 100 1 100 1 100 1 1 1 1 1 6 0 1 1 1 6 0 1 1 3 1 3 1 3 1 3 1 1 1 1 5 0 1 1 1 1 1 1 1 1 1 1 1 1 1 1 1 1 100 1 1 1 1 1 1 1 1 1 1 1 1 3 1 1 1 1 1 1 1 1 1 1 1 1 1 1 1 1 1 1 1 1 1 1 1 1 1 1 1 1 1 1 1 1 1 1 100 1 1 1 1 1 1 1 100 1 100 1 1
staticfield java/lang/Double TYPE Ljava/lang/Class; java/lang/Class
ciMethod java/lang/Double longBitsToDouble (J)D 244 0 98 0 -1
ciMethod java/lang/Double valueOf (D)Ljava/lang/Double; 74 0 13 0 -1
ciInstanceKlass java/lang/Byte 1 1 215 7 1 100 1 10 100 12 1 1 1 9 12 1 1 8 1 9 12 1 1 100 1 10 12 1 1 10 12 1 1 10 100 12 1 1 1 10 100 12 1 1 1 9 7 12 1 1 1 10 12 1 1 100 1 100 1 10 12 1 1 8 1 10 12 1 1 8 1 10 12 1 10 12 1 10 12 1 10 12 1 1 10 12 1 10 12 1 10 12 1 1 10 8 1 8 1 10 7 1 9 12 1 1 10 12 1 10 12 1 1 10 12 1 1 10 12 1 1 10 12 1 5 0 10 12 1 1 8 1 10 7 12 1 1 1 9 12 1 1 100 1 100 1 1 1 3 1 3 1 1 1 1 3 1 3 1 1 5 0 1 1 1 1 1 1 1 1 1 1 1 1 1 1 1 1 1 1 1 1 1 1 1 1 1 1 1 1 1 1 1 1 1 1 1 1 1 1 1 1 1 1 1 1 1 1 1 1 1 1 1 1 1 1 1
staticfield java/lang/Byte TYPE Ljava/lang/Class; java/lang/Class
ciMethod java/lang/Byte valueOf (B)Ljava/lang/Byte; 78 0 39 0 -1
ciInstanceKlass java/lang/Short 1 1 224 7 1 100 1 100 1 10 100 12 1 1 1 10 12 1 1 100 1 100 1 10 12 1 1 8 1 10 12 1 1 8 1 10 12 1 10 12 1 10 12 1 10 12 1 1 10 12 1 1 10 12 1 9 12 1 1 8 1 9 12 1 1 100 1 10 12 1 1 10 12 1 10 100 12 1 1 1 10 100 12 1 1 1 9 100 12 1 1 1 10 12 1 10 12 1 1 10 8 1 8 1 10 100 1 9 12 1 1 10 12 1 10 12 1 1 10 12 1 1 10 12 1 1 10 12 1 3 3 5 0 10 12 1 1 8 1 10 7 12 1 1 1 9 12 1 1 100 1 100 1 1 1 3 1 3 1 1 1 1 3 1 3 1 1 5 0 1 1 1 1 1 1 1 1 1 1 1 1 1 1 1 1 1 1 1 1 1 1 1 1 1 1 1 3 1 1 1 1 1 1 1 1 1 1 1 1 1 1 1 1 1 1 1 1 1 1 1 1 1 1 1 1 1
staticfield java/lang/Short TYPE Ljava/lang/Class; java/lang/Class
ciMethod java/lang/Short valueOf (S)Ljava/lang/Short; 0 0 1 0 -1
ciInstanceKlass java/lang/Integer 1 1 445 7 1 100 1 7 1 7 1 10 12 1 1 9 12 1 1 9 12 1 1 10 100 12 1 1 1 10 12 1 1 10 100 12 1 1 1 10 10 12 1 1 10 100 12 1 1 1 10 12 1 10 12 1 1 10 7 12 1 1 1 10 12 1 1 10 12 1 1 10 12 1 10 12 1 10 12 1 1 10 10 12 1 9 12 1 1 9 12 1 100 1 8 1 10 12 1 100 1 10 12 1 8 1 10 12 1 1 10 12 1 8 1 10 12 1 8 1 10 12 1 1 3 10 12 1 1 3 10 12 1 1 10 12 1 1 10 7 12 1 1 1 11 7 1 100 1 10 11 10 12 1 1 8 1 10 12 1 1 8 1 100 1 10 12 1 1 10 12 1 1 5 0 8 1 10 12 1 10 12 1 10 12 1 10 12 1 1 7 1 9 12 1 1 9 12 1 1 10 12 1 10 7 1 9 12 1 10 12 1 10 12 1 10 12 1 1 10 7 12 1 1 1 100 1 100 1 10 12 1 1 10 12 1 1 8 1 8 1 10 12 1 1 8 1 8 1 8 1 8 1 8 1 8 1 10 12 1 10 12 1 10 12 1 5 0 3 3 3 3 10 12 1 3 10 12 1 10 100 12 1 1 1 10 12 1 1 10 12 1 1 8 1 10 7 12 1 1 1 9 12 1 1 3 3 3 3 3 3 9 12 1 1 100 1 100 1 100 1 1 1 1 1 1 1 3 1 3 1 1 5 0 1 1 1 1 1 1 1 1 1 100 1 1 1 1 1 1 1 1 1 1 1 1 1 1 1 1 1 1 1 1 1 1 1 1 1 1 1 1 1 1 1 1 1 1 1 1 1 1 1 3 1 1 1 1 1 1 1 1 1 1 1 1 1 1 1 1 100 1 1 1 1 1 1 1 1 1 1 1 1 1 1 1 1 1 1 1 1 1 1 1 1 1 1 1 1 1 1 1 100 1 1 1 1 1 1 1 1 1 100 1 100 1 1
staticfield java/lang/Integer TYPE Ljava/lang/Class; java/lang/Class
staticfield java/lang/Integer digits [C 36
staticfield java/lang/Integer DigitTens [B 100
staticfield java/lang/Integer DigitOnes [B 100
staticfield java/lang/Integer sizeTable [I 10
ciMethod java/lang/Integer valueOf (I)Ljava/lang/Integer; 34 0 23007 0 -1
ciInstanceKlass java/lang/Long 1 1 506 7 1 100 1 7 1 7 1 10 12 1 1 9 12 1 1 9 7 12 1 1 1 10 100 12 1 1 1 10 12 1 1 10 100 12 1 1 1 10 10 12 10 12 1 10 12 1 10 12 1 5 0 5 0 100 1 10 12 1 1 10 12 1 1 10 12 1 10 12 1 10 12 1 10 12 1 1 10 100 12 1 1 10 12 1 10 12 1 1 10 12 1 1 10 12 1 1 10 12 1 1 10 100 12 1 1 1 10 12 1 1 10 12 1 10 12 1 10 12 1 10 12 1 1 10 10 12 1 5 0 5 0 9 12 1 1 9 12 1 5 0 100 1 8 1 10 12 1 8 1 10 12 1 8 1 8 1 10 12 1 1 5 0 10 12 1 1 5 0 10 12 1 1 10 12 1 1 10 100 12 1 1 1 11 100 1 100 1 10 11 10 12 1 1 8 1 10 12 1 1 8 1 100 1 10 12 1 1 10 12 1 8 1 8 1 11 12 1 1 10 12 1 10 12 1 10 12 1 5 0 5 0 9 7 12 1 1 1 10 12 1 10 12 1 1 8 1 8 1 10 12 1 1 8 1 8 1 8 1 8 1 8 1 8 1 10 12 1 10 12 1 10 12 1 1 10 7 1 9 12 1 1 10 12 1 10 12 1 1 10 100 12 1 1 1 100 1 100 1 10 12 1 1 10 12 1 1 5 0 10 12 1 10 12 1 5 0 5 0 5 0 10 12 1 1 5 0 5 0 10 12 1 10 12 1 10 100 12 1 1 1 10 12 1 1 10 12 1 1 8 1 10 7 12 1 1 1 9 12 1 1 100 1 100 1 100 1 1 1 1 5 0 1 1 1 1 3 1 3 1 5 0 1 1 1 1 1 1 1 1 1 100 1 1 1 1 1 1 1 1 1 1 1 1 1 1 1 1 1 1 1 1 1 1 1 1 1 1 1 1 1 1 1 1 1 1 1 1 1 1 1 1 1 1 1 1 1 1 1 1 1 1 1 1 1 1 3 1 1 1 1 1 1 1 1 1 1 1 1 1 1 1 100 1 1 1 1 1 1 1 1 1 1 1 1 1 1 1 1 1 1 1 1 1 1 1 1 1 1 1 100 1 1 1 1 1 1 1 1 1 100 1 100 1 1
staticfield java/lang/Long TYPE Ljava/lang/Class; java/lang/Class
instanceKlass java/lang/ref/PhantomReference
instanceKlass java/lang/ref/FinalReference
instanceKlass java/lang/ref/WeakReference
instanceKlass java/lang/ref/SoftReference
ciInstanceKlass java/lang/ref/Reference 1 1 195 9 7 12 1 1 1 9 7 12 1 1 10 12 1 1 10 12 1 1 9 12 1 1 10 12 1 1 9 12 1 1 9 12 1 1 7 1 10 12 1 10 7 12 1 1 10 12 1 10 12 1 1 10 12 1 9 12 1 10 12 1 1 10 12 1 10 12 1 9 12 1 100 1 100 1 10 12 1 9 12 1 9 12 1 100 1 10 10 12 1 10 10 7 12 1 1 10 7 12 1 1 1 10 12 1 1 10 7 12 1 1 7 1 8 1 10 12 1 10 12 1 1 10 12 1 1 10 12 1 7 1 10 10 7 12 1 1 1 1 1 1 1 1 1 1 1 1 1 1 1 1 1 1 1 100 1 1 1 100 1 1 1 1 1 1 1 1 1 1 1 1 1 1 1 1 1 1 1 1 1 1 1 1 1 1 1 1 1 1 1 1 1 1 1
staticfield java/lang/ref/Reference processPendingLock Ljava/lang/Object; java/lang/Object
staticfield java/lang/ref/Reference $assertionsDisabled Z 1
instanceKlass sun/security/util/MemoryCache$SoftCacheEntry
instanceKlass java/lang/invoke/LambdaFormEditor$Transform
ciInstanceKlass java/lang/ref/SoftReference 1 1 47 10 7 12 1 1 1 9 7 12 1 1 1 9 12 1 10 12 1 10 12 1 1 1 1 1 1 1 1 1 1 1 1 1 1 1 1 1 1 1 1 100 1 1 1 1 1
ciMethod java/lang/Long valueOf (J)Ljava/lang/Long; 8 0 51 0 -1
instanceKlass java/lang/ClassValue$Entry
instanceKlass java/lang/invoke/MethodType$ConcurrentWeakInternSet$WeakEntry
instanceKlass java/lang/ThreadLocal$ThreadLocalMap$Entry
instanceKlass java/util/WeakHashMap$Entry
ciInstanceKlass java/lang/ref/WeakReference 1 1 31 10 7 12 1 1 1 10 12 1 100 1 1 1 1 1 1 1 1 1 1 1 1 1 1 1 1 1 1 1 1
instanceKlass java/lang/ref/Finalizer
ciInstanceKlass java/lang/ref/FinalReference 1 1 47 10 100 12 1 1 1 10 100 12 1 1 1 10 12 1 1 100 1 8 1 10 12 1 1 1 1 1 1 1 1 1 1 1 1 1 1 1 1 1 1 1 1 1 1 1 1
ciInstanceKlass java/lang/ref/Finalizer 1 1 152 9 7 12 1 1 1 10 100 12 1 1 1 9 12 1 1 9 12 1 1 9 12 1 9 12 1 10 12 1 10 12 1 1 9 12 1 1 100 1 10 12 1 100 1 11 100 12 1 1 100 1 10 12 1 100 1 10 12 1 10 100 12 1 1 1 10 100 12 1 1 1 100 1 10 10 12 1 10 7 12 1 1 1 7 1 10 7 1 10 10 7 12 1 1 1 10 12 1 1 10 7 12 1 1 7 1 10 12 1 10 12 1 1 10 12 1 1 10 12 1 1 1 1 1 1 1 1 1 1 1 1 1 1 1 1 1 1 1 1 1 1 1 1 1 1 1 1 1 1 1 1
staticfield java/lang/ref/Finalizer lock Ljava/lang/Object; java/lang/Object
staticfield java/lang/ref/Finalizer $assertionsDisabled Z 1
instanceKlass jdk/internal/ref/PhantomCleanable
instanceKlass jdk/internal/ref/Cleaner
ciInstanceKlass java/lang/ref/PhantomReference 1 1 39 10 100 12 1 1 1 10 7 12 1 1 1 1 1 1 1 1 1 1 1 1 1 1 1 1 1 1 1 1 1 1 1 1 1 1 1 1 1
instanceKlass java/lang/reflect/Executable
instanceKlass java/lang/reflect/Field
ciInstanceKlass java/lang/reflect/AccessibleObject 1 1 398 10 7 12 1 1 1 9 100 12 1 1 1 10 100 12 1 1 1 10 7 12 1 1 10 7 12 1 1 1 10 100 12 1 1 1 10 12 1 1 10 12 1 1 9 12 1 1 100 1 10 7 12 1 1 1 11 12 1 100 1 10 12 1 7 1 100 1 10 12 1 10 12 1 1 7 1 10 100 12 1 1 1 10 12 1 1 100 1 10 12 1 1 100 1 10 10 10 7 12 1 1 1 10 12 1 1 10 12 1 10 12 1 10 12 1 1 10 12 1 8 1 100 1 10 10 12 1 1 8 1 10 12 1 10 12 1 8 1 8 1 8 1 8 1 8 1 8 1 100 1 10 12 1 10 12 1 9 12 1 1 10 12 1 1 10 12 1 10 11 100 1 100 1 8 1 10 10 12 1 10 12 1 1 8 1 10 12 1 8 1 10 12 1 1 10 100 1 8 1 10 11 7 12 1 1 10 12 1 1 10 12 1 1 10 12 1 1 9 12 1 1 100 1 10 12 1 7 1 10 12 1 10 12 1 1 10 100 1 10 12 1 10 12 10 12 1 10 12 1 1 10 12 1 10 12 1 1 10 12 1 9 12 1 10 100 12 1 1 8 1 10 100 12 1 1 1 8 1 10 100 12 1 1 1 9 12 1 100 1 10 7 1 10 10 7 12 1 1 1 7 1 10 10 7 12 1 1 1 7 1 9 12 1 1 1 1 1 1 1 1 1 1 1 1 1 1 1 1 1 1 1 1 1 1 1 1 1 1 1 1 1 1 1 1 1 1 1 1 1 1 1 1 1 1 1 1 1 1 1 1 1 1 1 1 1 1 1 1 1 1 1 1 1 1 1 1 1 1 1 1 1 1 1 1 1 1 1 1 1 1 1 1 1 1 1 1 1
staticfield java/lang/reflect/AccessibleObject reflectionFactory Ljdk/internal/reflect/ReflectionFactory; jdk/internal/reflect/ReflectionFactory
instanceKlass java/lang/reflect/Constructor
instanceKlass java/lang/reflect/Method
ciInstanceKlass java/lang/reflect/Executable 1 1 548 10 7 12 1 1 1 10 7 12 1 1 1 10 7 12 1 1 1 11 7 12 1 1 1 10 7 12 1 1 1 10 12 1 1 10 100 12 1 1 1 10 100 12 1 1 1 10 12 1 8 1 10 10 12 1 1 10 12 1 1 10 100 12 1 1 1 18 12 1 1 11 100 12 1 1 1 8 1 8 1 8 1 10 100 12 1 1 1 11 12 1 1 100 1 8 1 8 1 10 12 1 100 1 8 1 10 12 1 8 1 11 100 12 1 1 1 100 1 10 12 1 1 11 12 1 8 1 18 8 1 10 12 1 10 12 1 1 18 8 1 10 12 1 100 1 10 12 1 10 12 1 11 100 12 1 1 10 12 1 1 8 1 8 1 10 12 1 1 10 12 1 1 10 10 12 1 100 1 10 10 12 1 10 12 1 1 10 100 12 1 1 10 12 1 10 12 1 10 12 1 1 10 100 12 1 1 10 12 1 10 12 1 10 100 12 1 1 1 10 12 1 8 1 10 12 1 10 12 1 3 100 1 8 1 10 12 1 10 12 1 10 10 12 1 10 12 1 1 8 1 8 1 8 1 9 12 1 10 12 1 100 1 8 1 9 12 1 10 12 1 10 12 1 1 10 12 1 1 10 12 1 10 12 10 12 1 100 1 10 12 1 10 12 1 1 100 1 10 100 12 1 1 1 100 1 10 7 12 1 1 1 10 12 1 1 11 7 12 1 1 10 7 12 1 1 10 100 12 1 1 1 10 12 1 1 9 12 1 10 12 1 1 10 12 1 10 12 1 1 9 100 12 1 1 1 10 100 12 1 1 1 10 12 1 10 12 1 1 9 12 1 10 10 10 10 100 12 1 1 1 10 12 1 9 12 1 10 12 1 1 9 12 1 100 1 100 1 1 1 1 1 1 1 1 1 1 1 1 1 1 1 1 1 1 1 1 1 1 1 1 1 1 1 1 1 1 1 1 1 1 100 1 1 1 1 1 1 1 1 100 1 1 1 1 1 1 1 1 1 1 1 1 100 1 1 1 1 1 1 1 1 1 1 1 1 1 1 1 1 1 1 1 1 1 1 1 1 1 1 1 1 1 1 1 1 1 1 1 1 1 1 1 1 1 100 1 1 1 1 1 1 1 1 1 1 1 1 1 1 1 1 1 1 1 1 1 100 1 100 1 1 15 10 100 12 1 1 1 16 15 16 1 16 1 15 10 12 16 1 100 1 1 100 1 100 1 1
ciInstanceKlass java/lang/reflect/Constructor 1 1 429 10 100 12 1 1 1 10 100 12 1 1 9 7 12 1 1 1 10 12 1 1 10 12 1 1 10 100 12 1 1 9 12 1 1 10 7 12 1 1 1 9 12 1 1 9 12 1 1 9 12 1 9 12 1 1 9 12 1 9 12 1 1 9 12 1 1 9 12 1 100 1 8 1 10 12 1 10 12 1 9 12 1 1 10 7 12 1 1 10 7 12 1 1 1 10 12 1 1 10 12 1 1 10 12 1 7 1 100 1 8 1 10 10 12 1 10 12 1 10 12 1 1 10 12 1 1 100 1 10 7 12 1 1 10 12 1 1 10 12 1 10 12 1 1 10 100 12 1 1 1 10 100 12 1 1 10 12 1 1 10 12 1 10 100 12 1 1 1 8 1 10 10 12 1 100 1 8 1 10 12 1 10 12 1 1 10 12 1 1 10 12 1 10 12 1 10 12 1 1 10 12 1 1 9 12 1 1 10 12 1 1 10 12 1 1 10 12 1 8 1 10 12 1 1 11 7 12 1 1 1 10 12 1 1 10 12 1 10 12 1 9 12 1 1 10 7 12 1 1 1 10 12 1 1 10 12 1 1 10 12 1 1 10 12 1 1 10 12 1 9 100 12 1 1 10 12 1 10 12 1 10 12 1 100 1 8 1 10 10 12 1 1 10 12 1 10 10 12 1 1 10 12 1 1 10 100 12 1 1 1 11 100 12 1 1 1 10 12 1 1 9 100 12 1 1 1 10 100 12 1 1 1 10 12 1 1 1 1 1 1 1 1 1 1 1 1 1 1 1 1 1 1 1 1 1 1 1 1 1 1 1 1 1 1 1 1 1 1 1 1 1 1 1 1 1 1 1 1 1 1 1 1 1 1 1 100 1 100 1 100 1 100 1 1 1 1 1 1 1 1 1 1 1 1 1 1 1 1 1 1 1 1 1 1 1 1 1 1 1 1 1 1 1 1 1 100 1 1
ciInstanceKlass java/lang/reflect/Method 1 1 446 9 7 12 1 1 1 10 100 12 1 1 1 10 100 12 1 1 9 12 1 1 10 12 1 1 10 12 1 1 10 100 12 1 1 10 7 12 1 1 1 9 12 1 1 9 12 1 9 12 1 1 9 12 1 9 12 1 9 12 1 1 9 12 1 9 12 1 1 9 12 1 9 12 1 9 12 1 1 100 1 8 1 10 12 1 10 12 1 9 12 1 1 8 1 10 7 12 1 1 10 7 12 1 1 1 10 12 1 1 10 12 1 1 10 12 1 10 12 1 1 10 12 1 1 100 1 10 12 1 1 10 12 10 100 12 1 1 10 12 1 1 10 12 1 10 12 1 10 12 1 10 100 12 1 1 1 10 12 1 1 10 100 1 10 100 12 1 1 1 10 100 12 1 1 10 12 1 1 10 12 1 1 10 12 1 10 100 12 1 1 1 10 12 1 10 8 1 10 12 1 10 12 1 100 1 8 1 8 1 8 1 10 12 1 10 12 1 1 10 12 1 1 10 10 12 1 1 10 12 1 11 100 1 9 12 1 1 10 12 1 1 10 12 1 10 12 1 1 10 12 1 1 11 7 12 1 1 1 10 12 1 10 12 1 10 12 1 10 12 1 10 12 1 9 12 1 1 10 7 12 1 1 1 10 12 1 1 10 100 12 1 1 1 10 100 12 1 1 1 10 100 12 1 1 1 11 100 12 1 1 1 10 100 12 1 1 1 100 1 100 1 100 1 10 12 1 10 12 1 1 10 12 1 100 1 8 1 10 12 1 10 10 12 1 1 10 12 1 1 10 12 1 1 10 12 1 1 8 1 10 12 1 1 1 1 1 1 1 1 1 1 1 1 1 1 1 1 1 1 1 1 1 1 1 1 1 1 1 1 1 1 1 1 1 1 1 1 1 1 1 1 1 1 1 1 1 1 1 1 1 1 1 1 1 100 1 100 1 100 1 1 1 1 1 1 1 1 1 1 1 1 1 1 1 1 1 1 1 1 1 1 1 1 1 1
ciInstanceKlass java/lang/reflect/Field 1 1 437 9 7 12 1 1 1 10 12 1 1 10 100 12 1 1 1 10 100 12 1 1 9 12 1 1 10 12 1 1 10 12 1 1 10 100 12 1 1 10 7 12 1 1 1 9 12 1 1 9 12 1 9 12 1 9 12 1 1 9 12 1 1 9 12 1 9 12 1 1 9 12 1 1 100 1 8 1 10 12 1 10 12 1 9 12 1 1 9 12 1 10 12 1 10 7 12 1 1 10 12 1 1 10 12 1 1 10 12 1 10 12 1 1 100 1 10 12 1 1 10 12 1 1 10 12 1 1 10 12 1 10 12 1 10 100 1 10 100 12 1 1 100 1 10 8 1 10 12 1 1 10 12 1 1 8 1 10 12 10 12 1 8 1 8 1 10 11 100 1 9 12 1 10 12 1 1 10 12 1 1 11 100 12 1 1 1 11 12 1 1 11 12 1 1 11 12 1 1 11 12 1 1 11 12 1 1 11 12 1 1 11 12 1 1 11 12 1 1 11 12 1 1 11 12 1 1 11 12 1 1 11 12 1 1 11 12 1 1 11 12 1 1 11 12 1 1 11 12 1 1 11 12 1 1 10 12 1 10 100 12 1 1 10 12 1 10 12 1 1 10 12 9 12 1 1 10 100 12 1 1 1 10 12 1 1 10 100 12 1 1 10 12 1 1 11 100 1 10 12 1 100 1 10 100 12 1 1 1 10 100 12 1 1 1 9 12 1 10 100 12 1 1 1 11 100 12 1 1 1 10 12 1 1 10 12 1 1 9 100 12 1 1 1 10 100 12 1 1 1 10 12 1 1 100 1 1 1 1 1 1 1 1 1 1 1 1 1 1 1 1 1 1 1 1 1 1 1 1 1 1 1 1 1 1 1 1 1 1 1 100 1 1 1 1 1 1 1 1 1 1 1 1 1 1 1 1 1 1 1 1 1 1 1 1 1 1 1 1 1 1 1 1 1 1 100 1 1 1 1 1 1 1 1 100 1 1
ciInstanceKlass java/lang/reflect/Parameter 0 0 226 10 100 12 1 1 1 9 100 12 1 1 1 9 12 1 1 9 12 1 1 9 12 1 10 12 1 1 10 12 1 1 10 100 12 1 1 1 100 1 10 10 12 1 1 11 100 12 1 1 1 10 12 1 10 100 12 1 1 1 10 12 1 1 10 12 1 10 12 1 8 1 8 1 10 100 12 1 1 1 10 12 1 10 12 10 12 1 8 1 10 12 1 9 12 1 1 10 12 1 1 9 12 1 1 10 12 1 1 10 12 1 1 10 12 1 1 10 12 1 10 10 12 1 10 100 12 1 1 1 10 12 1 1 11 100 12 1 1 10 100 12 1 1 100 1 10 100 12 1 1 1 10 12 1 1 10 12 1 1 10 12 1 1 10 12 1 1 9 12 1 100 1 10 11 12 1 1 11 12 1 1 100 1 1 1 1 1 1 1 1 1 1 1 1 1 1 1 1 1 1 1 1 1 1 1 1 1 1 1 1 1 1 1 1 1 1 1 1 1 1 100 1 1 1 1
ciInstanceKlass java/util/function/Function 1 1 77 10 100 12 1 1 1 18 12 1 1 18 18 12 1 11 7 12 1 100 1 1 1 1 1 1 1 1 1 1 1 1 1 1 1 1 1 1 1 1 1 1 1 1 1 1 1 1 1 1 1 1 1 1 15 10 7 12 1 1 1 16 15 11 12 15 11 12 15 11 12 1 100 1 100 1 1
ciInstanceKlass java/lang/invoke/StringConcatFactory$2 1 1 61 10 7 12 1 1 1 9 7 12 1 1 1 9 12 1 1 11 7 12 1 1 1 7 1 100 1 10 7 12 1 1 1 7 1 10 7 12 1 1 1 100 1 1 1 1 1 1 1 1 1 1 1 1 1 1 1 1 1 1 1
ciInstanceKlass java/lang/StringBuffer 0 0 470 10 100 12 1 1 1 10 12 1 10 12 1 10 12 1 1 9 100 12 1 1 1 10 12 1 1 10 12 1 10 12 1 1 9 12 1 1 10 12 1 10 12 1 1 10 12 1 1 10 12 1 10 12 1 1 10 12 1 10 12 1 1 10 12 1 1 10 100 12 1 1 1 10 12 1 1 10 12 1 10 12 1 10 12 1 10 12 1 10 12 1 10 12 1 10 12 1 10 12 1 10 12 1 10 12 1 10 12 1 10 12 1 10 12 1 10 12 1 1 10 12 1 10 12 1 1 10 12 1 1 10 10 12 1 1 10 12 1 10 12 1 10 12 1 10 12 1 10 12 1 10 12 1 10 12 10 12 1 10 12 1 10 12 1 10 12 1 1 10 12 1 10 12 1 10 10 12 1 1 10 12 1 1 9 12 1 1 10 100 12 1 1 1 10 100 1 10 10 100 12 1 1 1 10 10 12 1 10 8 10 100 12 1 1 1 8 10 12 1 8 1 10 12 1 10 12 1 10 100 12 1 1 1 10 100 12 1 1 1 100 1 10 12 100 1 8 1 10 10 12 1 1 10 12 1 1 10 12 1 1 10 12 1 10 12 1 10 12 1 10 12 1 10 12 1 10 12 1 10 12 1 10 12 1 10 12 1 10 12 1 10 12 1 10 12 1 10 12 1 10 12 1 10 12 1 10 12 1 10 12 10 12 10 12 1 10 12 1 10 12 1 10 12 10 12 1 10 12 1 10 12 1 10 12 1 10 12 1 10 12 1 10 12 1 10 12 1 10 12 1 10 12 1 10 12 1 100 1 10 12 1 9 100 12 1 1 1 9 100 1 9 12 1 1 100 1 100 1 100 1 1 1 1 5 0 1 1 1 1 1 1 1 1 1 1 1 1 1 1 1 1 1 1 1 1 1 1 1 1 1 1 1 1 1 1 1 1 1 1 1 1 1 1 1 1 1 1 1 1 1 1 1 1 1 1 1 1 1 1 1 1 1 1 1 1 100 1 1 1 1 1 100 1 1 1 1 1 1 1 1 1 1 1 1 1 1 1 1 1
ciInstanceKlass java/lang/CharSequence 1 1 130 11 100 12 1 1 1 18 12 1 1 100 1 10 100 12 1 1 1 18 10 100 12 1 1 1 10 100 12 1 1 1 100 1 11 12 1 1 10 100 12 1 1 1 11 12 1 1 100 1 10 12 1 1 10 100 12 1 1 1 100 1 10 10 12 1 1 1 1 1 1 1 1 1 1 1 1 1 1 1 1 1 1 1 1 1 1 1 1 1 1 1 1 1 1 1 1 1 1 15 10 100 12 1 1 1 16 1 15 11 12 16 15 11 12 1 1 100 1 100 1 1 100 1 1 100 1 100 1 1
instanceKlass java/lang/StringBuilder
instanceKlass java/lang/StringBuffer
ciInstanceKlass java/lang/AbstractStringBuilder 1 1 547 7 1 7 1 10 7 12 1 1 1 9 7 12 1 1 1 9 12 1 9 12 1 1 9 12 1 1 10 100 12 1 1 1 10 12 1 1 3 3 10 12 1 10 12 1 1 11 7 1 100 1 100 1 10 8 1 10 12 1 10 12 1 10 12 1 1 10 12 1 10 12 1 10 12 1 9 12 1 1 10 12 1 1 10 7 12 1 1 1 10 10 12 1 10 12 1 10 12 1 1 10 12 1 1 10 7 12 1 1 1 10 7 12 1 1 1 100 1 8 1 10 10 12 1 1 100 1 10 12 10 12 1 1 10 10 12 1 1 10 12 1 1 10 12 1 1 10 12 1 1 100 1 10 10 12 1 10 100 12 1 1 1 10 12 1 1 10 12 1 10 12 1 1 10 10 12 1 1 10 12 10 12 1 10 12 1 1 10 12 1 1 10 12 1 1 10 12 1 10 10 12 1 1 10 12 1 10 12 1 1 8 1 10 12 1 1 10 12 1 10 12 1 10 12 1 10 12 1 10 12 1 10 12 1 10 100 12 1 1 10 12 1 10 12 1 10 100 12 1 1 1 10 12 1 10 12 1 10 12 1 10 12 1 10 12 1 1 10 12 1 10 12 1 1 10 12 1 1 10 10 7 12 1 1 1 10 12 1 10 12 1 10 12 1 1 10 12 1 10 12 1 10 12 1 10 12 1 10 12 1 10 12 1 10 12 1 10 12 1 10 12 1 1 10 12 1 10 12 1 10 12 10 12 1 1 18 12 1 1 100 1 10 100 12 1 1 1 18 10 12 1 1 10 12 1 10 12 1 1 11 12 1 10 12 1 10 12 1 10 10 12 1 10 8 1 8 1 8 1 10 10 100 1 10 12 1 100 1 10 100 1 10 100 1 1 1 3 1 1 1 1 1 1 1 1 1 1 100 1 1 1 1 1 1 1 1 1 1 1 1 1 1 1 1 1 1 1 1 1 1 1 1 1 1 1 1 1 1 1 1 1 1 1 1 1 1 1 1 1 1 1 1 1 1 1 1 1 1 1 1 1 1 1 1 1 1 1 1 1 1 1 1 1 1 1 1 1 1 1 1 1 1 1 1 1 1 1 1 1 1 1 1 1 1 1 1 1 1 1 1 1 1 1 1 1 100 1 1 100 1 1 1 1 1 100 1 1 1 1 1 1 15 10 100 12 1 1 1 16 1 15 10 12 16 15 10 12 1 1 1 1 100 1 100 1 1
staticfield java/lang/AbstractStringBuilder EMPTYVALUE [B 0
ciInstanceKlass java/lang/SecurityManager 0 0 576 10 100 12 1 1 1 9 100 12 1 1 1 10 100 12 1 1 1 100 1 8 1 10 12 1 10 12 1 1 10 100 12 1 1 1 10 100 1 10 100 1 10 9 100 12 1 1 1 10 100 12 1 1 1 10 12 1 1 10 100 12 1 1 100 1 8 1 10 9 12 1 1 9 12 1 8 1 9 12 1 100 1 10 8 1 10 12 1 1 10 12 1 10 12 1 1 100 1 10 10 12 1 1 100 1 8 1 10 12 1 8 1 8 1 8 1 8 1 8 1 8 1 10 12 1 8 1 8 1 8 1 8 1 8 1 10 100 12 1 1 1 10 12 1 1 8 1 100 1 8 1 10 8 1 8 1 8 1 8 1 8 1 10 100 12 1 1 8 1 100 1 8 1 8 1 10 8 1 10 12 1 100 1 8 1 10 10 12 1 1 10 12 1 10 12 1 10 12 1 10 100 12 1 1 1 10 12 1 10 100 12 1 1 11 100 12 1 1 1 18 12 1 1 11 100 12 1 1 1 18 12 1 1 11 12 1 1 18 18 11 12 1 18 12 1 11 12 1 1 9 12 1 1 9 12 1 9 12 1 9 12 1 100 1 10 100 12 1 1 10 12 1 10 12 1 18 12 1 18 10 100 12 1 1 1 18 12 1 10 12 1 18 18 8 1 10 12 1 9 12 1 1 11 100 12 1 1 1 8 1 100 1 10 12 1 10 12 1 1 10 12 1 1 9 12 1 1 10 12 1 10 12 1 1 8 1 100 1 10 9 12 1 8 1 10 12 1 8 1 100 1 10 10 100 12 1 1 10 100 1 9 100 12 1 1 1 11 12 1 1 10 12 1 11 12 1 10 12 1 100 1 10 10 12 1 1 10 12 1 1 1 1 1 1 1 1 1 1 1 100 1 1 1 1 1 1 1 1 1 1 1 1 1 1 1 1 1 1 1 1 1 1 1 1 1 1 1 1 1 1 1 1 1 1 1 1 1 1 1 1 1 1 1 1 1 1 1 1 1 1 1 1 1 1 1 1 3 1 1 1 1 1 1 1 1 1 1 100 1 1 1 1 1 1 1 1 1 1 1 1 1 1 1 1 1 1 1 1 1 1 1 1 1 1 1 1 1 1 1 1 1 1 1 1 1 1 15 10 100 12 1 1 1 16 15 10 100 12 1 1 1 16 1 16 15 10 12 16 1 15 10 12 16 15 11 100 1 16 1 16 1 15 10 12 16 15 10 12 16 15 10 12 1 16 1 15 11 12 1 15 10 12 16 15 10 16 1 1 1 1 100 1 100 1 1
ciInstanceKlass java/security/AccessControlContext 1 1 373 9 7 12 1 1 1 9 12 1 1 10 100 12 1 1 1 8 1 10 100 12 1 1 1 10 7 12 1 1 1 9 12 1 9 12 1 1 9 12 1 1 10 7 12 1 1 100 1 10 12 1 11 100 12 1 1 1 11 12 1 11 12 1 11 12 1 1 100 1 11 12 1 1 10 12 1 10 100 12 1 1 1 9 100 12 1 1 1 10 100 12 1 1 1 11 100 12 1 1 1 10 100 1 100 1 8 1 10 12 1 10 12 1 1 100 1 10 100 12 1 1 1 9 12 1 9 12 1 9 12 1 9 12 1 1 9 12 1 1 9 12 1 9 12 1 10 7 12 1 1 1 9 12 1 10 12 1 1 10 12 1 1 8 1 10 12 1 1 10 12 1 1 10 100 12 1 1 1 100 1 10 10 12 1 1 10 100 12 1 1 1 10 8 1 10 100 12 1 1 8 1 10 100 12 1 1 8 1 8 1 10 12 1 8 1 10 12 1 8 1 10 12 1 10 12 1 10 12 1 1 8 1 8 1 100 1 10 12 1 10 12 1 1 100 1 10 12 1 8 1 10 12 1 10 12 1 10 8 1 10 12 1 1 10 12 1 1 10 12 1 1 10 12 1 1 10 12 1 10 12 1 10 12 1 10 12 1 1 10 10 10 12 1 1 1 1 1 1 1 1 1 1 1 1 1 1 1 1 1 1 1 1 1 1 1 1 100 1 1 1 1 1 1 1 1 1 1 1 1 1 1 1 1 1 1 1 1 1 1 1 1 1 1 1 1 1 1 1 1 1 1 1 1 1 1 1 1 1 1 1 1 1 1 1 1 1 1 1 1 3 1 1
ciInstanceKlass java/net/URL 1 1 743 10 7 12 1 1 1 10 12 1 10 7 12 1 1 9 12 1 1 9 12 1 10 7 12 1 1 1 10 12 1 1 10 12 1 1 9 12 1 1 10 7 12 1 1 1 8 1 10 12 1 1 100 1 10 10 12 1 1 8 1 10 12 1 1 9 12 1 100 1 8 1 10 12 1 10 12 1 8 1 9 12 1 10 12 1 1 9 12 1 10 12 1 10 12 1 9 12 1 9 12 1 8 1 9 12 1 10 12 1 1 8 1 9 12 1 1 10 12 1 1 10 7 12 1 1 1 8 1 10 12 1 7 1 10 12 1 10 12 1 10 12 1 10 12 1 1 10 12 1 1 8 1 10 12 1 1 10 12 1 8 1 9 12 1 8 1 10 12 1 10 7 12 1 1 1 100 1 10 12 1 10 12 1 1 10 100 12 1 1 1 100 1 8 1 10 10 12 1 8 1 10 12 1 1 10 12 1 10 12 1 10 12 1 10 12 1 10 12 1 8 1 10 12 1 10 10 7 12 1 1 1 10 12 1 9 100 12 1 1 1 10 100 12 1 1 1 9 12 1 1 10 12 1 10 100 12 1 1 1 100 1 100 1 10 12 1 10 12 1 10 12 1 10 12 1 10 12 1 10 12 10 10 10 12 1 100 1 10 12 1 10 12 1 1 8 1 9 100 12 1 1 1 10 100 12 1 1 1 10 12 1 1 9 100 12 1 1 1 10 12 1 1 100 1 10 12 1 10 12 1 10 10 12 1 1 10 12 1 1 10 12 1 10 12 1 10 12 1 10 7 12 1 1 1 10 12 1 1 10 12 1 9 12 1 1 9 12 1 1 100 1 8 1 10 10 12 1 9 12 1 1 10 7 12 1 1 8 1 10 100 12 1 1 8 1 10 12 1 1 10 12 1 8 1 8 1 10 7 12 1 1 1 100 1 10 100 12 1 1 1 10 12 1 10 12 1 100 1 10 9 12 1 1 10 7 12 1 1 8 1 10 12 1 1 100 1 10 10 100 12 1 1 1 8 9 100 12 1 1 1 10 12 1 10 12 1 10 12 1 10 12 1 10 100 12 1 1 11 7 12 1 1 10 12 1 10 12 1 9 12 1 10 12 1 1 10 100 12 1 1 10 100 12 1 1 1 8 10 100 12 1 1 100 1 10 8 8 10 12 1 8 8 8 100 1 10 12 1 9 12 1 1 10 12 1 10 12 1 1 10 12 1 10 12 10 12 1 1 10 12 1 1 10 10 10 12 1 10 12 1 10 12 1 10 12 1 10 12 1 10 10 12 1 100 1 8 1 10 10 10 12 1 1 10 12 1 10 12 1 1 8 1 7 1 10 10 10 7 1 10 12 1 9 7 12 1 1 1 9 12 1 1 7 1 10 10 7 12 1 1 1 100 1 1 1 1 1 5 0 1 1 1 1 1 1 1 1 1 1 1 1 1 1 1 1 1 1 1 1 1 1 1 1 1 1 1 1 1 1 1 1 1 1 1 1 1 1 1 100 1 1 1 1 1 1 1 1 1 1 1 1 1 1 1 1 1 1 1 1 1 1 1 1 1 1 1 1 1 1 1 1 1 1 1 1 1 100 1 1 1 1 1 1 1 1 1 1 1 1 1 1 1 1 100 1 1 1 1 1 1 1 1 1 1 1 1 1 1 1 1 1 1
staticfield java/net/URL defaultFactory Ljava/net/URLStreamHandlerFactory; java/net/URL$DefaultFactory
staticfield java/net/URL streamHandlerLock Ljava/lang/Object; java/lang/Object
staticfield java/net/URL serialPersistentFields [Ljava/io/ObjectStreamField; 7 [Ljava/io/ObjectStreamField;
ciInstanceKlass java/util/jar/Manifest 1 1 336 10 7 12 1 1 1 7 1 10 9 7 12 1 1 1 7 1 10 9 12 1 1 9 12 1 1 10 12 1 10 12 1 1 10 12 1 1 10 12 1 1 10 12 1 1 11 7 1 11 12 1 1 10 12 1 1 10 100 12 1 1 1 100 1 100 1 10 8 1 10 12 1 1 10 12 1 1 10 12 1 10 12 1 11 100 1 10 12 1 10 12 1 1 11 12 1 1 10 12 1 11 12 1 1 11 100 12 1 1 1 11 100 12 1 1 11 12 1 1 100 1 10 12 1 8 1 11 12 1 7 1 10 12 1 1 11 12 1 10 12 1 10 12 1 10 100 12 1 1 1 8 1 10 12 1 1 10 9 7 12 1 1 1 10 12 1 1 10 100 12 1 10 12 1 10 12 1 9 100 12 1 1 1 8 1 10 12 1 8 1 8 1 7 1 10 12 1 10 12 1 10 12 1 1 100 1 8 1 10 12 1 1 8 1 10 10 12 1 1 8 1 10 12 1 1 10 7 12 1 1 1 10 12 1 10 11 12 1 1 10 12 1 10 7 12 1 1 1 10 12 1 1 10 12 1 1 11 10 12 1 11 10 12 1 100 1 1 1 1 1 1 1 1 1 1 1 1 1 1 1 1 1 1 1 1 1 1 1 1 1 1 1 1 1 1 1 1 1 1 1 1 1 1 1 1 1 1 1 100 1 1 1 1 1 1 1 1 1 1 1 1 1 1 100 1 1 1 1 1 1 1 1 1 1 1
ciInstanceKlass java/util/Objects 1 1 151 10 7 12 1 1 1 100 1 8 1 10 12 1 10 12 1 1 10 7 12 1 1 1 10 12 1 1 10 12 1 10 100 12 1 1 1 10 12 1 1 11 100 12 1 1 1 100 1 10 10 12 1 8 1 10 100 12 1 1 1 8 1 100 1 11 12 1 1 8 1 10 7 12 1 1 1 10 12 1 1 10 12 1 10 12 1 10 12 1 10 12 1 1 1 1 1 1 1 1 1 1 1 1 1 1 1 1 1 1 1 1 1 1 1 1 1 1 1 1 1 1 1 1 1 1 1 1 1 1 1 1 1 1 1 1 1 1 1 1 1 1 1 1 1 1 1 1 1 1 1
instanceKlass java/util/EnumMap
instanceKlass com/android/tools/r8/internal/cW
instanceKlass java/util/TreeMap
instanceKlass java/util/IdentityHashMap
instanceKlass java/util/WeakHashMap
instanceKlass java/util/Collections$EmptyMap
instanceKlass sun/util/PreHashedMap
instanceKlass java/util/HashMap
instanceKlass java/util/ImmutableCollections$AbstractImmutableMap
instanceKlass java/util/concurrent/ConcurrentHashMap
ciInstanceKlass java/util/AbstractMap 1 1 192 10 7 12 1 1 1 10 7 12 1 1 1 11 7 12 1 1 1 10 11 12 1 1 11 7 12 1 1 1 11 12 1 1 7 1 11 12 1 10 12 1 1 11 12 1 100 1 10 11 12 1 11 7 1 10 12 1 1 11 12 1 9 12 1 1 7 1 10 12 1 9 12 1 1 100 1 10 11 11 12 1 1 11 12 1 100 1 100 1 11 12 1 8 1 100 1 10 10 12 1 1 8 1 10 12 1 10 12 1 1 10 12 1 1 1 1 1 1 1 1 1 1 1 1 1 1 1 1 1 1 1 1 1 1 1 1 1 1 1 1 1 1 1 1 1 1 1 1 1 1 1 1 100 1 1 1 1 1 1 1 1 1 1 1 1 1 1 1 1 100 1 1 1 1 1 1 1 1 1 100 1 100 1 100 1 100 1 1 1 1 1
ciInstanceKlass java/util/List 1 1 217 10 100 12 1 1 1 11 100 12 1 1 1 11 100 12 1 1 1 11 12 1 1 11 100 12 1 1 11 12 1 1 11 12 1 1 10 100 12 1 1 1 100 1 100 1 10 12 1 1 100 1 10 100 12 1 1 1 9 7 12 1 1 1 7 1 10 12 10 12 1 7 1 10 12 1 1 10 12 1 10 12 1 1 100 1 1 1 1 1 1 1 1 1 1 1 1 1 1 1 1 1 1 1 1 1 1 1 1 1 1 1 1 1 1 1 1 1 1 1 1 1 1 1 1 1 1 1 1 1 1 1 1 1 1 100 1 100 1 1 1 1 1 1 1 1 1 1 1 1 1 1 1 1 1 1 1 1 1 1 1 1 1 1 1 1 1 1 1 1 1 1 1 1 1 1 1 1 1 1 1 1 1 1 1 1 1 1 1 1 1 1 1 1 1 1 1 1 1 1 1 1 1 1 1 1 1 1 1 1 100 1 1 100 1 1 1
instanceKlass java/util/Collections$SingletonList
instanceKlass java/util/ArrayList$SubList
instanceKlass java/util/Vector
instanceKlass sun/security/jca/ProviderList$ServiceList
instanceKlass sun/security/jca/ProviderList$3
instanceKlass java/util/Arrays$ArrayList
instanceKlass java/util/Collections$EmptyList
instanceKlass java/util/ArrayList
ciInstanceKlass java/util/AbstractList 1 1 218 10 7 12 1 1 1 9 7 12 1 1 1 10 12 1 1 10 12 1 1 100 1 10 10 12 1 1 11 100 12 1 1 1 11 12 1 1 11 12 1 10 100 12 1 1 1 10 12 1 11 12 1 11 12 1 11 12 1 10 12 1 1 10 12 1 1 11 100 12 1 1 1 11 100 1 11 100 1 10 12 1 100 1 10 12 1 10 12 1 1 100 1 100 1 10 12 1 100 1 10 100 1 100 1 10 8 1 10 12 1 1 10 12 1 10 12 1 1 10 12 1 8 1 100 1 8 1 8 1 8 1 10 100 1 11 10 10 12 1 11 12 1 10 12 1 1 8 1 8 1 1 1 1 1 1 1 1 1 1 1 1 1 1 1 1 1 1 1 1 1 1 1 1 1 1 1 1 1 1 1 1 1 1 1 1 1 1 1 1 1 1 1 1 1 1 1 1 1 1 1 1 1 1 1 1 1 1 100 1 100 1 1 1 1 1 1 1
ciMethod java/util/Objects equals (Ljava/lang/Object;Ljava/lang/Object;)Z 728 0 33315 0 -1
ciMethod java/util/Objects requireNonNull (Ljava/lang/Object;)Ljava/lang/Object; 1008 0 300329 0 96
ciInstanceKlass java/lang/AssertionStatusDirectives 0 0 24 10 100 12 1 1 1 100 1 1 1 1 1 1 1 1 1 1 1 1 1 1 1 1
ciInstanceKlass java/lang/invoke/MethodHandleNatives$CallSiteContext 1 1 49 10 7 12 1 1 1 7 1 10 10 7 12 1 1 1 10 7 12 1 1 1 10 7 12 1 1 1 100 1 1 1 1 1 1 1 1 1 1 1 1 1 1 1 1 1 100 1 1
ciInstanceKlass jdk/internal/invoke/NativeEntryPoint 0 0 92 10 100 12 1 1 1 9 100 12 1 1 1 10 100 12 1 1 1 100 1 9 12 1 9 12 1 9 12 1 1 9 12 1 1 9 12 1 1 100 1 8 1 10 12 1 11 100 12 1 1 1 10 12 1 1 10 12 1 11 100 12 1 1 11 12 1 10 12 1 1 10 12 1 1 1 1 1 1 1 1 1 1 1 1 1 1 1 1 1 1 1
instanceKlass java/lang/invoke/VolatileCallSite
instanceKlass java/lang/invoke/MutableCallSite
instanceKlass java/lang/invoke/ConstantCallSite
ciInstanceKlass java/lang/invoke/CallSite 1 1 302 10 7 12 1 1 1 10 7 12 1 1 1 9 7 12 1 1 1 10 12 1 1 9 12 1 1 10 7 12 1 1 1 10 12 1 100 1 10 12 1 1 10 12 1 1 9 100 12 1 1 1 10 100 12 1 1 10 12 1 1 100 1 100 1 10 10 100 12 1 1 1 10 12 1 1 8 1 10 12 1 10 12 1 1 10 12 1 10 12 1 1 10 12 1 1 10 10 100 12 1 1 10 12 1 1 9 12 1 9 100 12 1 1 1 8 1 10 7 12 1 1 1 10 12 1 1 100 1 10 12 1 1 9 12 1 8 1 100 1 10 12 1 10 12 1 100 1 8 1 10 10 12 1 10 12 1 1 100 1 10 12 1 1 10 12 1 10 12 1 10 12 1 1 10 12 1 1 9 12 1 1 8 10 12 1 1 9 12 1 1 100 1 10 10 12 1 10 100 12 1 1 1 10 12 1 1 10 12 1 1 10 12 1 10 7 12 1 1 1 100 1 8 1 10 10 12 10 12 1 1 100 1 100 1 100 1 8 1 10 12 1 10 7 12 1 1 1 1 1 1 1 1 1 1 1 1 1 1 1 1 1 1 1 1 1 1 1 1 1 1 1 1 1 1 1 1 1 1 1 1 1 1 1 1 1 1 1 1 1 1 1 1 1 1 1 1 1 1 1 1 1
staticfield java/lang/invoke/CallSite $assertionsDisabled Z 1
ciInstanceKlass java/lang/invoke/VolatileCallSite 0 0 37 10 100 12 1 1 1 10 12 1 10 100 12 1 1 1 10 12 1 10 12 1 1 1 1 1 1 1 1 1 1 1 1 1 1 1 1
ciInstanceKlass java/lang/invoke/MethodType 1 1 771 7 1 10 7 12 1 1 1 9 12 1 1 9 12 1 1 9 12 1 1 10 7 12 1 1 1 9 7 12 1 1 8 1 10 100 12 1 1 1 9 7 1 9 7 1 10 12 1 1 100 1 10 8 1 10 12 1 1 10 12 1 10 12 1 1 100 1 8 1 10 12 1 100 1 10 10 12 1 10 12 1 1 10 12 1 1 11 7 12 1 1 1 9 12 1 11 12 1 1 7 7 1 10 7 12 1 1 1 10 12 1 9 12 1 1 10 7 12 1 1 10 12 1 1 10 7 12 1 1 1 10 7 12 1 1 1 10 12 1 9 12 1 1 10 12 1 1 100 1 10 12 1 1 10 12 1 1 10 12 1 1 10 12 1 1 10 12 1 1 10 12 1 10 12 1 10 12 1 1 10 12 1 8 1 8 1 10 12 1 1 9 12 1 1 100 1 10 10 12 1 1 10 12 1 10 12 1 1 10 12 1 1 10 12 1 10 12 1 1 10 12 1 8 1 10 12 1 1 10 100 12 1 1 1 10 12 1 10 12 1 1 10 12 1 10 12 1 10 12 1 1 10 12 1 10 12 1 9 12 1 10 12 1 10 10 12 1 1 10 12 1 9 12 1 1 10 12 1 1 10 12 1 1 10 12 1 1 10 12 1 1 7 1 10 12 10 12 1 10 12 1 100 1 8 1 8 1 8 1 10 12 1 10 12 1 10 12 1 10 11 12 1 1 11 12 1 10 100 12 1 1 1 9 12 1 10 12 1 10 12 1 1 10 12 1 1 10 12 1 10 12 1 10 100 12 1 1 1 10 12 1 1 10 12 1 10 12 1 10 12 1 10 9 12 1 1 7 1 10 12 1 10 12 1 1 9 100 12 1 1 1 10 100 12 1 1 1 10 100 12 1 1 1 10 12 1 1 10 100 12 1 1 1 10 12 1 1 8 1 10 7 12 1 1 1 11 12 1 1 9 12 1 1 10 12 1 1 10 12 1 10 12 1 1 10 12 1 1 10 100 12 1 1 100 1 10 12 1 1 11 100 12 1 1 1 18 12 1 1 11 12 1 1 18 12 1 11 12 1 100 1 11 100 12 1 1 10 12 1 100 1 10 12 1 10 100 12 1 1 10 12 1 1 9 12 1 1 9 100 12 1 1 1 10 100 12 1 1 1 9 12 1 10 100 12 1 1 10 12 1 100 10 12 1 1 10 12 1 10 7 1 7 1 9 12 1 1 100 1 100 1 100 1 1 1 5 0 1 1 1 1 1 1 1 3 1 3 1 3 1 1 1 1 1 1 1 1 1 1 1 1 1 1 1 1 1 1 1 1 1 1 1 1 1 1 1 1 1 1 1 1 1 1 1 1 1 1 1 1 1 1 1 1 1 1 1 1 1 1 1 1 1 1 1 1 1 1 1 1 1 1 1 1 1 1 1 1 1 1 1 1 1 1 1 1 1 1 1 1 1 1 1 1 1 1 1 1 1 1 1 1 1 1 1 1 1 1 1 1 1 1 1 1 1 1 1 1 1 1 1 1 1 1 1 1 1 1 1 1 1 1 1 1 1 1 1 100 1 100 1 1 1 1 1 1 1 1 1 1 1 1 1 100 1 1 1 100 1 1 1 1 1 1 1 1 1 1 1 1 1 1 1 1 1 1 1 1 1 15 10 100 12 1 1 1 16 15 10 12 16 16 15 10 12 16 1 1 1 1 100 1 1 100 1 1 100 1 100 1 1
staticfield java/lang/invoke/MethodType internTable Ljava/lang/invoke/MethodType$ConcurrentWeakInternSet; java/lang/invoke/MethodType$ConcurrentWeakInternSet
staticfield java/lang/invoke/MethodType NO_PTYPES [Ljava/lang/Class; 0 [Ljava/lang/Class;
staticfield java/lang/invoke/MethodType objectOnlyTypes [Ljava/lang/invoke/MethodType; 20 [Ljava/lang/invoke/MethodType;
staticfield java/lang/invoke/MethodType METHOD_HANDLE_ARRAY [Ljava/lang/Class; 1 [Ljava/lang/Class;
staticfield java/lang/invoke/MethodType serialPersistentFields [Ljava/io/ObjectStreamField; 0 [Ljava/io/ObjectStreamField;
staticfield java/lang/invoke/MethodType $assertionsDisabled Z 1
ciInstanceKlass java/lang/BootstrapMethodError 0 0 45 10 100 12 1 1 1 10 12 1 10 12 1 10 100 12 1 1 1 10 100 12 1 1 1 1 1 1 5 0 1 1 1 1 1 1 1 1 1 1 1 100 1 1 1
instanceKlass sun/security/pkcs/SignerInfo$AlgorithmInfo
ciInstanceKlass java/lang/Record 1 1 22 10 7 12 1 1 1 100 1 1 1 1 1 1 1 1 1 1 1 1 1 1
ciInstanceKlass java/lang/ClassNotFoundException 0 0 96 100 1 10 100 12 1 1 1 10 12 1 10 12 1 1 10 100 12 1 1 1 8 1 10 100 12 1 1 1 10 100 12 1 1 10 100 12 1 1 1 10 100 12 1 1 1 10 12 1 1 100 1 10 12 1 9 12 1 1 1 1 1 5 0 1 1 1 1 1 1 1 1 1 1 1 1 1 1 1 1 1 1 100 1 1 1 1 1 1 1 1 1 1 1 1
ciInstanceKlass jdk/internal/loader/ClassLoaders$AppClassLoader 1 1 119 8 1 10 7 12 1 1 1 10 7 12 1 1 1 10 100 12 1 1 1 10 12 1 1 10 100 12 1 1 1 10 12 1 1 10 12 1 1 7 1 8 1 10 12 10 7 12 1 1 1 10 100 12 1 1 10 12 1 1 10 12 1 1 10 7 12 1 1 1 100 1 10 12 1 1 1 1 1 1 1 1 1 1 1 1 1 1 1 1 1 1 1 1 1 100 1 1 1 1 1 1 1 1 1 1 1 1 1 1 1 1 1 1 1 100 1 1 1
ciInstanceKlass jdk/internal/loader/ClassLoaders$PlatformClassLoader 1 1 42 8 1 10 7 12 1 1 1 10 7 12 1 1 1 100 1 10 12 1 100 1 1 1 1 1 1 1 1 1 1 1 1 1 1 100 1 1 1 100 1 1
ciInstanceKlass java/lang/ArithmeticException 1 1 26 10 100 12 1 1 1 10 12 1 100 1 1 1 1 5 0 1 1 1 1 1 1 1 1 1
ciInstanceKlass java/lang/NullPointerException 1 1 52 10 100 12 1 1 1 10 12 1 9 100 12 1 1 1 10 12 1 1 9 12 1 1 10 12 1 1 10 12 1 1 1 1 5 0 1 1 1 1 1 1 1 1 100 1 100 1 100 1 1 1
ciInstanceKlass java/lang/IllegalMonitorStateException 1 1 26 10 100 12 1 1 1 10 12 1 100 1 1 1 1 5 0 1 1 1 1 1 1 1 1 1
ciInstanceKlass java/lang/OutOfMemoryError 1 1 26 10 100 12 1 1 1 10 12 1 100 1 1 1 1 5 0 1 1 1 1 1 1 1 1 1
ciInstanceKlass java/lang/InternalError 0 0 34 10 100 12 1 1 1 10 12 1 10 12 1 10 12 1 100 1 1 1 1 5 0 1 1 1 1 1 1 1 1 1 1 1
ciInstanceKlass java/lang/ClassCastException 1 1 26 10 100 12 1 1 1 10 12 1 100 1 1 1 1 5 0 1 1 1 1 1 1 1 1 1
ciInstanceKlass java/lang/NoClassDefFoundError 0 0 26 10 100 12 1 1 1 10 12 1 100 1 1 1 1 5 0 1 1 1 1 1 1 1 1 1
instanceKlass java/nio/IntBuffer
instanceKlass java/nio/LongBuffer
instanceKlass java/nio/CharBuffer
instanceKlass java/nio/ByteBuffer
ciInstanceKlass java/nio/Buffer 1 1 224 100 1 10 7 12 1 1 1 9 7 12 1 1 1 9 12 1 9 12 1 1 9 12 1 9 12 1 1 10 12 1 1 10 12 1 1 10 12 100 1 100 1 10 8 1 10 12 1 1 10 12 1 8 1 8 1 10 12 1 1 10 12 1 8 1 9 12 1 1 100 1 8 1 10 12 1 8 1 8 1 9 12 10 12 1 8 1 8 1 8 1 10 12 1 8 1 8 1 8 1 100 1 10 100 1 10 100 1 10 100 1 10 10 100 12 1 1 1 10 11 100 12 1 1 10 7 12 1 1 1 10 7 12 1 1 1 9 12 1 1 10 7 12 1 1 1 9 12 1 1 7 1 10 10 7 12 1 1 1 1 1 3 1 1 1 1 1 1 1 1 1 1 1 1 1 1 1 1 1 1 100 1 1 1 1 1 1 1 1 1 1 1 1 1 1 1 1 1 1 1 1 1 1 1 1 1 1 1 1 1 1 1 1 1 1 1 1 1 1 1 1 1 1
staticfield java/nio/Buffer UNSAFE Ljdk/internal/misc/Unsafe; jdk/internal/misc/Unsafe
staticfield java/nio/Buffer SCOPED_MEMORY_ACCESS Ljdk/internal/misc/ScopedMemoryAccess; jdk/internal/misc/ScopedMemoryAccess
staticfield java/nio/Buffer $assertionsDisabled Z 1
ciInstanceKlass jdk/internal/util/ArraysSupport 1 1 271 7 1 100 1 8 1 10 12 1 1 10 12 1 1 10 100 12 1 1 9 7 12 1 1 1 9 12 1 1 10 7 12 1 1 1 9 12 1 1 10 7 12 1 1 1 9 12 1 10 12 9 12 1 10 12 1 1 10 12 9 12 1 9 12 1 10 12 1 1 9 12 1 9 12 1 9 12 1 9 12 1 9 12 1 9 12 1 9 12 1 10 12 1 1 10 100 12 1 1 1 9 12 1 9 12 1 10 12 1 1 10 12 1 9 12 1 10 12 1 10 100 12 1 1 1 9 12 1 9 12 1 10 12 1 10 12 1 10 7 12 1 1 1 3 10 12 1 100 1 100 1 10 8 1 10 12 1 1 10 12 1 8 1 8 1 10 12 1 1 10 10 12 1 1 10 12 1 1 9 12 1 10 12 1 9 12 1 9 12 1 9 12 1 9 12 1 9 12 1 9 12 1 9 12 1 100 1 1 1 1 1 1 1 1 1 1 1 1 1 1 1 1 1 1 1 1 1 1 1 1 1 1 1 1 1 1 1 1 1 1 1 1 1 1 1 1 1 1 1 1 1 1 1 1 1 1 1 1 1 1 1 1 1 1 1 1 1 1 1 1
staticfield jdk/internal/util/ArraysSupport U Ljdk/internal/misc/Unsafe; jdk/internal/misc/Unsafe
staticfield jdk/internal/util/ArraysSupport BIG_ENDIAN Z 0
staticfield jdk/internal/util/ArraysSupport LOG2_ARRAY_BOOLEAN_INDEX_SCALE I 0
staticfield jdk/internal/util/ArraysSupport LOG2_ARRAY_BYTE_INDEX_SCALE I 0
staticfield jdk/internal/util/ArraysSupport LOG2_ARRAY_CHAR_INDEX_SCALE I 1
staticfield jdk/internal/util/ArraysSupport LOG2_ARRAY_SHORT_INDEX_SCALE I 1
staticfield jdk/internal/util/ArraysSupport LOG2_ARRAY_INT_INDEX_SCALE I 2
staticfield jdk/internal/util/ArraysSupport LOG2_ARRAY_LONG_INDEX_SCALE I 3
staticfield jdk/internal/util/ArraysSupport LOG2_ARRAY_FLOAT_INDEX_SCALE I 2
staticfield jdk/internal/util/ArraysSupport LOG2_ARRAY_DOUBLE_INDEX_SCALE I 3
staticfield jdk/internal/util/ArraysSupport LOG2_BYTE_BIT_SIZE I 3
ciMethod jdk/internal/util/ArraysSupport newLength (III)I 686 0 8664 0 128
ciMethod jdk/internal/util/ArraysSupport hugeLength (II)I 0 0 1 0 -1
ciInstanceKlass jdk/internal/misc/UnsafeConstants 1 1 34 10 100 12 1 1 1 9 7 12 1 1 1 9 12 1 9 12 1 1 9 12 1 9 12 1 1 1 1 1 1 1 1 1
staticfield jdk/internal/misc/UnsafeConstants ADDRESS_SIZE0 I 8
staticfield jdk/internal/misc/UnsafeConstants PAGE_SIZE I 4096
staticfield jdk/internal/misc/UnsafeConstants BIG_ENDIAN Z 0
staticfield jdk/internal/misc/UnsafeConstants UNALIGNED_ACCESS Z 1
staticfield jdk/internal/misc/UnsafeConstants DATA_CACHE_LINE_FLUSH_SIZE I 0
instanceKlass java/lang/invoke/DelegatingMethodHandle
instanceKlass java/lang/invoke/BoundMethodHandle
instanceKlass java/lang/invoke/DirectMethodHandle
ciInstanceKlass java/lang/invoke/MethodHandle 1 1 644 100 1 9 7 12 1 1 1 10 7 12 1 1 1 10 7 12 1 1 1 7 1 7 1 10 12 1 1 9 12 1 1 10 12 1 10 12 1 1 10 12 1 1 10 100 12 1 1 1 10 12 1 1 10 12 1 1 11 100 12 1 1 1 10 12 1 1 10 12 1 10 12 1 9 12 1 1 10 12 1 1 100 1 100 1 10 8 1 10 12 1 1 10 12 1 8 1 10 12 1 1 10 12 1 10 7 12 1 1 1 10 12 1 10 12 1 1 10 12 1 1 10 12 1 1 10 12 1 1 10 7 12 1 1 1 10 100 12 1 1 1 7 1 10 12 1 1 10 12 1 1 10 12 1 1 8 1 10 7 12 1 1 1 8 1 10 12 1 1 10 12 1 1 10 12 1 1 10 12 1 8 1 10 12 1 1 8 1 10 12 1 8 1 10 100 12 1 1 1 9 12 1 1 100 1 10 9 100 12 1 1 1 9 100 1 8 1 10 12 1 1 10 12 1 10 12 1 1 10 12 1 10 12 1 1 10 12 1 10 12 1 1 10 12 1 10 12 1 1 10 12 1 1 8 1 10 12 1 1 8 1 10 12 1 10 12 1 1 10 12 1 10 12 1 10 12 1 1 9 100 12 1 1 1 10 12 1 1 11 12 1 10 12 1 10 12 1 1 10 100 12 1 1 1 100 1 11 12 1 10 100 1 11 12 1 100 1 10 12 1 11 12 1 9 100 12 1 1 1 11 12 1 1 11 100 12 1 1 1 10 12 1 1 9 12 1 11 12 1 9 12 1 9 12 1 9 12 1 11 12 1 1 9 12 1 9 12 1 9 12 1 9 12 1 9 12 1 9 12 1 9 12 1 8 1 10 12 1 10 12 1 8 1 10 12 1 10 12 1 10 10 7 12 1 1 10 12 1 1 100 1 8 1 10 12 1 1 10 12 1 1 10 12 1 10 12 1 100 1 10 100 12 1 1 1 10 12 1 9 7 12 1 1 1 10 12 1 1 10 12 1 1 8 1 9 12 1 9 12 1 1 9 12 1 1 10 12 1 7 1 10 12 1 10 12 1 1 9 12 1 1 9 12 1 1 10 7 12 1 1 1 11 7 12 1 1 9 12 1 10 12 1 1 10 12 1 9 12 1 10 12 1 8 10 12 1 1 8 1 1 1 1 1 1 100 1 1 1 1 1 1 1 1 1 1 1 1 1 1 1 1 1 1 1 1 1 1 1 1 1 1 1 1 1 1 1 1 1 1 1 1 1 1 1 1 1 1 1 1 1 1 1 1 1 1 1 1 1 1 1 1 1 1 1 1 1 1 1 1 1 1 1 1 1 100 1 1 1 1 1 1 1 1 1 100 1 1 1 1 1 1 1 1 1 1 1 1 1 1 1 1 1 1 1 1 1 1 1 1 1 1 1 100 1 1 100 1 1 100 1 1 1 1
staticfield java/lang/invoke/MethodHandle FORM_OFFSET J 20
staticfield java/lang/invoke/MethodHandle UPDATE_OFFSET J 13
staticfield java/lang/invoke/MethodHandle $assertionsDisabled Z 1
ciInstanceKlass jdk/internal/reflect/CallerSensitive 0 0 17 100 1 100 1 100 1 1 1 1 1 1 1 1 1 1 1
ciInstanceKlass jdk/internal/reflect/NativeConstructorAccessorImpl 1 1 126 10 7 12 1 1 1 9 7 12 1 1 1 9 12 1 1 10 7 12 1 1 1 10 7 12 1 1 1 10 7 12 1 1 1 9 12 1 9 12 1 1 9 12 1 1 10 7 12 1 1 1 7 1 10 10 12 1 1 10 12 1 10 12 1 10 12 1 1 9 12 1 1 10 7 12 1 1 1 100 1 10 12 1 1 10 12 1 1 8 10 12 1 1 1 1 1 1 1 1 1 1 1 1 1 1 1 1 1 1 1 1 1 1 100 1 100 1 100 1 1 1 1 1 1 1
staticfield jdk/internal/reflect/NativeConstructorAccessorImpl U Ljdk/internal/misc/Unsafe; jdk/internal/misc/Unsafe
staticfield jdk/internal/reflect/NativeConstructorAccessorImpl GENERATED_OFFSET J 16
instanceKlass java/lang/invoke/DirectMethodHandle$Interface
instanceKlass java/lang/invoke/DirectMethodHandle$Special
instanceKlass java/lang/invoke/DirectMethodHandle$Constructor
instanceKlass java/lang/invoke/DirectMethodHandle$Accessor
ciInstanceKlass java/lang/invoke/DirectMethodHandle 1 1 940 7 1 7 1 100 1 7 1 7 1 10 7 12 1 1 1 10 7 12 1 1 1 100 1 10 12 1 10 12 1 1 10 7 12 1 1 10 12 1 1 10 12 1 10 12 1 7 1 10 12 1 1 10 12 1 1 10 12 1 10 12 1 1 10 7 12 1 1 1 10 12 1 9 12 1 1 100 1 10 9 12 1 1 9 12 1 10 12 1 10 12 1 10 12 1 1 10 12 1 10 12 1 10 12 1 10 7 12 1 1 1 10 12 1 10 12 1 1 8 1 10 12 1 1 7 1 10 12 1 7 1 10 10 12 1 10 12 1 10 12 1 10 7 12 1 1 1 10 12 1 1 100 1 10 12 1 10 12 1 7 1 10 12 1 10 12 1 1 10 12 1 1 10 12 1 8 10 100 12 1 1 1 10 12 1 10 12 1 10 12 1 1 10 12 1 9 7 12 1 1 1 7 1 10 12 1 10 7 12 1 1 1 10 12 1 10 12 1 1 9 12 1 1 100 1 10 8 1 10 12 1 1 10 12 1 10 12 1 10 10 12 1 10 12 1 10 12 1 10 12 1 10 12 1 1 10 12 1 10 12 1 1 10 12 1 10 12 1 1 10 10 7 12 1 1 1 10 12 1 10 12 1 1 10 12 1 10 12 1 1 8 1 9 7 12 1 1 1 8 1 9 12 1 9 12 1 8 1 9 12 1 9 12 1 8 1 9 12 1 9 12 1 8 1 10 12 1 10 12 1 1 9 12 1 1 7 1 10 12 1 1 100 1 10 7 12 1 1 1 10 12 1 1 10 12 1 10 12 1 1 7 1 10 12 1 1 10 12 1 10 12 1 1 7 1 10 12 1 1 10 7 12 1 1 1 10 12 1 10 12 1 10 12 1 9 12 1 1 10 7 1 9 12 9 12 1 10 7 12 1 1 1 10 12 1 7 1 7 1 7 1 9 12 1 1 10 7 12 1 10 12 1 1 10 12 1 100 1 10 12 1 10 12 1 1 9 100 12 1 1 1 10 12 1 1 100 1 10 100 12 1 1 1 10 12 1 10 12 1 8 1 9 12 1 9 12 1 10 12 1 9 12 1 1 10 100 12 1 1 1 9 12 1 1 9 12 1 1 10 12 1 10 12 1 10 12 1 10 12 1 10 12 1 1 10 12 1 10 7 12 1 1 9 12 1 10 12 1 10 12 1 10 12 1 10 12 1 1 10 12 1 1 9 12 1 1 10 12 1 1 9 7 12 1 1 1 9 12 1 9 12 1 9 12 1 9 12 1 9 12 1 9 12 1 9 12 1 9 12 1 9 12 1 9 12 1 9 12 1 9 12 1 9 12 1 9 12 1 9 12 1 9 12 1 9 12 1 9 12 1 9 12 1 9 12 1 9 12 1 9 12 1 9 12 1 9 12 1 9 12 1 9 12 1 9 12 1 9 12 1 9 12 1 9 12 1 9 12 1 9 12 1 9 12 1 9 12 1 9 12 1 9 12 1 8 1 9 12 1 1 9 12 1 1 10 12 1 10 12 1 1 9 7 1 10 12 1 9 12 1 1 10 12 10 12 1 10 12 1 10 12 1 10 8 1 8 1 8 1 8 1 10 12 1 1 9 12 1 1 10 12 1 10 100 12 1 1 1 8 9 12 1 1 10 12 1 1 8 1 8 8 9 12 1 8 1 8 8 8 8 8 1 8 10 12 1 10 12 1 8 1 8 1 10 12 1 10 12 1 10 12 1 10 12 1 1 7 1 1 1 1 3 1 3 1 3 1 3 1 3 1 3 1 3 1 3 1 3 1 3 1 1 1 1 1 1 1 1 1 1 3 1 3 1 1 1 1 3 1 1 1 1 1 1 1 1 1 1 1 1 1 1 1 1 1 1 1 1 1 1 1 1 1 1 1 1 1 1 1 1 1 1 1 1 1 1 1 1 1 1 1 1 1 1 1 1 1 1 1 1 1 1 1 1 100 1 1 1 1 1 1 1 1 1 1 1 1 100 1 1 1 1 1 1 1 1 1 1 1 1 1 1 1 1 1 1 1 1 1 1 1 1 1 1 1 1 1 1 1 1 1 1 1 1 1 1 1 1 1 1 1 1 1 1 1 1 1 1 1
staticfield java/lang/invoke/DirectMethodHandle IMPL_NAMES Ljava/lang/invoke/MemberName$Factory; java/lang/invoke/MemberName$Factory
staticfield java/lang/invoke/DirectMethodHandle FT_UNCHECKED_REF I 8
staticfield java/lang/invoke/DirectMethodHandle ACCESSOR_FORMS [Ljava/lang/invoke/LambdaForm; 132 [Ljava/lang/invoke/LambdaForm;
staticfield java/lang/invoke/DirectMethodHandle ALL_WRAPPERS [Lsun/invoke/util/Wrapper; 10 [Lsun/invoke/util/Wrapper;
staticfield java/lang/invoke/DirectMethodHandle NFS [Ljava/lang/invoke/LambdaForm$NamedFunction; 12 [Ljava/lang/invoke/LambdaForm$NamedFunction;
staticfield java/lang/invoke/DirectMethodHandle OBJ_OBJ_TYPE Ljava/lang/invoke/MethodType; java/lang/invoke/MethodType
staticfield java/lang/invoke/DirectMethodHandle LONG_OBJ_TYPE Ljava/lang/invoke/MethodType; java/lang/invoke/MethodType
staticfield java/lang/invoke/DirectMethodHandle $assertionsDisabled Z 1
ciInstanceKlass java/lang/Void 1 1 31 10 100 12 1 1 1 8 1 10 7 12 1 1 1 9 7 12 1 1 1 1 1 1 1 1 1 1 1 1 1
staticfield java/lang/Void TYPE Ljava/lang/Class; java/lang/Class
ciInstanceKlass java/lang/invoke/LambdaForm 1 1 1052 100 1 9 7 12 1 1 1 10 7 12 1 1 1 10 7 12 1 1 9 12 1 1 9 12 1 1 10 12 1 1 100 1 10 9 12 1 10 12 1 1 9 12 1 10 7 12 1 1 1 9 12 1 9 12 1 9 12 1 1 9 12 1 10 12 1 1 7 1 10 12 1 10 100 12 1 1 1 10 100 12 1 1 1 10 12 1 10 12 1 1 9 100 12 1 1 1 10 12 1 1 9 12 1 10 12 1 1 10 12 1 10 12 1 1 10 12 1 1 10 100 12 1 1 1 7 1 10 10 12 1 1 8 1 10 12 1 10 12 1 10 12 1 1 7 1 10 7 12 1 1 1 10 12 1 1 10 12 1 10 12 1 1 9 12 1 1 9 12 1 9 12 1 1 10 12 1 9 12 1 10 100 12 1 1 1 10 12 1 1 10 12 1 9 12 1 1 10 100 12 1 1 1 10 12 1 10 12 1 10 12 1 10 12 1 10 12 1 10 12 1 1 10 12 1 10 12 1 1 8 1 10 12 1 10 12 1 8 1 8 1 9 12 1 9 12 1 9 12 1 1 10 12 1 1 10 12 1 9 12 1 10 12 1 1 10 7 12 1 1 1 10 12 1 1 10 12 1 10 12 1 10 12 1 1 9 12 1 10 12 1 8 1 8 1 8 1 8 1 8 1 8 1 8 1 8 1 10 12 1 9 12 1 7 1 10 12 1 1 9 12 1 10 12 1 10 12 1 1 10 12 10 12 1 10 12 1 1 10 12 1 1 10 10 12 1 1 10 12 1 1 7 1 8 1 10 12 1 1 10 12 1 10 12 1 1 10 8 1 10 12 1 1 8 1 8 1 8 1 10 12 1 9 12 1 1 10 12 1 1 10 12 1 1 100 1 10 12 1 1 10 12 1 10 7 12 1 1 1 10 12 1 1 9 12 1 1 8 1 10 100 12 1 1 1 10 7 12 1 1 10 12 10 10 12 1 1 9 12 1 8 10 12 1 1 100 1 10 12 1 1 10 12 1 9 7 12 1 1 9 12 1 1 8 1 10 100 12 1 1 10 12 1 1 100 1 100 1 10 10 12 1 1 10 12 1 1 8 1 8 1 100 1 8 1 10 12 10 12 1 10 12 1 10 12 1 1 8 1 8 1 9 100 12 1 1 1 10 12 1 10 12 1 1 8 1 8 1 8 1 100 1 8 1 100 1 8 1 100 1 8 1 10 12 1 8 1 9 10 7 12 1 1 1 10 12 1 9 12 1 1 10 12 1 10 10 12 1 10 12 1 10 12 1 10 12 1 1 10 12 1 10 12 1 1 10 12 1 1 10 12 1 1 8 1 100 10 12 1 10 12 1 9 12 1 1 10 7 12 1 1 8 1 8 1 100 1 8 1 8 1 8 1 8 1 8 1 8 1 8 1 8 1 10 12 1 1 10 12 1 1 10 12 1 10 12 1 8 1 8 1 8 1 10 12 1 8 1 10 12 1 8 1 8 1 8 1 8 1 8 1 10 12 1 10 12 1 10 12 1 1 10 7 12 1 1 1 10 12 1 10 12 1 10 12 1 10 12 1 10 12 1 10 12 1 10 12 1 9 12 1 1 8 1 10 12 1 1 9 12 1 1 10 12 1 1 9 12 1 9 12 1 1 9 12 1 9 12 1 1 7 1 10 7 12 1 1 1 9 12 1 10 12 1 10 12 1 8 1 10 12 1 9 12 1 1 7 1 10 7 12 1 1 1 8 1 100 1 10 12 1 9 12 1 9 12 1 10 12 1 10 12 1 10 7 12 1 1 1 10 12 1 9 7 12 1 1 10 12 1 1 10 12 1 10 12 1 9 12 10 12 1 10 10 12 1 9 9 12 1 7 9 12 1 1 10 12 1 1 9 12 1 10 12 1 10 7 1 9 1 1 1 1 3 1 3 1 3 1 1 1 1 1 1 1 1 1 1 1 1 1 1 1 1 1 1 1 1 1 1 1 1 1 1 1 1 1 1 1 1 1 1 1 1 1 1 1 1 1 1 1 1 1 1 1 1 1 1 1 1 1 1 1 1 100 1 1 1 1 1 1 1 1 1 1 1 1 1 1 1 1 1 1 1 1 1 1 1 1 1 1 1 1 1 1 1 1 1 1 1 1 1 1 1 1 1 1 1 1 1 1 1 1 1 1 1 1 1 1 1 1 1 1 1 100 1 1 1 1 1 1 1 1 1 1 1 1 1 1 1 1 1 1 1 1 1 1 1 1 1 1 1 1 1 1 1 1 1 1 100 1 1 1 1 1 1 1 1 1 1 1 1 1 1 1 1 1 1 1 1 1 1 100 1 1 1 100 1 1 100 1 1 1 1 1 1 1 1 1 1 1
staticfield java/lang/invoke/LambdaForm COMPILE_THRESHOLD I 0
staticfield java/lang/invoke/LambdaForm INTERNED_ARGUMENTS [[Ljava/lang/invoke/LambdaForm$Name; 5 [[Ljava/lang/invoke/LambdaForm$Name;
staticfield java/lang/invoke/LambdaForm IMPL_NAMES Ljava/lang/invoke/MemberName$Factory; java/lang/invoke/MemberName$Factory
staticfield java/lang/invoke/LambdaForm LF_identity [Ljava/lang/invoke/LambdaForm; 6 [Ljava/lang/invoke/LambdaForm;
staticfield java/lang/invoke/LambdaForm LF_zero [Ljava/lang/invoke/LambdaForm; 6 [Ljava/lang/invoke/LambdaForm;
staticfield java/lang/invoke/LambdaForm NF_identity [Ljava/lang/invoke/LambdaForm$NamedFunction; 6 [Ljava/lang/invoke/LambdaForm$NamedFunction;
staticfield java/lang/invoke/LambdaForm NF_zero [Ljava/lang/invoke/LambdaForm$NamedFunction; 6 [Ljava/lang/invoke/LambdaForm$NamedFunction;
staticfield java/lang/invoke/LambdaForm createFormsLock Ljava/lang/Object; java/lang/Object
staticfield java/lang/invoke/LambdaForm DEBUG_NAME_COUNTERS Ljava/util/HashMap; null
staticfield java/lang/invoke/LambdaForm DEBUG_NAMES Ljava/util/HashMap; null
staticfield java/lang/invoke/LambdaForm TRACE_INTERPRETER Z 0
staticfield java/lang/invoke/LambdaForm $assertionsDisabled Z 1
ciInstanceKlass java/lang/invoke/MethodHandleNatives 1 1 684 100 1 10 7 12 1 1 1 9 7 12 1 1 1 10 12 1 1 100 1 10 10 12 1 1 10 12 1 10 12 1 8 1 8 1 8 1 8 1 8 1 8 1 8 1 8 1 8 1 8 1 10 12 1 1 7 1 10 7 12 1 1 1 10 100 12 1 1 1 7 1 10 10 12 1 1 8 1 10 12 1 8 1 10 12 1 1 8 1 10 12 1 1 9 100 12 1 1 1 8 1 10 100 12 1 1 1 100 1 10 12 100 1 100 1 8 1 7 1 10 10 12 1 7 1 9 7 12 1 1 10 12 1 1 10 12 1 10 7 12 1 1 1 7 1 10 12 1 1 10 7 12 1 1 1 10 12 1 10 12 1 1 10 12 1 1 9 12 1 8 1 10 12 1 8 1 10 12 1 8 1 8 1 8 1 100 1 10 12 1 8 1 10 12 1 1 10 12 1 10 100 12 1 1 1 100 1 8 1 10 100 12 1 1 1 7 1 8 1 10 12 1 8 1 8 1 8 1 8 1 8 1 10 12 1 1 10 12 1 1 10 12 1 10 12 1 1 10 12 1 1 7 1 10 12 1 100 1 100 1 10 12 1 10 12 1 8 1 8 1 10 10 12 1 1 10 12 1 1 8 1 10 100 12 1 1 1 8 1 8 1 10 12 1 1 10 7 12 1 1 1 100 1 10 12 1 1 7 1 9 12 1 1 10 7 12 1 1 1 10 10 12 1 9 12 1 10 12 1 1 9 12 1 9 12 1 10 12 1 1 10 12 1 10 12 1 1 7 1 7 1 10 12 1 1 10 12 1 10 12 1 1 10 7 12 1 1 1 10 12 1 8 1 10 12 1 10 12 1 10 12 1 1 10 12 1 10 7 12 1 1 1 10 12 1 1 100 1 8 1 10 9 7 12 1 1 1 10 12 1 1 10 12 1 1 100 1 10 12 1 1 10 12 1 1 100 1 100 1 10 10 100 1 100 1 10 100 1 10 10 12 1 1 10 100 1 10 12 1 10 12 1 10 12 1 1 10 12 1 1 10 12 1 1 10 12 1 10 12 1 1 10 8 1 100 1 10 12 1 10 12 1 10 12 1 10 12 1 10 12 1 1 10 12 1 9 12 1 1 10 7 12 1 1 1 9 12 1 1 11 7 12 1 1 1 10 12 1 10 12 1 10 10 12 1 10 7 12 1 1 1 1 1 1 1 1 1 1 1 1 1 1 1 100 1 1 1 1 1 1 1 1 1 1 1 1 1 1 1 1 1 1 1 1 1 1 1 1 1 1 1 1 1 1 1 1 1 1 1 1 1 1 1 1 1 1 1 1 1 1 1 1 1 1 1 1 1 1 1 1 1 1 1 1 1 1 1 1 1 1 1 1 1 1 1 1 1 1 1 1 1 1 1 1 1 1 1 1 1 1 1 1 1 1 1 1 1 1 1 1 1 1 100 1 1 1 1 1 1 1 1 1 1 1 1 1 1 1 1 1 1 1 1 1 1 1 1 1 1 1 1 100 1 1 1 1 1 1 1 100 1 1 1
staticfield java/lang/invoke/MethodHandleNatives JLA Ljdk/internal/access/JavaLangAccess; java/lang/System$2
staticfield java/lang/invoke/MethodHandleNatives $assertionsDisabled Z 1
ciInstanceKlass jdk/internal/reflect/ConstantPool 1 1 142 10 100 12 1 1 1 9 7 12 1 1 1 10 12 1 1 10 12 1 1 10 12 1 10 12 1 1 10 12 1 1 10 12 1 10 12 1 1 10 12 1 10 12 1 1 10 12 1 10 12 1 10 12 1 10 12 1 1 10 12 1 1 10 12 1 1 10 12 1 1 10 12 1 10 12 1 1 10 100 12 1 1 1 8 11 7 12 1 1 1 10 7 12 1 1 1 1 1 1 1 1 1 1 1 1 1 1 1 1 1 1 1 1 1 1 1 1 1 1 1 1 1 1 1 1 1 1 1 1 1 1 1 1 1 1 1 1 1 1 1 1
ciInstanceKlass jdk/internal/reflect/UnsafeStaticFieldAccessorImpl 0 0 47 10 100 12 1 1 1 9 100 12 1 1 1 10 100 12 1 1 1 9 12 1 1 8 11 100 12 1 1 1 10 100 12 1 1 1 1 1 1 1 1 1 1 1 1 1 1
instanceKlass jdk/internal/reflect/UnsafeFieldAccessorImpl
ciInstanceKlass jdk/internal/reflect/FieldAccessorImpl 1 1 59 10 100 12 1 1 1 100 1 100 1 1 1 1 1 1 1 1 1 100 1 1 1 1 1 1 1 1 1 1 1 1 1 1 1 1 1 1 1 100 1 1 1 1 1 1 1 1 1 1 1 1 1 1 1 1 1 1 1
instanceKlass jdk/internal/reflect/UnsafeStaticFieldAccessorImpl
ciInstanceKlass jdk/internal/reflect/UnsafeFieldAccessorImpl 1 1 254 10 100 12 1 1 1 9 7 12 1 1 1 10 100 12 1 1 1 10 100 12 1 1 1 9 12 1 1 10 7 12 1 1 1 9 12 1 1 10 12 1 10 12 1 9 12 1 10 12 1 1 10 100 12 1 1 10 100 12 1 1 1 10 12 1 1 100 1 10 10 12 1 1 10 12 1 1 8 1 10 10 12 1 100 1 8 1 10 12 1 8 1 10 12 1 8 1 10 12 1 100 1 10 12 1 1 10 8 1 10 12 1 1 8 1 10 100 12 1 1 8 1 10 100 12 1 1 8 1 10 100 12 1 1 8 1 10 100 12 1 1 8 1 10 100 12 1 1 8 1 10 100 12 1 1 8 1 10 100 12 1 1 8 1 10 100 12 1 1 10 12 1 1 8 1 8 1 8 1 8 1 8 1 8 1 10 100 12 1 1 1 8 1 8 1 8 1 10 12 10 12 1 1 1 1 1 1 1 1 1 1 1 1 1 1 1 1 1 1 1 1 1 1 1 1 1 1 1 1 1 1 1 1 1 1 1 1 1 1 1 1 1 1 1 1 1 1 1 1 1 1 1 1
staticfield jdk/internal/reflect/UnsafeFieldAccessorImpl unsafe Ljdk/internal/misc/Unsafe; jdk/internal/misc/Unsafe
ciInstanceKlass java/lang/invoke/ConstantCallSite 1 1 65 10 7 12 1 1 1 9 7 12 1 1 1 9 12 1 1 10 7 12 1 1 1 10 12 1 100 1 10 12 9 12 1 1 100 1 10 10 12 1 1 10 12 1 1 1 1 1 1 1 1 1 1 1 1 1 100 1 1 1 1 1 1 1 1
staticfield java/lang/invoke/ConstantCallSite UNSAFE Ljdk/internal/misc/Unsafe; jdk/internal/misc/Unsafe
ciInstanceKlass java/lang/invoke/MutableCallSite 0 0 63 10 100 12 1 1 1 10 12 1 9 100 12 1 1 1 10 12 1 10 12 1 1 9 12 1 1 10 100 12 1 1 1 10 100 12 1 1 1 10 12 1 1 1 1 1 1 1 1 1 1 1 1 1 1 1 1 1 1 100 1 1 1
instanceKlass java/lang/invoke/VarHandleReferences$Array
instanceKlass java/lang/invoke/VarHandleReferences$FieldInstanceReadOnly
instanceKlass java/lang/invoke/VarHandleInts$FieldStaticReadOnly
instanceKlass java/lang/invoke/VarHandleLongs$FieldInstanceReadOnly
instanceKlass java/lang/invoke/VarHandleInts$FieldInstanceReadOnly
instanceKlass java/lang/invoke/VarHandleByteArrayAsLongs$ByteArrayViewVarHandle
instanceKlass java/lang/invoke/VarHandleByteArrayAsInts$ByteArrayViewVarHandle
instanceKlass java/lang/invoke/VarHandleReferences$FieldStaticReadOnly
ciInstanceKlass java/lang/invoke/VarHandle 1 1 390 10 7 12 1 1 1 10 7 12 1 1 9 12 1 1 9 12 1 1 100 1 10 8 1 10 12 1 1 10 7 12 1 1 1 10 12 1 1 10 100 12 1 1 1 9 100 12 1 1 1 10 12 1 1 10 100 12 1 1 1 10 12 1 1 9 12 1 10 12 1 9 12 1 1 10 7 12 1 1 10 12 1 9 7 12 1 1 1 9 12 1 1 10 12 1 1 100 1 100 1 10 8 1 10 12 1 1 10 12 1 8 1 10 12 1 10 12 1 10 12 1 1 9 7 12 1 1 1 10 12 1 10 12 1 1 10 12 1 10 10 100 12 1 1 1 10 12 1 1 10 12 1 1 10 100 12 1 1 1 10 100 12 1 1 1 10 100 12 1 1 1 9 12 1 1 10 9 12 1 1 10 12 1 10 12 1 10 12 1 1 10 12 1 10 100 12 1 1 1 9 12 1 1 10 12 1 1 9 12 1 10 12 1 10 12 1 10 100 12 1 1 100 1 10 9 7 12 1 1 1 9 12 1 1 10 7 12 1 1 1 10 12 1 10 12 1 10 12 1 10 12 1 10 12 1 10 12 1 1 7 1 10 10 7 12 1 1 1 9 12 1 1 8 10 12 1 1 7 1 10 12 1 1 100 1 1 1 1 1 1 1 1 1 1 1 1 1 1 1 1 1 1 1 1 1 1 1 1 1 1 1 1 1 1 1 1 1 1 1 1 1 1 1 1 1 1 1 1 1 1 1 1 1 1 1 1 1 1 1 1 1 1 1 1 1 1 1 1 1 1 1 1 1 1 1 1 1 1 1 1 1 1 1 1 1 1 1 1 1 1 1 1 1 100 1 100 1 100 1 1 1 1 1 1 1 100 1 1 1
staticfield java/lang/invoke/VarHandle AIOOBE_SUPPLIER Ljava/util/function/BiFunction; jdk/internal/util/Preconditions$1
staticfield java/lang/invoke/VarHandle VFORM_OFFSET J 16
staticfield java/lang/invoke/VarHandle $assertionsDisabled Z 1
ciInstanceKlass java/lang/invoke/MemberName 1 1 757 7 1 7 1 100 1 9 12 1 1 10 7 12 1 1 1 9 12 1 1 10 12 1 1 10 12 1 1 10 12 1 1 10 12 1 10 12 1 1 10 7 12 1 1 1 10 12 1 9 100 12 1 1 10 12 1 100 1 100 1 10 12 1 8 1 10 12 1 1 10 12 1 10 12 1 1 10 12 1 9 12 1 1 8 1 10 100 12 1 1 1 7 1 10 10 12 1 1 100 1 100 1 10 12 1 1 9 12 1 1 100 1 8 1 10 12 1 10 12 1 10 12 1 10 12 1 10 12 1 1 10 12 1 10 12 1 10 12 1 1 10 12 1 1 10 12 1 8 1 8 1 8 1 10 100 12 1 1 1 10 12 1 9 12 1 1 3 10 12 1 10 12 1 10 12 1 10 10 7 12 1 1 1 10 12 1 10 12 1 10 12 1 10 12 1 7 1 8 10 12 1 1 10 12 1 1 8 1 9 100 1 8 9 100 1 10 12 1 1 10 12 1 10 12 1 8 1 10 12 1 1 10 12 1 10 12 1 10 12 1 10 12 1 1 100 1 10 12 1 1 10 12 1 8 1 10 12 1 10 12 1 8 1 10 12 1 1 10 12 1 1 100 1 10 12 1 1 10 12 8 1 8 1 100 1 10 12 1 10 100 12 1 1 1 100 1 10 12 10 12 1 10 12 1 10 12 1 10 12 1 10 10 12 1 10 12 1 10 12 1 3 10 12 1 3 10 12 1 3 3 3 3 3 3 3 100 1 10 12 1 10 7 12 1 1 1 10 12 1 3 9 12 1 10 12 1 1 3 10 12 1 10 10 7 12 1 1 1 10 12 1 1 10 100 1 10 10 12 1 10 12 1 10 12 1 10 10 12 1 1 10 12 1 10 12 1 10 12 1 100 1 10 10 10 12 100 1 10 10 10 12 1 1 10 12 1 1 10 10 12 1 8 10 100 1 10 12 1 10 100 1 10 12 1 10 12 1 10 12 1 10 10 12 1 10 12 1 1 10 12 1 1 10 12 1 10 12 1 10 12 1 100 1 10 12 1 1 100 1 8 1 10 7 1 10 12 1 10 12 10 12 1 1 10 12 1 10 12 1 8 1 8 1 8 1 8 1 10 12 1 10 12 1 10 12 1 1 8 1 8 1 10 12 1 8 1 10 10 12 1 10 12 1 8 1 8 1 10 10 12 1 8 1 10 100 12 1 1 1 8 1 10 12 1 10 12 1 1 10 12 1 8 1 8 1 8 1 8 1 100 1 10 8 1 8 1 8 1 8 1 10 12 1 100 1 100 1 100 1 10 100 1 10 100 1 10 100 12 1 1 1 9 7 12 1 1 1 100 1 100 1 1 1 1 1 1 1 3 1 3 1 3 1 3 1 3 1 3 1 1 1 1 1 1 1 1 3 1 3 1 1 1 1 3 1 1 1 1 1 1 1 1 1 1 1 1 1 1 1 1 1 1 1 1 1 1 1 1 1 1 1 1 1 1 1 1 1 1 1 1 1 1 1 1 1 1 1 1 1 1 1 1 1 1 1 1 1 1 1 1 1 1 1 1 1 1 1 1 1 1 1 1 1 1 1 1 1 1 1 1 1 1 1 1 1 1 1 1 1 1 1 1 1 1 1 1 1 1 1 1 1 1 1 1 1 1 1 1 1 1 100 1 1 1 1 1 1 1 1 1 1 1 1 1 1 1
staticfield java/lang/invoke/MemberName $assertionsDisabled Z 1
ciInstanceKlass java/lang/invoke/ResolvedMethodName 1 1 16 10 100 12 1 1 1 100 1 1 1 1 1 1 1 1
ciInstanceKlass java/lang/StackWalker 0 0 235 9 100 12 1 1 1 10 100 12 1 1 1 100 1 10 100 12 1 1 1 10 12 1 1 11 100 12 1 1 1 10 12 1 1 10 12 1 1 10 12 1 1 100 1 8 1 10 12 1 10 12 1 10 12 1 10 100 12 1 1 9 12 1 1 9 12 1 1 9 12 1 1 9 12 1 1 10 12 1 1 9 12 1 1 10 100 12 1 1 1 11 12 1 1 100 1 8 1 10 10 100 12 1 1 9 12 1 1 10 12 1 1 10 100 12 1 1 1 10 100 12 1 1 1 18 12 1 1 100 1 8 1 10 10 12 1 1 10 100 12 1 1 1 9 100 12 1 1 11 100 12 1 1 1 10 12 1 1 1 1 1 1 1 1 1 1 1 1 1 1 1 1 1 1 1 1 1 1 1 1 1 1 1 1 1 1 1 1 1 1 1 1 1 1 1 1 1 1 1 1 1 1 1 1 1 1 1 100 1 1 15 10 100 12 1 1 1 16 15 10 12 16 1 1 1 1 1 1 1 100 1 100 1 1
ciInstanceKlass java/lang/StackStreamFactory$AbstractStackWalker 1 0 306 100 1 100 1 3 10 100 12 1 1 1 10 100 12 1 1 10 100 12 1 1 1 9 12 1 1 10 12 1 1 9 12 1 1 9 12 1 1 9 12 1 1 9 12 1 9 100 12 1 1 1 10 100 12 1 1 1 10 12 1 1 9 12 1 1 10 100 12 1 1 1 10 12 1 1 9 12 1 1 9 100 12 1 1 1 100 1 10 8 1 10 12 1 1 10 12 1 8 1 10 12 1 1 10 100 12 1 1 1 100 1 8 1 10 12 1 8 1 10 12 9 100 12 1 1 1 10 100 12 1 1 9 12 1 8 1 5 0 8 1 8 1 9 12 1 1 10 12 1 1 10 12 1 1 10 12 1 9 12 1 10 12 1 10 12 1 10 12 1 10 12 1 1 10 12 1 10 12 1 1 8 1 10 12 1 10 12 1 10 12 1 10 12 1 1 8 1 10 12 1 1 10 12 1 1 10 12 1 1 10 12 1 10 12 1 10 100 12 1 1 1 9 12 1 8 1 10 12 1 10 12 1 10 12 1 10 12 1 10 12 1 10 12 1 10 12 1 1 10 12 1 1 10 12 1 1 10 12 1 8 1 1 1 1 1 1 1 1 1 1 1 1 1 1 1 1 1 1 100 1 1 1 1 100 1 1 1 1 1 1 1 1 1 1 1 1 1 1 1 1 1 1 1 1 1
ciInstanceKlass jdk/internal/module/Modules 1 1 504 10 100 12 1 1 1 9 7 12 1 1 1 11 7 12 1 1 1 11 12 1 1 11 12 1 1 11 12 1 1 11 12 1 11 12 1 11 12 1 11 12 1 11 12 1 1 10 100 12 1 1 1 10 100 12 1 1 1 18 12 1 1 10 100 12 1 1 1 100 1 10 100 12 1 1 1 10 100 12 1 1 1 10 100 12 1 1 10 12 1 1 11 12 1 9 12 1 1 11 100 12 1 1 1 10 12 1 1 10 10 12 1 10 9 12 1 1 10 100 12 1 1 10 12 1 1 10 100 12 1 1 100 1 11 100 12 1 1 1 10 100 12 1 1 1 11 100 12 1 1 10 12 1 1 10 100 12 1 1 10 100 12 1 1 1 10 12 1 1 10 12 1 1 11 12 1 1 18 12 1 1 11 100 12 1 1 10 100 12 1 1 1 11 100 12 1 1 1 100 1 11 12 1 1 11 100 12 1 1 1 11 12 1 1 10 12 1 1 10 100 12 1 1 18 12 1 1 11 12 1 1 18 12 1 1 11 12 1 1 10 12 1 18 18 10 12 1 1 9 12 1 1 11 100 12 1 1 1 100 1 10 11 12 1 11 12 1 1 11 12 1 1 10 100 1 10 12 1 1 10 100 12 1 1 10 12 1 1 11 12 10 12 1 1 100 1 10 18 12 1 10 12 1 1 100 1 8 1 10 12 1 10 100 12 1 1 18 12 1 11 11 12 10 12 1 10 10 100 1 18 12 1 10 10 10 7 12 1 1 10 7 12 1 1 1 10 12 1 1 1 1 1 1 1 1 1 1 1 1 1 1 1 1 1 1 1 1 1 1 1 1 1 1 1 1 1 1 1 1 1 100 1 1 1 1 1 1 1 1 1 1 1 1 1 1 1 1 1 1 1 1 1 1 1 1 1 1 1 1 1 1 1 1 1 1 1 100 1 1 1 1 1 1 1 1 1 1 1 1 1 1 1 1 1 1 1 1 1 1 1 15 10 100 12 1 1 1 16 15 10 12 1 16 16 15 10 12 1 16 1 16 1 15 10 12 1 16 1 16 1 15 10 12 16 1 15 10 16 1 15 10 12 16 1 15 10 12 16 15 10 12 16 15 10 12 1 1 1 100 1 100 1 1
staticfield jdk/internal/module/Modules JLA Ljdk/internal/access/JavaLangAccess; java/lang/System$2
staticfield jdk/internal/module/Modules JLMA Ljdk/internal/access/JavaLangModuleAccess; java/lang/module/ModuleDescriptor$1
staticfield jdk/internal/module/Modules $assertionsDisabled Z 1
ciInstanceKlass java/lang/invoke/Invokers$Holder 1 1 99 1 100 1 100 1 1 1 1 1 1 1 7 1 7 1 7 1 1 12 10 1 1 12 10 1 1 12 10 1 1 100 1 1 12 9 1 1 1 12 10 1 1 1 12 10 1 1 12 10 1 1 1 12 10 1 1 100 1 1 12 10 1 1 12 10 1 1 12 10 1 12 10 1 1 12 10 1 1 12 10 1 12 10 1 12 10 12 10 1 1 12 10 1 12 10 1 1 1
ciInstanceKlass java/lang/invoke/DirectMethodHandle$Holder 1 1 483 1 100 1 100 1 1 1 1 1 1 1 7 1 1 12 10 1 12 10 1 7 1 7 1 1 12 10 1 1 1 1 12 10 1 1 12 10 1 1 12 10 1 1 12 10 1 1 12 10 1 1 12 10 1 1 12 10 1 1 12 10 1 1 12 10 1 1 12 10 1 1 12 10 1 1 12 10 1 1 12 10 1 1 12 10 1 1 12 10 1 1 12 10 1 1 12 10 1 1 12 10 1 1 12 10 1 1 12 10 1 1 12 10 1 1 12 10 1 1 12 10 1 1 12 10 1 1 12 10 1 1 12 10 1 1 12 10 1 1 12 10 1 1 12 10 1 1 12 10 1 1 1 12 10 1 1 12 10 1 1 1 1 12 10 1 1 12 10 1 1 12 10 1 1 12 10 1 1 12 10 1 1 12 10 1 1 12 10 1 1 12 10 1 1 12 10 1 1 12 10 12 10 12 10 12 10 1 1 12 10 12 10 12 10 1 1 12 10 12 10 12 10 12 10 1 1 12 10 1 1 12 10 1 1 12 10 1 1 12 10 1 1 12 10 1 1 12 10 1 1 12 10 1 1 12 10 1 1 12 10 1 1 12 10 1 1 12 10 1 1 12 10 1 1 12 10 12 10 12 10 12 10 1 12 10 1 1 12 10 1 1 12 10 1 1 1 1 12 10 12 10 1 1 12 10 1 12 10 12 10 1 1 12 10 1 12 10 12 10 1 1 1 12 10 1 12 10 1 100 1 1 12 9 1 100 1 12 10 1 12 10 1 1 1 12 10 1 12 10 1 1 12 10 1 12 10 1 1 1 12 10 1 12 10 1 1 12 10 1 12 10 1 1 12 10 1 12 10 1 1 12 10 1 12 10 1 1 12 10 1 12 10 1 1 12 10 1 12 10 1 1 12 10 1 12 10 1 1 12 10 1 12 10 1 1 1 12 10 1 12 10 1 1 1 12 10 1 12 10 1 1 1 1 12 10 1 12 10 1 1 1 12 10 1 12 10 1 1 1 1 1 12 10 1 12 10 1 1 1 12 10 1 12 10 1 1 1 12 10 1 12 10 1 1 12 10 1 12 10 1 1 1
ciMethod java/lang/invoke/DirectMethodHandle$Holder newInvokeSpecial (Ljava/lang/Object;Ljava/lang/Object;)Ljava/lang/Object; 512 0 207058 0 -1
ciMethod java/lang/invoke/Invokers$Holder linkToTargetMethod (Ljava/lang/Object;Ljava/lang/Object;)Ljava/lang/Object; 1024 0 220797 0 -1
ciMethod java/lang/invoke/Invokers$Holder linkToTargetMethod (Ljava/lang/Object;)Ljava/lang/Object; 1024 0 116636 0 -1
ciInstanceKlass java/lang/invoke/DirectMethodHandle$Constructor 1 1 90 10 7 12 1 1 1 9 7 12 1 1 1 9 12 1 1 9 12 1 1 10 100 12 1 1 1 100 1 10 12 1 9 12 1 9 12 1 10 12 1 10 12 1 1 9 12 1 1 10 12 1 1 10 7 12 1 1 1 1 1 1 1 1 1 1 1 1 1 1 100 1 100 1 1 1 1 1 1 1 1 1 1 1 1 1 1 1 1 1
staticfield java/lang/invoke/DirectMethodHandle$Constructor $assertionsDisabled Z 1
ciInstanceKlass java/util/function/Consumer 1 1 59 10 100 12 1 1 1 18 12 1 1 11 100 12 1 1 100 1 1 1 1 1 1 1 1 1 1 1 1 1 1 1 1 1 1 1 1 1 1 1 1 1 15 10 100 12 1 1 1 16 15 11 12 1 100 1 100 1 1
instanceKlass java/util/LinkedHashSet
ciInstanceKlass java/util/HashSet 1 1 285 10 7 12 1 1 1 7 1 10 9 7 12 1 1 1 11 7 12 1 1 1 4 10 7 12 1 1 1 10 12 1 10 12 1 1 10 12 1 7 1 10 10 12 1 1 11 7 12 1 1 1 10 10 12 1 1 10 12 1 1 9 12 1 1 10 12 1 1 10 12 1 1 10 12 1 10 7 12 1 1 1 10 100 1 100 1 10 12 1 10 100 12 1 1 10 12 1 10 12 1 10 12 1 1 10 12 1 1 11 100 12 1 1 11 12 1 10 12 1 1 10 100 12 1 1 1 10 12 1 100 1 100 1 10 8 1 10 12 1 1 10 12 1 10 12 1 1 10 12 1 10 12 1 10 100 12 1 1 1 8 1 10 12 1 4 10 12 1 4 10 12 1 8 1 4 10 100 12 1 1 1 100 1 10 12 1 1 11 100 12 1 1 1 100 1 10 12 1 100 1 10 12 1 10 12 1 1 10 12 1 10 100 1 100 1 1 1 1 5 0 1 1 1 1 1 1 1 1 1 1 1 1 1 1 1 1 1 1 1 1 1 1 1 1 1 1 1 1 1 1 1 1 1 1 100 1 1 1 1 100 1 1 1 1 1 1 1 1 1 1 1 1 1 1 1 100 1 1 100 1 100 1 1 1
staticfield java/util/HashSet PRESENT Ljava/lang/Object; java/lang/Object
ciMethod java/util/HashSet add (Ljava/lang/Object;)Z 830 0 64939 0 -1
ciInstanceKlass java/security/SecureClassLoader$CodeSourceKey 1 1 55 10 7 12 1 1 1 9 7 12 1 1 1 10 7 12 1 1 1 10 7 12 1 1 1 10 7 12 1 1 1 10 12 1 1 1 1 1 1 1 1 1 1 1 1 1 1 1 1 1 1 100 1 1 1
ciInstanceKlass java/util/IdentityHashMap 1 1 397 9 7 12 1 1 1 10 7 12 1 1 1 10 12 1 1 100 1 100 1 10 8 1 10 12 1 1 10 12 1 10 12 1 1 10 12 1 10 12 1 1 3 3 10 7 12 1 1 7 1 9 12 1 1 11 7 12 1 1 1 6 0 10 12 10 12 1 1 9 12 1 10 7 12 1 1 1 10 12 1 1 10 12 1 1 10 12 1 1 10 12 1 1 9 12 1 3 3 100 1 8 1 10 11 12 1 1 11 7 12 1 1 1 11 7 12 1 1 1 11 12 1 1 7 1 11 12 1 11 12 1 10 12 1 1 10 12 1 10 10 12 1 1 10 11 12 1 1 10 12 1 10 12 1 9 12 1 10 100 100 1 100 1 10 12 1 9 12 1 7 1 10 12 1 9 12 1 1 100 1 10 100 1 10 10 100 12 1 1 10 12 1 10 12 1 1 10 100 12 1 1 1 10 12 1 100 1 8 1 10 10 100 12 1 1 1 11 100 12 1 1 1 10 12 1 10 12 1 1 10 10 100 12 1 1 11 100 12 1 1 100 1 10 11 100 12 1 1 10 100 1 100 1 1 1 3 1 3 1 1 1 1 1 5 0 1 1 1 1 1 1 1 1 1 1 1 1 1 1 1 1 1 1 1 1 1 1 1 1 1 1 1 1 1 1 1 1 1 1 1 1 1 1 1 1 1 1 1 1 1 1 1 1 1 1 1 1 1 1 1 1 1 1 1 1 1 100 1 1 1 1 1 1 1 100 1 1 1 1 100 1 1 1 1 1 1 1 1 1 1 1 1 1 1 1 1 1 1 1 1 1 1 100 1 100 1 100 1 100 1 100 1 100 1 100 1 100 1 100 1 1 1 1 1 1 100 1 1 1 1 1 1 1 1 1 1
staticfield java/util/IdentityHashMap NULL_KEY Ljava/lang/Object; java/lang/Object
ciMethod java/util/IdentityHashMap containsKey (Ljava/lang/Object;)Z 0 0 1 0 -1
ciInstanceKlass java/util/function/BiConsumer 1 1 60 10 100 12 1 1 1 18 12 1 1 11 100 12 1 1 100 1 1 1 1 1 1 1 1 1 1 1 1 1 1 1 1 1 1 1 1 1 1 1 1 1 1 15 10 100 12 1 1 1 16 15 11 12 1 100 1 100 1 1
ciMethod java/util/function/BiConsumer accept (Ljava/lang/Object;Ljava/lang/Object;)V 0 0 1 0 -1
ciInstanceKlass java/util/function/BiFunction 1 1 65 10 100 12 1 1 1 18 12 1 1 11 100 12 1 1 11 100 12 1 100 1 1 1 1 1 1 1 1 1 1 1 1 1 1 1 1 1 1 1 1 1 1 1 1 1 1 1 15 10 100 12 1 1 1 16 15 11 12 1 100 1 100 1 1
ciInstanceKlass jdk/internal/loader/ClassLoaderValue 1 1 44 10 7 12 1 1 1 10 100 12 1 1 1 10 100 12 1 1 1 10 100 12 1 1 1 1 1 1 1 1 1 1 1 1 1 1 1 1 1 1 1 1 1 1
ciInstanceKlass jdk/internal/loader/BuiltinClassLoader$5 1 1 57 9 7 12 1 1 1 9 12 1 1 10 7 12 1 1 1 10 7 12 1 1 1 100 1 100 1 10 10 12 1 1 100 1 1 1 1 1 1 1 1 1 1 1 1 1 1 1 1 1 100 1 12 1 1 1 1
instanceKlass java/util/concurrent/ConcurrentHashMap$TreeBin
instanceKlass java/util/concurrent/ConcurrentHashMap$TreeNode
instanceKlass java/util/concurrent/ConcurrentHashMap$ForwardingNode
instanceKlass java/util/concurrent/ConcurrentHashMap$ReservationNode
ciInstanceKlass java/util/concurrent/ConcurrentHashMap$Node 1 1 97 10 7 12 1 1 1 9 7 12 1 1 1 9 12 1 1 9 12 1 10 12 1 9 12 1 1 10 12 1 1 10 100 12 1 1 1 100 1 10 100 1 11 12 1 1 11 12 1 10 12 1 1 1 1 1 1 1 1 1 1 1 1 1 1 1 1 1 1 1 1 1 1 1 1 1 1 1 1 1 1 1 1 1 1 1 1 1 1 1 100 1 1 1 100 1 1
ciInstanceKlass java/util/concurrent/ConcurrentHashMap$ForwardingNode 1 1 71 100 1 10 7 12 1 1 1 9 7 12 1 1 1 10 12 1 1 9 12 1 1 9 12 1 1 10 100 12 1 1 1 10 12 1 1 9 12 1 1 1 1 1 1 1 1 1 1 1 1 1 1 1 1 1 1 1 1 1 1 1 100 1 1 1 1 1 1 1 1
ciInstanceKlass java/util/concurrent/ConcurrentHashMap$ReservationNode 1 1 34 100 1 10 7 12 1 1 1 100 1 1 1 1 1 1 1 1 1 1 1 1 1 1 1 1 1 1 1 1 1 1 1 1
ciMethod java/util/concurrent/ConcurrentHashMap$ReservationNode <init> ()V 944 0 14784 0 -1
ciMethod java/util/concurrent/ConcurrentHashMap$Node find (ILjava/lang/Object;)Ljava/util/concurrent/ConcurrentHashMap$Node; 0 0 1 0 -1
ciMethod java/util/concurrent/ConcurrentHashMap$Node <init> (ILjava/lang/Object;Ljava/lang/Object;)V 950 0 109609 0 -1
ciInstanceKlass java/util/ListIterator 1 0 27 100 1 100 1 100 1 1 1 1 1 1 1 1 1 1 1 1 1 1 1 1 1 1 1 1 1
ciMethod java/util/ListIterator hasNext ()Z 0 0 1 0 -1
ciMethod java/util/ListIterator next ()Ljava/lang/Object; 0 0 1 0 -1
ciMethod java/util/ListIterator set (Ljava/lang/Object;)V 0 0 1 0 -1
ciInstanceKlass java/lang/invoke/ClassSpecializer$1 1 1 29 10 7 12 1 1 1 100 1 100 1 1 1 1 1 1 1 1 1 1 1 1 1 1 1 100 1 1 1
ciInstanceKlass java/lang/invoke/BoundMethodHandle$Species_LLLLL 1 1 82 1 7 1 7 1 1 1 1 1 1 1 1 1 1 1 12 9 1 1 1 12 10 12 9 12 9 12 9 12 9 12 9 1 1 12 10 1 1 1 100 1 7 1 1 12 10 1 7 1 1 12 10 1 1 1 12 10 1 1 1 12 10 1 1 1 12 10 1 1 1 12 10 1 1 1 12 10 1 1 1 1
ciMethod java/util/function/Consumer accept (Ljava/lang/Object;)V 0 0 1 0 -1
ciMethod java/lang/invoke/DirectMethodHandle allocateInstance (Ljava/lang/Object;)Ljava/lang/Object; 572 0 226779 0 384
ciMethod java/lang/invoke/DirectMethodHandle constructorMethod (Ljava/lang/Object;)Ljava/lang/Object; 578 0 231584 0 128
ciMethod java/util/AbstractList <init> ()V 530 0 36907 0 64
ciMethod java/util/List listIterator ()Ljava/util/ListIterator; 0 0 1 0 -1
ciMethod java/util/function/Function apply (Ljava/lang/Object;)Ljava/lang/Object; 0 0 1 0 -1
ciMethod java/util/AbstractCollection <init> ()V 796 0 64828 0 0
ciMethod java/lang/IllegalArgumentException <init> (Ljava/lang/String;)V 0 0 1 0 -1
ciMethod java/lang/IllegalArgumentException <init> ()V 3502 0 530 0 -1
ciMethod java/util/Arrays copyOfRange ([BII)[B 522 0 12238 0 736
ciMethod java/util/Arrays copyOf ([Ljava/lang/Object;I)[Ljava/lang/Object; 66 0 7789 0 0
ciMethod java/util/Arrays copyOf ([Ljava/lang/Object;ILjava/lang/Class;)[Ljava/lang/Object; 176 0 20916 0 -1
ciMethod java/util/Arrays hashCode ([B)I 258 38264 775 0 384
ciMethod java/util/Arrays equals ([B[B)Z 512 0 17125 0 -1
ciMethod java/lang/Math max (II)I 978 0 104853 0 -1
ciMethod java/lang/Math min (II)I 522 0 64031 0 -1
ciMethod jdk/internal/misc/Unsafe allocateInstance (Ljava/lang/Class;)Ljava/lang/Object; 512 0 256 0 -1
ciMethod jdk/internal/misc/Unsafe getReferenceAcquire (Ljava/lang/Object;J)Ljava/lang/Object; 570 0 11029 0 -1
ciMethod java/lang/String isEmpty ()Z 512 0 33351 0 0
ciMethod java/lang/String charAt (I)C 736 0 792574 0 160
ciMethod java/lang/String length ()I 856 0 1082249 0 96
ciMethod java/lang/String <init> ([CIILjava/lang/Void;)V 520 0 83946 0 0
ciMethod java/lang/String <init> ([BB)V 514 0 40364 0 256
ciMethod java/lang/String <init> ([CII)V 512 0 77167 0 0
ciMethod java/lang/String equals (Ljava/lang/Object;)Z 1024 0 14242 0 416
ciMethod java/lang/String indexOf (I)I 578 0 48680 0 416
ciMethod java/lang/String indexOf (II)I 570 0 48298 0 512
ciMethod java/lang/String checkIndex (II)V 0 0 6978 0 128
ciMethod java/lang/String valueOf ([C)Ljava/lang/String; 0 0 1 0 -1
ciMethod java/lang/String coder ()B 1024 0 1175040 0 64
ciMethod java/lang/String rangeCheck ([CII)Ljava/lang/Void; 512 0 83928 0 0
ciMethod java/lang/String checkBoundsOffCount (III)V 538 0 11738 0 160
ciMethod java/lang/String isLatin1 ()Z 1024 0 891474 0 96
ciMethod java/lang/String codePointAt (I)I 548 0 6896 0 160
ciMethod java/lang/String checkBoundsBeginEnd (III)V 602 0 5430 0 160
ciMethod java/lang/String substring (II)Ljava/lang/String; 604 0 6043 0 1280
ciMethod java/lang/String substring (I)Ljava/lang/String; 512 0 26592 0 0
ciMethod java/lang/String replace (CC)Ljava/lang/String; 512 0 4223 0 -1
ciMethod java/lang/String toCharArray ()[C 2146 0 2914 0 -1
ciMethod java/lang/String endsWith (Ljava/lang/String;)Z 514 0 56380 0 -1
ciMethod java/lang/String contains (Ljava/lang/CharSequence;)Z 92 0 46 0 -1
ciMethod java/util/concurrent/ConcurrentHashMap computeIfAbsent (Ljava/lang/Object;Ljava/util/function/Function;)Ljava/lang/Object; 512 12 147523 0 -1
ciMethod java/util/concurrent/ConcurrentHashMap putIfAbsent (Ljava/lang/Object;Ljava/lang/Object;)Ljava/lang/Object; 1024 0 126972 0 0
ciMethod java/util/concurrent/ConcurrentHashMap put (Ljava/lang/Object;Ljava/lang/Object;)Ljava/lang/Object; 552 0 6949 0 0
ciMethod java/util/concurrent/ConcurrentHashMap get (Ljava/lang/Object;)Ljava/lang/Object; 514 4 5445 0 1120
ciMethod java/util/concurrent/ConcurrentHashMap spread (I)I 558 0 190535 0 96
ciMethod java/util/concurrent/ConcurrentHashMap tabAt ([Ljava/util/concurrent/ConcurrentHashMap$Node;I)Ljava/util/concurrent/ConcurrentHashMap$Node; 520 0 7286 0 64
ciMethod java/util/concurrent/ConcurrentHashMap putVal (Ljava/lang/Object;Ljava/lang/Object;Z)Ljava/lang/Object; 734 18 38252 0 -1
ciMethod java/util/concurrent/ConcurrentHashMap initTable ()[Ljava/util/concurrent/ConcurrentHashMap$Node; 16 0 62 0 -1
ciMethod java/util/concurrent/ConcurrentHashMap casTabAt ([Ljava/util/concurrent/ConcurrentHashMap$Node;ILjava/util/concurrent/ConcurrentHashMap$Node;Ljava/util/concurrent/ConcurrentHashMap$Node;)Z 894 0 2147 0 -1
ciMethod java/util/concurrent/ConcurrentHashMap helpTransfer ([Ljava/util/concurrent/ConcurrentHashMap$Node;Ljava/util/concurrent/ConcurrentHashMap$Node;)[Ljava/util/concurrent/ConcurrentHashMap$Node; 0 0 20833 0 -1
ciMethod java/util/concurrent/ConcurrentHashMap treeifyBin ([Ljava/util/concurrent/ConcurrentHashMap$Node;I)V 0 0 1 0 -1
ciMethod java/util/concurrent/ConcurrentHashMap addCount (JI)V 1024 0 29610 0 -1
ciMethod java/util/concurrent/ConcurrentHashMap setTabAt ([Ljava/util/concurrent/ConcurrentHashMap$Node;ILjava/util/concurrent/ConcurrentHashMap$Node;)V 538 0 5398 0 -1
ciMethod java/util/ArrayList toArray ([Ljava/lang/Object;)[Ljava/lang/Object; 492 0 21430 0 -1
ciMethod java/util/ArrayList size ()I 322 0 161 0 -1
ciMethod java/util/ArrayList isEmpty ()Z 512 0 9323 0 -1
ciMethod java/util/ArrayList get (I)Ljava/lang/Object; 1024 0 29535 0 -1
ciMethod java/util/ArrayList add (Ljava/lang/Object;)Z 518 0 120469 0 1312
ciMethod java/util/ArrayList <init> ()V 1024 0 34250 0 256
ciMethod java/util/ArrayList <init> (I)V 4108 0 5968 0 -1
ciMethod java/util/ArrayList add (Ljava/lang/Object;[Ljava/lang/Object;I)V 518 0 123440 0 0
ciMethod java/util/ArrayList grow (I)[Ljava/lang/Object; 46 0 7155 0 896
ciMethod java/util/ArrayList grow ()[Ljava/lang/Object; 46 0 29058 0 0
ciMethod java/lang/Object getClass ()Ljava/lang/Class; 512 0 256 0 -1
ciMethod java/lang/Object <init> ()V 1024 0 1234927 0 64
instanceKlass com/android/tools/r8/internal/Fx
instanceKlass com/android/tools/r8/origin/ArchiveEntryOrigin
instanceKlass com/android/tools/r8/origin/e
instanceKlass com/android/tools/r8/origin/d
instanceKlass com/android/tools/r8/origin/PathOrigin
instanceKlass com/android/tools/r8/origin/a
ciInstanceKlass com/android/tools/r8/origin/Origin 1 1 139 1 8 1 1 7 1 1 7 1 100 1 7 1 7 1 1 1 1 1 1 1 1 1 1 12 9 1 12 9 1 1 12 10 12 9 1 12 9 1 100 10 1 1 1 1 7 1 1 12 10 10 10 1 1 1 1 1 1 1 12 10 12 10 12 10 1 100 1 1 12 11 1 1 100 12 10 1 1 1 1 12 10 1 1 12 11 1 100 1 1 12 10 1 1 12 11 1 12 10 1 100 1 12 10 1 1 1 1 12 11 1 100 1 12 11 1 1 12 11 12 10 1 1 8 1 1 12 10 1 12 10 1 1 1 1 1 1 1
staticfield com/android/tools/r8/origin/Origin c Lcom/android/tools/r8/origin/d; com/android/tools/r8/origin/d
staticfield com/android/tools/r8/origin/Origin d Lcom/android/tools/r8/origin/e; com/android/tools/r8/origin/e
staticfield com/android/tools/r8/origin/Origin e Z 1
ciInstanceKlass com/android/tools/r8/Diagnostic 0 0 15 1 8 1 1 100 1 100 1 1 1 1 1 1 1
ciInstanceKlass com/android/tools/r8/ProgramConsumer 1 1 17 1 8 1 1 100 1 100 1 1 1 1 1 1 1 1 1
instanceKlass com/android/tools/r8/graph/t0
instanceKlass com/android/tools/r8/graph/e1
instanceKlass com/android/tools/r8/graph/C5
instanceKlass com/android/tools/r8/graph/R2
instanceKlass com/android/tools/r8/graph/r0
instanceKlass com/android/tools/r8/graph/O2
instanceKlass com/android/tools/r8/graph/O0
instanceKlass com/android/tools/r8/graph/E
instanceKlass com/android/tools/r8/graph/b1
ciInstanceKlass com/android/tools/r8/graph/n1 1 1 68 1 8 1 1 100 1 7 1 1 12 10 1 1 1 16 1 12 10 15 1 16 1 100 1 1 12 10 15 1 1 12 18 1 100 1 100 12 11 1 1 12 10 15 18 1 100 1 1 12 11 1 12 10 1 1 1 12 10 1 1 1 1 1 1 1 1 1
instanceKlass com/android/tools/r8/graph/h1
instanceKlass com/android/tools/r8/graph/E0
ciInstanceKlass com/android/tools/r8/graph/b1 1 1 185 1 8 1 1 7 1 7 1 1 1 1 1 1 1 1 12 10 1 100 1 12 10 1 100 1 1 12 11 1 100 1 1 1 1 12 10 1 100 1 12 10 1 12 9 1 1 1 1 1 1 1 12 10 1 1 1 16 12 10 15 1 16 1 100 1 1 12 10 15 1 12 18 1 12 10 1 1 1 1 1 1 1 1 1 1 100 1 1 1 1 1 1 1 1 1 12 10 12 10 1 100 1 1 12 9 12 10 1 100 1 12 10 1 1 12 10 12 9 1 100 1 8 1 12 10 1 1 16 12 10 15 1 16 1 1 12 18 1 12 10 15 1 16 1 12 18 1 100 1 1 12 11 1 1 12 11 12 10 15 18 12 10 15 18 12 10 1 100 12 11 12 10 1 1 7 1 12 10 1 1 1 1 1 1
staticfield com/android/tools/r8/graph/b1 c Z 1
instanceKlass com/android/tools/r8/graph/I0
instanceKlass com/android/tools/r8/graph/v2
instanceKlass com/android/tools/r8/graph/H2
ciInstanceKlass com/android/tools/r8/graph/E0 1 1 1069 1 8 1 1 7 1 7 1 100 1 100 1 100 1 100 1 1 7 1 100 1 1 7 1 100 1 100 1 1 100 1 1 100 1 1 100 1 1 100 1 100 1 100 1 1 1 1 1 1 1 1 1 1 1 1 1 1 1 1 1 1 1 1 1 1 1 1 1 1 1 1 1 100 1 12 9 1 100 1 12 9 1 100 1 1 12 10 1 12 10 1 16 1 12 10 15 1 16 1 100 1 1 12 10 15 1 1 12 18 1 7 1 1 12 11 1 12 10 1 12 10 1 1 12 10 12 10 1 1 12 11 1 1 12 11 1 12 9 1 12 10 12 9 1 100 1 1 12 10 12 9 1 100 1 12 10 1 12 10 1 1 100 1 12 10 1 1 100 1 12 10 1 1 100 12 11 1 1 1 1 1 1 1 1 100 1 12 9 1 12 10 1 1 1 1 1 1 12 10 1 1 1 12 9 1 1 12 9 1 1 12 9 1 12 10 1 1 1 12 9 1 12 9 1 100 1 12 10 1 12 9 1 12 9 1 100 12 10 12 10 1 1 1 1 12 10 1 1 100 1 12 10 1 1 1 1 1 100 10 1 12 10 1 1 7 1 1 12 10 1 100 1 12 9 12 9 12 10 1 12 10 1 12 9 1 100 12 10 12 9 1 12 10 12 10 1 100 1 1 12 10 16 1 100 1 12 11 15 1 16 1 1 12 18 1 100 1 12 10 1 1 100 1 100 1 1 12 10 1 100 1 1 12 11 1 7 1 12 11 1 1 12 11 12 10 12 10 1 10 1 1 1 12 10 1 1 10 11 1 1 12 10 10 1 12 10 1 12 10 1 12 9 12 10 1 100 12 10 12 10 1 1 12 10 1 12 9 1 1 12 11 100 1 12 10 1 10 12 10 1 1 12 10 1 1 12 10 15 1 16 1 12 18 12 10 11 12 10 15 18 12 10 1 1 1 1 12 10 1 1 1 100 1 12 10 1 100 1 12 10 1 12 10 1 12 9 1 12 9 1 7 1 12 10 1 12 9 1 100 9 1 12 10 1 12 10 1 12 10 1 7 10 1 12 10 1 12 9 1 1 100 1 12 10 1 12 10 1 12 10 1 10 1 12 10 1 3 1 1 1 1 12 10 1 1 1 1 1 100 1 1 1 1 1 12 10 1 1 1 12 10 1 100 1 1 1 12 10 1 100 1 1 12 10 1 1 12 9 1 12 9 1 1 12 10 1 12 10 1 100 12 10 1 100 1 12 10 1 12 9 1 100 12 9 12 9 1 12 10 12 9 1 100 10 12 10 12 10 1 100 1 12 10 1 12 10 1 100 1 12 10 12 10 1 7 1 12 10 12 10 1 1 12 9 1 100 1 12 10 1 12 10 1 1 1 1 1 12 10 15 16 1 12 18 1 1 12 10 15 1 16 1 12 18 12 10 1 12 10 1 12 11 1 12 10 1 100 1 12 10 15 1 12 18 1 12 11 1 12 9 1 12 9 1 12 9 12 10 12 10 1 12 10 15 18 12 9 1 100 1 12 9 12 10 1 12 10 12 10 1 100 12 10 1 100 1 12 10 1 100 1 12 10 1 100 1 12 10 16 1 12 10 15 1 12 18 1 1 1 12 11 12 10 15 1 12 18 1 100 1 1 12 11 1 1 12 9 1 12 9 1 1 1 1 12 11 1 1 12 10 1 7 12 10 1 12 9 1 12 10 12 10 10 1 12 10 1 12 9 1 1 12 10 1 12 10 1 12 9 12 9 1 1 100 12 10 1 12 10 1 12 10 15 1 16 1 12 18 1 1 1 1 1 1 12 9 1 1 1 1 12 10 1 12 10 1 12 10 1 12 10 1 1 12 10 1 12 10 1 1 12 10 1 1 100 1 1 12 9 1 100 1 12 10 12 10 1 12 10 1 12 10 1 8 1 100 1 1 12 10 15 1 12 18 10 1 1 12 10 16 12 10 15 16 1 12 18 1 100 1 12 10 12 10 12 10 15 16 18 1 1 12 10 15 18 18 1 1 100 10 1 12 10 12 10 15 18 1 12 11 15 1 16 1 12 18 1 12 10 12 10 12 10 12 10 15 18 12 10 12 10 12 10 1 1 12 10 12 9 1 7 1 100 1 100 1 100 1 12 11 1 12 11 12 10 1 100 1 12 10 10 1 100 1 8 1 12 18 1 12 10 12 9 1 12 9 12 9 1 12 10 1 7 1 1 12 10 1 100 1 8 1 12 18 1 8 18 1 100 10 12 10 1 12 10 1 100 12 10 1 100 11 1 100 1 12 11 1 100 1 12 11 1 12 10 12 10 1 1 7 1 12 10 12 10 15 16 1 12 18 12 10 15 16 18 1 1 1 1 1 1 1 1 1 1 100 1 8 1 1 12 10 1 1 1 8 1 1
staticfield com/android/tools/r8/graph/E0 t Z 1
ciInstanceKlass com/android/tools/r8/internal/r50 1 1 57 1 8 1 1 7 1 1 100 1 100 1 100 1 1 1 1 1 12 11 1 1 1 1 7 1 1 12 9 1 1 1 1 1 100 1 12 10 12 11 1 1 1 12 11 12 11 1 1 12 11 1 1 1 1 1 1
ciInstanceKlass com/android/tools/r8/graph/H2 1 1 1131 1 8 1 1 7 1 1 7 1 100 1 100 1 100 1 100 1 100 1 1 100 1 100 1 1 100 1 100 1 1 100 1 100 1 100 1 100 1 100 1 1 1 1 1 1 1 1 1 1 1 1 1 1 1 1 1 1 1 1 1 100 1 1 12 10 1 12 9 1 1 12 10 1 100 1 12 10 1 100 1 100 1 100 1 1 12 10 1 1 12 11 1 12 11 1 12 10 1 1 12 10 1 100 1 12 10 1 1 12 9 1 100 1 12 10 1 12 10 1 1 12 10 16 1 12 10 15 1 16 1 100 1 1 12 10 15 1 12 18 1 12 10 1 1 12 9 1 12 10 12 10 1 12 9 1 100 1 1 12 10 1 100 1 12 11 1 1 12 11 1 100 1 100 1 1 12 10 1 1 100 1 1 12 11 1 100 1 100 1 12 9 1 1 1 1 100 1 1 12 11 1 1 1 100 1 12 10 1 1 12 9 1 100 12 9 1 1 16 12 10 15 12 18 1 1 16 12 10 15 1 16 1 12 18 12 10 12 10 15 18 1 12 10 1 1 12 10 15 18 1 12 10 1 1 1 100 1 12 9 12 10 1 1 1 1 1 1 1 12 10 12 10 1 1 1 12 9 1 12 10 1 1 12 9 1 12 9 1 100 1 12 10 1 1 12 9 1 100 1 1 12 10 1 100 1 1 12 10 1 100 1 12 10 1 1 1 16 1 12 10 15 1 16 1 12 18 1 12 9 1 12 10 12 10 15 1 16 1 12 18 12 10 1 12 10 15 1 12 18 1 12 9 1 12 9 1 1 100 1 12 11 12 9 1 12 11 1 1 12 10 1 100 1 12 10 1 12 11 1 1 12 10 1 8 1 100 1 12 10 1 100 1 12 9 1 100 1 1 12 10 1 100 1 12 10 12 9 100 10 1 1 12 10 1 100 12 9 12 9 1 12 10 1 12 10 1 1 12 10 1 100 11 1 100 12 9 12 9 12 9 1 12 10 15 1 16 1 12 18 12 10 1 12 10 15 1 16 1 12 18 12 10 1 1 100 1 12 11 1 12 9 12 10 10 1 12 9 10 1 12 10 1 100 1 100 1 12 10 1 12 10 1 12 10 10 1 12 10 15 1 16 1 12 18 12 10 1 12 10 15 1 16 18 12 10 1 12 10 1 12 9 1 100 1 12 10 1 12 10 1 12 10 1 12 10 1 1 12 10 1 12 10 1 100 12 10 12 10 1 1 12 10 1 1 12 10 1 100 1 12 10 1 100 1 12 10 1 12 10 1 100 1 12 9 12 10 1 1 12 9 1 100 10 1 1 1 1 1 1 1 1 100 1 12 9 1 1 100 12 9 1 7 1 12 9 1 12 11 12 10 1 1 12 10 1 100 1 12 10 1 100 1 1 12 10 1 100 12 9 1 100 1 12 10 1 100 1 12 10 1 16 1 12 10 15 1 16 1 1 12 18 1 1 12 10 1 1 12 10 1 12 10 1 1 12 10 10 1 100 1 1 12 10 1 12 9 1 1 12 11 100 1 12 10 1 10 11 1 100 1 1 12 10 11 9 1 12 10 1 100 1 100 12 11 12 9 1 100 10 12 10 1 12 9 1 1 12 10 1 12 10 1 12 9 12 10 12 9 1 12 10 1 1 1 100 12 9 1 100 1 12 11 1 1 1 1 12 9 1 12 11 1 1 1 1 1 1 1 1 1 1 12 10 12 10 15 16 1 12 18 1 100 1 12 10 1 1 12 10 12 10 15 18 1 1 12 10 12 10 15 18 1 12 10 12 10 15 18 1 1 12 10 15 18 12 10 1 1 16 1 12 10 15 1 16 1 12 18 1 12 10 1 12 10 15 18 12 10 1 1 12 10 12 9 1 100 12 9 1 1 12 10 1 1 8 1 12 10 1 100 1 1 12 10 1 100 1 12 10 1 12 9 1 12 10 1 100 1 1 12 9 1 12 10 1 12 10 1 1 12 11 1 12 11 16 10 15 1 12 18 12 9 12 10 1 1 1 12 10 15 16 1 12 18 1 100 1 12 10 12 10 15 18 1 12 10 15 16 18 1 12 10 15 16 18 1 12 10 15 16 18 12 10 1 12 10 15 16 18 12 10 15 16 18 1 12 10 1 1 12 10 15 1 16 18 1 12 10 15 1 16 18 12 10 15 1 16 18 12 10 15 18 12 10 12 10 15 18 1 12 10 15 18 1 12 10 1 1 100 1 8 1 100 1 1 12 10 15 1 12 18 1 12 9 1 12 10 1 100 1 12 11 1 100 1 12 10 12 10 12 10 12 9 12 9 1 12 10 10 1 12 10 1 1 12 10 1 100 1 12 10 1 1 12 10 1 100 1 12 11 1 12 9 1 100 1 12 9 100 10 10 12 10 10 1 100 1 1 12 11 1 100 12 11 1 1 12 9 1 1 7 1 12 10 12 9 10 12 10 15 18 12 10 12 10 15 18 12 10 12 10 15 18 12 10 15 18 12 10 12 10 15 1 12 18 12 10 15 18 10 1 1 1 1 1 1 1 1 1 1
staticfield com/android/tools/r8/graph/H2 B [Lcom/android/tools/r8/graph/H2; 0 [Lcom/android/tools/r8/graph/H2;
staticfield com/android/tools/r8/graph/H2 C Z 1
instanceKlass com/android/tools/r8/graph/W0
instanceKlass com/android/tools/r8/graph/i0
instanceKlass com/android/tools/r8/graph/u0
instanceKlass com/android/tools/r8/graph/g4
ciInstanceKlass com/android/tools/r8/graph/E 1 1 67 1 8 1 1 7 1 7 1 1 1 1 1 1 12 10 12 9 1 1 7 1 1 12 10 12 9 1 1 1 1 12 10 1 1 12 10 1 1 1 12 10 1 1 1 100 1 8 1 100 1 1 12 10 15 1 12 18 1 12 10 1 1 1 1 1 1
staticfield com/android/tools/r8/graph/E c Z 1
instanceKlass com/android/tools/r8/graph/I2
instanceKlass com/android/tools/r8/graph/D2
instanceKlass com/android/tools/r8/graph/L2
instanceKlass com/android/tools/r8/graph/J2
ciInstanceKlass com/android/tools/r8/graph/g4 1 1 36 1 8 1 1 7 1 7 1 1 1 1 12 10 1 1 1 1 7 1 1 12 10 12 9 1 1 1 100 10 1 1 1 1 1 1
staticfield com/android/tools/r8/graph/g4 d Z 1
instanceKlass com/android/tools/r8/graph/M2
instanceKlass com/android/tools/r8/graph/w2
ciInstanceKlass com/android/tools/r8/graph/J2 1 1 78 1 8 1 1 7 1 7 1 100 1 1 1 1 12 10 1 1 1 100 1 1 12 10 1 100 1 1 12 10 1 100 1 1 12 11 1 1 12 10 1 1 12 10 1 12 10 1 1 12 10 1 100 10 1 1 7 1 12 10 12 9 1 1 1 1 1 1 1 1 1 1 1 1 1 1 1 1
staticfield com/android/tools/r8/graph/J2 e Z 1
instanceKlass com/android/tools/r8/graph/B2
instanceKlass com/android/tools/r8/graph/l1
ciInstanceKlass com/android/tools/r8/graph/w2 1 1 136 1 8 1 1 7 1 1 7 1 100 1 1 1 1 1 1 1 1 1 12 10 12 9 1 100 10 1 100 1 100 12 9 12 9 1 1 1 12 10 1 1 7 1 1 12 10 1 1 1 1 1 1 1 1 1 1 1 1 1 1 1 1 1 1 12 10 1 16 12 10 15 1 16 1 100 1 1 12 10 15 1 1 12 18 1 100 1 1 12 10 1 100 1 12 10 1 12 10 1 100 1 12 10 1 100 1 1 12 11 1 1 12 10 1 1 1 1 1 1 1 1 1 100 1 8 1 1 12 10 1 1 1 8 1 1
staticfield com/android/tools/r8/graph/w2 h Z 1
ciInstanceKlass com/android/tools/r8/graph/l1 1 1 339 1 8 1 1 7 1 1 7 1 1 1 1 1 1 1 1 1 1 1 1 100 1 1 12 10 1 1 12 10 1 100 1 12 11 1 12 10 1 1 12 10 1 12 10 1 12 10 1 1 100 1 12 10 1 1 1 16 12 10 15 1 100 1 1 12 10 15 12 18 1 12 9 1 1 1 100 1 1 12 9 1 100 1 12 9 1 100 1 12 10 1 1 100 1 1 12 11 1 1 1 100 1 1 12 11 1 1 1 12 9 1 7 1 12 10 1 1 12 9 1 1 12 10 1 1 1 8 1 100 1 1 12 10 15 1 12 18 1 1 100 12 11 1 7 1 1 12 10 1 12 11 1 100 1 1 12 10 1 100 1 12 10 1 12 11 1 12 10 1 1 100 1 12 9 1 12 10 1 1 1 100 1 1 12 10 1 12 10 1 100 1 100 1 1 12 10 1 100 11 1 1 8 1 12 18 1 1 100 12 10 1 8 1 12 18 1 12 10 1 100 10 1 8 1 12 18 1 1 100 1 12 10 1 1 1 1 1 1 1 12 10 1 100 1 1 12 10 1 7 12 10 1 1 12 10 1 1 12 10 1 12 10 1 1 12 10 1 12 10 1 1 1 1 1 1 12 10 1 12 9 1 1 12 9 1 12 10 1 7 1 12 10 1 100 1 100 1 8 1 12 18 1 12 10 16 15 1 16 1 12 18 1 100 1 12 10 1 1 12 10 15 16 18 12 10 15 18 1 1 12 9 1 1 1 1 1 1 1
staticfield com/android/tools/r8/graph/l1 j [Lcom/android/tools/r8/graph/l1; 0 [Lcom/android/tools/r8/graph/l1;
ciInstanceKlass com/android/tools/r8/DiagnosticsHandler 1 1 109 1 8 1 1 100 1 100 1 1 1 100 1 1 12 11 1 100 1 12 10 1 8 1 100 1 1 12 10 15 1 12 18 1 100 1 1 12 10 1 1 12 11 1 100 1 1 12 9 1 1 12 11 1 8 1 12 18 1 8 1 12 10 1 100 1 8 18 1 12 11 1 1 1 1 1 1 1 1 1 100 1 12 9 1 8 12 11 1 1 1 1 8 1 1 12 9 1 8 1 1 1 1 1 1 1 1 1 1
ciInstanceKlass com/android/tools/r8/internal/Lw0 0 0 21 1 8 1 1 100 1 100 1 1 12 10 1 12 10 1 12 10 1 1 1
ciInstanceKlass com/android/tools/r8/graph/M2 1 1 448 1 8 1 1 7 1 1 7 1 100 1 1 1 1 1 1 1 1 1 1 1 1 12 9 1 1 12 10 1 100 1 1 12 10 1 1 12 10 1 100 1 1 12 10 1 8 1 100 1 12 10 1 1 12 10 1 1 1 1 1 1 1 100 1 1 12 10 1 1 1 1 12 10 1 1 1 1 100 1 12 10 1 100 1 12 10 1 1 7 1 1 12 10 1 1 12 10 1 100 1 12 11 1 12 10 1 1 1 100 10 1 1 100 1 12 10 1 1 100 1 12 10 1 1 12 9 1 1 1 12 10 1 12 10 1 1 7 1 12 10 1 1 1 12 10 1 1 100 1 12 11 1 100 1 12 10 12 10 1 100 11 1 100 1 12 10 12 10 1 12 10 1 1 100 1 12 10 1 12 10 1 1 12 9 1 100 1 12 10 1 12 10 1 100 1 12 10 1 7 1 12 10 1 1 12 10 1 1 12 10 1 1 100 1 1 12 11 1 1 100 1 1 12 11 1 1 12 10 12 9 1 7 1 1 12 9 1 100 1 12 10 1 100 1 12 10 1 1 1 100 11 1 1 12 10 1 100 1 12 10 1 12 11 1 1 100 1 12 9 1 12 10 1 1 12 9 1 12 10 1 1 1 1 1 1 1 1 1 1 12 9 1 1 12 10 12 10 12 10 1 12 10 12 10 1 12 10 1 8 1 100 1 1 12 10 15 1 12 18 1 12 10 1 1 12 10 1 1 12 9 1 7 1 1 12 10 1 12 10 1 12 10 1 1 1 1 8 1 12 10 1 8 1 12 18 1 12 10 1 8 18 1 1 12 10 1 1 12 10 1 1 1 12 10 1 12 10 1 12 10 1 1 1 1 1 10 1 8 1 1 12 10 1 8 12 18 12 10 1 1 7 1 12 10 12 9 1 8 1 8 1 8 1 8 1 8 1 8 1 8 1 8 1 8 1 7 1 12 10 1 7 1 12 10 12 9 1 1 12 10 1 1 1 1 1 1 1
staticfield com/android/tools/r8/graph/M2 h [Lcom/android/tools/r8/graph/M2; 0 [Lcom/android/tools/r8/graph/M2;
staticfield com/android/tools/r8/graph/M2 i Lcom/android/tools/r8/internal/uC; com/android/tools/r8/internal/Rf0
staticfield com/android/tools/r8/graph/M2 j Z 1
instanceKlass com/android/tools/r8/graph/s4
instanceKlass com/android/tools/r8/internal/Jd
instanceKlass com/android/tools/r8/graph/m4
instanceKlass com/android/tools/r8/internal/Pb
instanceKlass com/android/tools/r8/internal/vc
instanceKlass com/android/tools/r8/utils/b
ciInstanceKlass com/android/tools/r8/internal/oe 1 1 91 1 8 1 1 7 1 7 1 1 1 1 1 1 1 12 10 3 12 9 12 9 1 3 3 1 100 1 8 1 12 10 12 10 1 12 10 1 3 12 10 1 8 3 12 10 1 8 1 12 10 1 12 10 1 3 12 10 1 8 1 12 10 12 10 1 8 1 12 10 1 8 1 12 10 1 12 10 1 8 1 12 10 1 12 10 12 10 1 1 1
ciInstanceKlass com/android/tools/r8/internal/Qf 0 0 43 1 8 1 1 100 1 100 1 1 1 1 1 1 1 100 1 1 12 10 1 12 10 1 1 100 1 12 9 12 10 12 9 12 9 1 1 8 1 1 1 1 1
ciInstanceKlass com/android/tools/r8/internal/yg0 1 1 120 1 8 1 1 7 1 7 1 100 1 100 1 100 1 100 1 1 1 1 1 1 1 1 12 10 1 12 10 10 1 7 10 12 9 12 9 12 9 1 1 12 11 1 1 1 100 1 1 12 9 1 12 10 1 1 12 9 1 1 100 12 10 12 10 1 1 12 9 12 10 1 1 100 1 12 10 1 1 12 10 1 100 1 1 12 11 1 1 12 11 12 10 1 100 1 12 9 1 100 1 1 12 10 1 100 10 1 100 12 10 11 11 12 11 1 1 1 1 1
ciInstanceKlass com/android/tools/r8/internal/Gl 1 1 412 1 8 1 1 7 1 100 1 100 1 1 1 1 1 12 9 1 7 1 1 12 11 1 7 1 8 1 8 1 1 12 10 1 1 12 10 1 1 12 10 12 10 1 8 1 7 1 1 12 10 15 1 12 18 1 1 12 10 1 8 18 1 12 9 1 1 12 10 1 100 1 1 12 10 1 1 1 1 7 1 1 12 10 12 10 1 1 1 1 12 10 1 1 12 10 1 100 1 8 1 12 10 1 7 1 12 10 1 12 10 1 8 1 12 10 1 8 1 12 10 1 8 18 1 12 10 1 8 18 1 100 12 10 1 1 1 1 12 10 12 10 12 10 1 8 12 18 1 8 1 8 1 8 1 8 1 8 1 8 1 8 1 8 1 8 1 8 1 8 1 8 1 8 1 8 1 8 1 8 1 8 1 8 1 1 12 10 1 12 10 1 1 1 8 1 12 10 100 1 1 12 10 1 12 10 1 1 8 12 18 1 12 10 1 1 12 10 1 8 18 1 12 10 1 1 8 1 1 1 1 1 8 1 1 12 10 1 1 1 12 10 1 12 10 1 1 12 10 1 100 1 1 100 1 12 11 1 100 1 1 12 9 1 12 10 1 8 1 8 18 1 100 1 8 18 10 1 8 1 1 12 10 1 8 1 12 10 1 7 1 12 10 12 10 7 1 12 10 1 1 12 10 12 10 12 10 1 8 18 1 1 1 8 1 8 18 12 10 1 12 10 1 1 100 1 12 10 1 100 1 12 11 1 12 11 1 12 10 1 8 1 1 8 1 8 18 1 12 10 12 10 1 1 1 1 1 12 10 1 100 1 100 10 12 10 1 12 10 1 7 1 12 10 1 8 1 12 10 8 8 1 8 8 8 8 8 8 1 12 10 1 1 100 1 12 11 1 100 10 1 1 12 10 10 1 1 1 1 1 1 1
staticfield com/android/tools/r8/internal/Gl a Lcom/android/tools/r8/internal/AC; com/android/tools/r8/internal/Vf0
staticfield com/android/tools/r8/internal/Gl b Z 1
ciInstanceKlass com/android/tools/r8/internal/mK 0 0 15 1 8 1 1 100 1 100 1 1 12 10 1 1 1
ciInstanceKlass com/android/tools/r8/DexIndexedConsumer$DirectoryConsumer 1 1 254 1 8 1 1 7 1 7 1 100 1 100 1 100 1 1 1 1 1 1 1 1 1 1 1 1 12 10 1 1 1 1 1 1 1 1 12 10 12 9 12 9 1 7 12 10 12 9 12 9 1 1 100 1 1 12 10 1 100 1 1 12 10 1 100 1 1 12 11 1 100 1 1 12 11 1 100 1 1 12 11 1 1 12 11 1 100 1 100 1 1 12 10 1 12 10 1 100 1 1 12 11 1 1 12 10 1 1 1 1 100 1 100 12 10 1 100 1 12 9 1 12 10 1 1 12 11 1 1 12 11 1 100 1 100 1 12 10 1 1 12 11 1 1 12 11 1 12 9 1 100 1 1 12 10 1 100 1 100 1 12 10 1 1 12 11 1 100 1 1 12 10 1 12 10 10 1 1 1 1 1 1 1 1 12 10 1 100 1 100 1 100 1 100 10 1 12 10 1 1 12 11 1 12 10 1 1 1 1 1 1 1 1 1 1 1 100 1 1 12 11 1 12 10 1 1 1 12 10 1 1 1 1 12 10 1 100 1 1 12 10 1 12 9 1 1 1 1 1 1 1 1 1 1
ciInstanceKlass com/android/tools/r8/internal/B2 1 1 311 1 8 1 1 7 1 1 7 1 100 1 100 1 1 1 1 1 1 1 1 1 1 1 1 1 1 1 1 1 1 1 1 1 1 1 1 1 1 1 1 1 1 1 1 1 1 1 1 1 1 1 1 1 1 1 1 1 1 1 1 12 9 7 1 1 12 10 1 1 1 12 10 12 9 1 12 9 1 1 1 12 10 1 100 1 1 12 10 1 12 9 1 100 1 12 10 12 9 12 9 12 9 1 12 11 12 9 12 9 12 9 12 9 12 9 12 9 12 9 12 9 12 9 12 9 12 9 12 9 12 9 12 9 12 9 12 9 12 9 12 9 12 9 12 9 12 9 12 9 12 9 12 9 12 9 12 9 12 9 12 9 12 9 12 9 12 9 12 9 12 9 12 9 12 9 1 1 100 1 1 12 10 1 100 1 1 12 10 12 10 1 1 12 10 1 12 10 1 1 7 1 1 12 10 8 12 10 1 8 8 8 8 1 8 1 8 8 8 1 8 8 1 8 1 8 8 1 8 8 1 8 1 8 8 1 8 8 1 8 8 8 1 8 8 1 8 8 8 8 8 1 8 1 8 1 8 1 8 1 8 1 8 1 8 3 12 9 12 9 1 1 1 12 10 1 8 1 100 1 1 12 10 15 1 12 18 1 1 12 11 1 1 7 1 12 10 12 10 1 1 1 12 10 1 1 1 1 1 1 1
staticfield com/android/tools/r8/internal/B2 c Lcom/android/tools/r8/internal/B2; com/android/tools/r8/internal/B2
staticfield com/android/tools/r8/internal/B2 d Lcom/android/tools/r8/internal/B2; com/android/tools/r8/internal/B2
staticfield com/android/tools/r8/internal/B2 e Lcom/android/tools/r8/internal/B2; com/android/tools/r8/internal/B2
staticfield com/android/tools/r8/internal/B2 f Lcom/android/tools/r8/internal/B2; com/android/tools/r8/internal/B2
staticfield com/android/tools/r8/internal/B2 g Lcom/android/tools/r8/internal/B2; com/android/tools/r8/internal/B2
staticfield com/android/tools/r8/internal/B2 h Lcom/android/tools/r8/internal/B2; com/android/tools/r8/internal/B2
staticfield com/android/tools/r8/internal/B2 i Lcom/android/tools/r8/internal/B2; com/android/tools/r8/internal/B2
staticfield com/android/tools/r8/internal/B2 j Lcom/android/tools/r8/internal/B2; com/android/tools/r8/internal/B2
staticfield com/android/tools/r8/internal/B2 k Lcom/android/tools/r8/internal/B2; com/android/tools/r8/internal/B2
staticfield com/android/tools/r8/internal/B2 l Lcom/android/tools/r8/internal/B2; com/android/tools/r8/internal/B2
staticfield com/android/tools/r8/internal/B2 m Lcom/android/tools/r8/internal/B2; com/android/tools/r8/internal/B2
staticfield com/android/tools/r8/internal/B2 n Lcom/android/tools/r8/internal/B2; com/android/tools/r8/internal/B2
staticfield com/android/tools/r8/internal/B2 o Lcom/android/tools/r8/internal/B2; com/android/tools/r8/internal/B2
staticfield com/android/tools/r8/internal/B2 p Lcom/android/tools/r8/internal/B2; com/android/tools/r8/internal/B2
staticfield com/android/tools/r8/internal/B2 q Lcom/android/tools/r8/internal/B2; com/android/tools/r8/internal/B2
staticfield com/android/tools/r8/internal/B2 r Lcom/android/tools/r8/internal/B2; com/android/tools/r8/internal/B2
staticfield com/android/tools/r8/internal/B2 s Lcom/android/tools/r8/internal/B2; com/android/tools/r8/internal/B2
staticfield com/android/tools/r8/internal/B2 t Lcom/android/tools/r8/internal/B2; com/android/tools/r8/internal/B2
staticfield com/android/tools/r8/internal/B2 u Lcom/android/tools/r8/internal/B2; com/android/tools/r8/internal/B2
staticfield com/android/tools/r8/internal/B2 v Lcom/android/tools/r8/internal/B2; com/android/tools/r8/internal/B2
staticfield com/android/tools/r8/internal/B2 w Lcom/android/tools/r8/internal/B2; com/android/tools/r8/internal/B2
staticfield com/android/tools/r8/internal/B2 x Lcom/android/tools/r8/internal/B2; com/android/tools/r8/internal/B2
staticfield com/android/tools/r8/internal/B2 y Lcom/android/tools/r8/internal/B2; com/android/tools/r8/internal/B2
staticfield com/android/tools/r8/internal/B2 z Lcom/android/tools/r8/internal/B2; com/android/tools/r8/internal/B2
staticfield com/android/tools/r8/internal/B2 A Lcom/android/tools/r8/internal/B2; com/android/tools/r8/internal/B2
staticfield com/android/tools/r8/internal/B2 B Lcom/android/tools/r8/internal/B2; com/android/tools/r8/internal/B2
staticfield com/android/tools/r8/internal/B2 C Lcom/android/tools/r8/internal/B2; com/android/tools/r8/internal/B2
staticfield com/android/tools/r8/internal/B2 D Lcom/android/tools/r8/internal/B2; com/android/tools/r8/internal/B2
staticfield com/android/tools/r8/internal/B2 E Lcom/android/tools/r8/internal/B2; com/android/tools/r8/internal/B2
staticfield com/android/tools/r8/internal/B2 F Lcom/android/tools/r8/internal/B2; com/android/tools/r8/internal/B2
staticfield com/android/tools/r8/internal/B2 G Lcom/android/tools/r8/internal/B2; com/android/tools/r8/internal/B2
staticfield com/android/tools/r8/internal/B2 H Lcom/android/tools/r8/internal/B2; com/android/tools/r8/internal/B2
staticfield com/android/tools/r8/internal/B2 I Lcom/android/tools/r8/internal/B2; com/android/tools/r8/internal/B2
staticfield com/android/tools/r8/internal/B2 J Lcom/android/tools/r8/internal/B2; com/android/tools/r8/internal/B2
staticfield com/android/tools/r8/internal/B2 K Lcom/android/tools/r8/internal/B2; com/android/tools/r8/internal/B2
staticfield com/android/tools/r8/internal/B2 L Lcom/android/tools/r8/internal/B2; com/android/tools/r8/internal/B2
staticfield com/android/tools/r8/internal/B2 M Lcom/android/tools/r8/internal/B2; com/android/tools/r8/internal/B2
staticfield com/android/tools/r8/internal/B2 N Lcom/android/tools/r8/internal/B2; com/android/tools/r8/internal/B2
staticfield com/android/tools/r8/internal/B2 O Lcom/android/tools/r8/internal/B2; com/android/tools/r8/internal/B2
staticfield com/android/tools/r8/internal/B2 P Lcom/android/tools/r8/internal/B2; com/android/tools/r8/internal/B2
staticfield com/android/tools/r8/internal/B2 Q Lcom/android/tools/r8/internal/B2; com/android/tools/r8/internal/B2
staticfield com/android/tools/r8/internal/B2 R [Lcom/android/tools/r8/internal/B2; 38 [Lcom/android/tools/r8/internal/B2;
staticfield com/android/tools/r8/internal/B2 S Z 1
ciInstanceKlass com/android/tools/r8/graph/u1 1 1 3039 1 8 1 1 7 1 7 1 100 1 7 1 7 1 7 1 7 1 7 1 7 1 7 1 7 1 7 1 7 1 7 1 7 1 7 1 7 1 7 1 7 1 7 1 7 1 7 1 7 1 7 1 7 1 7 1 7 1 7 1 7 1 7 1 7 1 7 1 7 1 7 1 7 1 7 1 7 1 7 1 7 1 7 1 7 1 7 1 7 1 7 1 7 1 7 1 7 1 7 1 7 1 7 1 7 1 7 1 7 1 7 1 7 1 7 1 7 1 7 1 7 1 7 1 7 1 7 1 100 1 7 1 100 1 1 1 1 1 1 100 1 100 1 7 1 100 1 1 1 1 1 1 1 1 1 1 1 1 1 1 1 1 1 1 1 1 1 1 1 1 1 1 1 1 1 1 1 1 1 1 1 1 1 1 1 1 1 1 1 1 1 1 1 1 1 1 1 1 1 1 1 1 1 1 1 1 1 1 1 1 1 1 1 1 1 1 1 1 1 1 1 1 1 1 1 1 1 1 1 1 1 1 1 1 1 1 1 1 1 1 1 1 1 1 1 1 1 1 1 1 1 1 1 1 1 1 1 1 1 1 1 1 1 1 1 1 1 1 1 1 1 1 1 1 1 1 1 1 1 1 1 1 1 1 1 1 1 1 1 1 1 1 1 1 1 1 1 1 1 1 1 1 1 1 1 1 1 1 1 1 1 1 1 1 1 1 1 1 1 1 1 1 1 1 1 1 1 1 1 1 1 1 1 1 1 1 1 1 1 1 1 1 1 1 1 1 1 1 1 1 1 1 1 1 1 1 1 1 1 1 1 1 1 1 1 1 1 1 1 1 1 1 1 1 1 1 1 1 1 1 1 1 1 1 1 1 1 1 1 1 1 1 1 1 1 1 1 1 1 1 1 1 1 1 1 1 1 1 1 1 1 1 1 1 1 1 1 1 1 1 1 1 1 1 1 1 1 1 1 1 1 1 1 1 1 1 1 1 1 1 1 1 1 1 1 1 1 1 1 1 1 1 1 1 1 1 1 1 1 1 1 1 1 1 1 1 1 1 1 1 1 1 1 1 1 1 1 1 1 1 1 1 1 1 1 1 1 1 1 1 1 1 1 1 1 1 1 1 1 1 1 1 1 1 1 1 1 1 1 1 1 1 1 1 1 1 1 1 1 1 1 1 1 1 1 1 1 1 1 1 1 1 1 1 1 1 1 1 1 1 1 1 1 1 1 1 1 1 1 1 1 1 1 1 1 1 1 1 1 1 1 1 1 1 1 1 1 1 1 1 1 1 1 1 1 1 1 1 1 1 1 1 1 1 1 1 1 1 1 1 1 1 1 1 1 1 1 1 1 1 1 1 1 1 1 1 1 1 1 1 1 1 1 1 1 1 1 1 1 1 1 1 16 1 12 10 15 1 16 1 7 1 1 12 10 15 1 1 12 18 1 12 10 1 7 1 1 100 12 11 1 100 1 1 12 10 1 1 12 10 12 9 1 7 1 12 11 1 100 1 1 12 10 1 7 1 100 1 100 1 1 12 11 1 12 10 1 1 12 11 1 7 1 12 11 1 12 11 1 100 1 100 1 12 9 1 12 10 1 1 12 10 10 1 12 10 1 12 9 11 1 7 12 9 1 7 1 1 12 11 1 12 9 12 9 1 12 9 1 7 10 1 12 9 1 100 1 1 12 10 12 9 1 12 10 11 1 12 11 1 1 7 12 9 1 7 12 10 1 12 10 12 10 12 10 12 10 12 10 1 1 12 10 12 10 12 9 1 7 1 12 10 1 1 12 10 1 1 12 10 12 10 1 12 10 1 12 10 12 9 1 1 100 12 10 1 100 1 12 10 1 12 10 1 100 12 10 1 100 12 9 1 12 10 1 100 1 12 9 1 100 1 12 10 1 12 10 1 100 12 10 12 9 1 12 10 1 100 1 12 10 1 12 10 1 12 10 1 100 1 100 1 12 10 1 1 100 1 12 11 1 1 100 12 9 12 9 1 12 10 1 1 12 10 1 1 12 10 1 1 12 10 1 100 1 12 11 1 1 12 10 1 1 7 1 12 11 1 12 11 12 9 12 9 1 12 10 1 12 9 1 7 1 12 11 12 9 11 1 100 1 8 1 7 1 1 12 10 15 1 12 18 1 12 10 1 1 1 7 1 12 10 1 7 10 1 10 1 1 12 10 1 12 9 1 8 18 12 9 12 9 12 9 12 9 12 9 12 9 12 9 12 9 12 9 1 1 1 12 10 1 7 1 12 10 1 1 12 11 12 10 15 16 1 12 18 1 7 1 1 12 11 1 7 1 1 12 10 1 1 12 11 1 12 9 1 1 12 9 1 12 10 1 12 10 10 1 1 1 7 1 100 10 1 1 12 10 1 12 10 12 10 1 1 12 10 1 8 1 12 10 10 12 9 12 9 1 12 9 12 9 16 12 10 15 1 16 1 12 18 1 100 10 12 10 15 1 16 1 12 18 1 100 1 12 10 12 10 1 1 1 100 10 12 9 1 12 10 11 1 100 1 12 10 10 1 12 10 1 1 100 10 12 10 1 1 1 1 8 1 1 12 10 12 10 1 8 1 12 18 1 1 1 7 1 12 10 12 9 1 1 1 1 100 1 1 12 10 1 1 12 10 1 12 10 12 10 1 1 1 1 12 10 12 9 1 1 1 12 10 1 12 10 12 10 1 1 12 9 1 1 12 11 100 1 1 1 12 10 12 9 1 1 1 1 1 100 1 1 12 10 1 16 12 10 15 1 16 1 12 18 1 100 1 12 10 10 1 12 10 1 12 10 12 9 1 100 1 1 1 1 100 1 12 10 12 9 1 1 1 1 12 9 1 7 1 1 12 10 1 100 10 15 1 16 1 12 18 1 1 12 11 1 7 1 100 1 12 9 10 15 1 16 18 1 12 9 10 15 1 16 18 1 12 9 1 100 10 15 1 16 18 1 12 9 1 100 10 15 1 16 18 1 12 9 10 15 16 18 1 7 10 1 12 9 1 100 1 12 10 1 12 10 15 16 18 1 12 9 1 12 10 12 9 12 9 1 100 10 1 1 100 1 12 10 1 12 10 1 12 10 12 9 12 9 10 1 12 10 1 100 12 9 1 12 10 1 12 10 12 10 12 10 15 1 16 1 12 18 10 1 1 7 12 9 1 7 10 12 9 12 9 1 8 18 1 12 10 12 9 12 10 1 12 10 15 1 12 18 1 1 12 10 15 1 12 18 1 100 1 1 7 12 10 15 18 1 1 100 10 1 100 1 12 10 10 1 100 1 12 10 1 100 1 12 10 1 100 1 12 10 10 10 10 1 7 12 10 10 1 12 10 1 7 10 12 9 1 7 10 12 9 10 12 9 12 10 12 9 12 9 1 7 10 8 12 9 8 12 9 8 12 9 8 12 9 8 12 9 8 12 9 8 12 9 8 12 9 8 1 8 12 9 1 8 12 9 1 8 12 9 1 8 12 9 1 8 12 9 1 8 12 9 1 8 12 9 1 8 8 1 8 1 8 1 8 1 8 1 8 1 8 1 8 1 8 1 8 1 8 1 8 1 8 1 8 1 8 1 8 12 9 1 8 1 8 12 9 1 8 12 9 1 8 12 9 8 12 9 1 8 1 8 1 8 1 8 1 8 1 8 1 8 1 8 8 12 9 1 8 12 9 1 8 12 9 1 8 12 9 1 8 12 9 1 8 12 9 8 12 9 1 8 12 9 1 8 12 9 1 8 12 9 1 8 12 9 1 8 12 9 1 8 12 9 1 8 12 9 1 8 12 9 1 8 12 9 1 8 12 9 1 8 12 9 1 8 12 9 8 1 8 12 9 8 12 9 1 8 12 9 1 8 12 9 1 8 12 9 8 12 9 8 12 9 8 12 9 8 12 9 1 8 12 9 1 8 12 9 8 12 9 1 8 12 9 1 8 12 9 1 8 12 9 1 8 12 9 1 8 12 9 1 8 12 9 1 8 12 9 1 8 12 9 1 8 12 9 1 8 12 9 1 8 12 9 1 8 12 9 1 8 12 9 1 8 12 9 1 8 12 9 1 8 12 9 1 8 1 8 12 9 1 8 1 8 12 9 1 8 8 12 9 1 8 1 8 12 9 1 8 1 8 1 8 1 8 12 9 1 8 12 9 1 8 12 9 1 8 1 8 12 9 1 8 1 8 1 8 12 9 1 8 12 9 1 8 12 9 1 8 12 9 1 8 1 8 1 8 1 8 1 8 1 8 1 8 1 8 1 8 1 8 1 8 1 8 1 8 1 8 1 8 1 8 1 8 1 8 1 8 1 8 1 8 1 8 1 8 1 8 1 8 1 8 1 8 1 8 1 8 1 8 12 9 8 12 9 8 8 1 8 1 8 1 8 1 8 8 1 8 1 8 1 8 1 8 1 8 1 8 1 8 1 8 1 8 12 9 1 8 8 1 8 1 8 12 9 1 8 1 8 1 8 1 8 1 8 1 8 1 8 1 8 12 9 1 8 1 8 1 8 1 8 12 9 1 8 12 9 1 8 12 9 12 9 12 9 12 9 1 8 12 9 8 1 8 8 12 9 1 8 1 8 12 9 1 8 1 8 12 9 1 8 12 9 1 8 12 9 1 8 12 9 1 8 12 9 1 8 12 9 1 8 12 9 1 8 12 9 1 8 12 9 8 12 9 1 8 12 9 1 8 12 9 1 8 12 9 1 8 12 9 1 8 12 9 1 8 12 9 1 8 12 9 1 8 12 9 12 9 12 10 12 9 12 9 12 9 12 9 12 9 12 9 12 9 12 9 12 9 12 9 12 9 12 9 12 9 12 9 12 9 12 9 12 9 12 9 12 9 12 9 12 9 12 9 12 9 12 9 12 9 12 9 12 9 12 9 12 9 12 9 12 9 12 9 12 9 12 9 12 9 12 9 12 9 12 9 12 9 12 9 12 9 12 9 1 7 1 7 12 10 1 7 1 12 10 12 9 12 9 12 9 12 9 12 9 12 9 12 9 12 9 12 9 12 9 12 9 12 9 1 8 12 10 12 9 1 8 12 9 12 9 1 8 12 9 12 9 12 9 12 9 12 9 12 9 12 9 12 9 12 9 12 9 12 9 1 8 12 9 1 8 12 9 12 9 12 9 12 9 12 9 12 9 12 9 12 9 12 9 12 9 12 9 12 9 12 9 12 9 12 9 12 9 1 12 10 12 9 12 10 12 9 1 8 12 9 1 8 12 9 1 8 12 9 1 8 12 9 12 9 12 9 12 9 12 9 12 9 12 9 12 9 12 9 12 9 12 9 1 8 12 9 12 9 12 9 12 9 1 8 12 10 12 9 1 8 12 9 1 8 12 9 1 8 12 9 12 9 1 8 12 9 12 9 12 9 1 8 12 9 1 8 12 9 12 9 12 9 12 9 1 8 12 9 1 8 12 9 1 8 12 9 1 8 12 9 12 9 1 8 12 9 1 8 12 9 1 8 1 8 12 9 1 8 12 9 1 8 12 9 1 8 12 9 1 8 12 9 1 8 1 8 12 9 1 8 12 9 1 8 12 9 1 8 12 9 1 8 12 9 1 8 12 9 1 8 12 9 1 8 12 9 1 8 12 9 1 8 12 9 1 8 12 9 1 8 12 9 1 8 12 9 12 9 12 9 1 12 10 12 9 12 9 1 12 10 10 10 10 10 10 10 10 12 9 10 12 9 10 12 9 10 12 9 10 10 12 9 10 12 9 10 10 12 9 10 12 9 10 12 9 10 12 9 10 12 9 10 12 9 8 12 10 10 12 9 10 12 9 10 12 9 10 12 9 1 8 10 12 9 10 12 9 10 12 9 10 12 9 10 12 9 10 12 9 10 10 12 9 10 10 10 10 12 9 10 12 9 10 12 9 10 12 9 10 12 9 10 12 9 10 10 10 10 12 9 10 12 9 10 10 12 9 10 12 9 10 12 9 10 12 9 10 1 12 10 12 9 1 8 12 9 12 9 1 8 12 9 1 8 12 9 12 9 1 8 12 9 1 8 12 9 1 8 12 9 1 8 12 9 1 8 12 9 1 8 12 9 1 8 12 9 1 8 12 9 1 8 12 9 1 8 12 9 1 8 12 9 1 8 12 9 1 8 12 9 1 8 12 9 1 8 12 9 1 8 12 9 1 8 12 9 1 8 12 9 1 8 12 9 1 8 12 9 1 8 12 9 1 8 1 8 12 9 10 12 9 1 8 1 8 12 9 12 9 1 8 12 9 1 8 12 9 12 9 12 9 1 8 12 9 1 8 12 9 1 8 12 9 1 8 12 9 1 8 12 9 1 8 12 9 1 8 12 9 1 8 12 9 1 8 12 9 1 8 12 9 1 8 12 9 1 8 12 9 1 8 12 9 1 8 12 9 10 12 9 10 12 9 10 12 9 10 12 9 1 7 10 12 9 1 7 1 12 10 1 7 1 12 10 12 9 1 7 10 1 12 10 1 12 10 1 12 10 1 12 10 8 12 9 1 8 12 9 12 9 12 9 12 9 12 9 1 12 10 1 7 11 12 10 12 9 1 12 10 12 9 1 12 10 12 9 9 9 12 9 12 9 12 9 12 9 12 9 1 100 12 10 12 9 12 9 10 12 9 1 12 10 12 9 1 7 10 12 9 1 1 100 12 10 1 12 10 12 9 1 100 1 12 10 12 10 1 8 1 8 12 9 1 12 10 1 8 1 8 1 12 10 1 8 1 8 1 8 1 8 1 8 1 8 1 8 1 8 1 8 1 8 1 8 1 8 1 8 1 8 1 8 1 8 1 8 1 100 1 12 10 1 7 12 10 15 16 1 12 18 1 1 1 1 1 1 1 1 1
staticfield com/android/tools/r8/graph/u1 J6 Lcom/android/tools/r8/graph/M2; com/android/tools/r8/graph/M2
staticfield com/android/tools/r8/graph/u1 K6 Lcom/android/tools/r8/graph/L2; com/android/tools/r8/graph/L2
staticfield com/android/tools/r8/graph/u1 L6 Ljava/util/IdentityHashMap; java/util/IdentityHashMap
staticfield com/android/tools/r8/graph/u1 M6 Lcom/android/tools/r8/internal/uC; com/android/tools/r8/internal/Rf0
staticfield com/android/tools/r8/graph/u1 N6 Lcom/android/tools/r8/internal/uC; com/android/tools/r8/internal/Rf0
staticfield com/android/tools/r8/graph/u1 O6 Lcom/android/tools/r8/internal/uC; com/android/tools/r8/internal/Rf0
staticfield com/android/tools/r8/graph/u1 P6 Z 1
ciInstanceKlass com/android/tools/r8/graph/L2 1 1 337 1 8 1 1 7 1 1 7 1 100 1 100 1 100 1 1 1 1 1 1 1 1 1 1 12 9 100 1 1 1 12 10 1 7 1 1 12 10 1 1 1 12 10 1 12 10 1 1 12 10 1 1 12 10 1 1 12 9 1 1 1 12 10 1 1 12 10 12 10 1 12 10 1 1 12 10 1 100 12 9 1 100 1 12 10 1 1 1 1 1 1 12 10 12 10 1 12 10 12 10 1 1 1 100 10 1 1 1 12 10 1 1 12 10 1 12 10 1 1 100 1 12 9 1 100 1 12 11 1 1 100 1 12 10 1 1 7 1 12 10 1 1 1 1 12 10 1 12 10 1 100 1 8 1 12 10 1 1 100 1 12 10 1 1 12 10 1 12 10 1 1 12 10 1 1 100 1 12 9 1 12 10 1 1 7 1 1 12 9 1 7 1 12 11 1 12 10 1 1 100 10 1 1 12 10 1 8 1 8 1 100 1 1 12 10 1 8 10 12 10 1 1 12 10 1 1 12 10 1 1 8 12 10 1 100 1 100 12 10 12 9 1 100 1 1 12 10 1 100 1 1 12 10 1 12 10 1 1 1 12 10 1 1 12 10 1 1 1 1 1 1 10 1 1 1 100 1 8 1 100 1 1 12 10 15 12 18 12 10 1 8 1 12 18 1 8 1 12 18 1 12 10 1 12 10 1 7 1 12 10 1 7 1 12 10 1 1 7 1 12 10 12 9 12 10 1 12 10 1 1 1 1 1 1 1 1
staticfield com/android/tools/r8/graph/L2 g [Lcom/android/tools/r8/graph/L2; 0 [Lcom/android/tools/r8/graph/L2;
staticfield com/android/tools/r8/graph/L2 h Z 1
ciInstanceKlass com/android/tools/r8/graph/B2 1 1 443 1 8 1 1 7 1 1 7 1 1 1 1 1 100 1 1 12 10 1 1 12 10 1 100 1 1 12 10 1 1 12 10 1 8 1 1 12 9 1 8 1 1 12 9 1 12 10 1 8 1 1 12 10 1 8 12 9 1 100 1 12 9 1 100 1 1 12 9 1 8 1 12 10 1 1 1 1 1 1 100 1 1 12 10 1 1 12 10 1 100 1 12 11 1 12 10 1 12 10 1 1 1 16 12 10 15 1 100 1 1 12 10 15 12 18 1 1 7 1 1 12 10 12 10 1 100 1 100 1 12 10 1 100 11 1 1 100 1 12 10 1 1 1 12 10 1 1 100 12 10 1 1 1 1 1 1 1 12 9 1 1 100 1 1 12 11 1 1 1 100 1 1 12 11 1 1 1 12 10 1 100 1 12 9 1 100 1 12 9 1 100 1 12 10 10 1 12 10 1 100 1 100 10 1 1 1 100 10 100 1 12 10 1 100 1 1 12 10 1 1 12 10 1 8 1 100 1 12 10 1 100 1 1 12 10 1 7 10 1 1 12 10 1 12 10 1 1 12 10 1 100 1 1 12 10 1 100 1 12 10 1 100 1 12 11 12 11 1 12 11 1 12 10 12 10 1 1 100 1 1 12 9 1 12 10 1 1 1 1 100 1 1 12 10 1 100 1 100 1 12 10 1 1 7 1 12 10 10 10 12 10 1 1 12 10 1 12 10 1 1 1 12 10 12 10 1 1 1 1 8 1 100 1 1 12 10 15 1 12 18 1 12 10 12 10 1 12 10 1 8 1 12 18 12 10 1 1 1 100 1 12 9 1 1 12 10 1 1 1 1 1 12 10 1 1 12 10 1 12 10 1 1 1 1 1 1 12 10 1 12 9 12 9 1 12 10 1 7 1 1 12 10 1 100 1 100 1 8 1 12 18 1 12 10 16 15 1 16 1 12 18 1 100 1 12 10 15 16 18 1 12 10 15 16 18 1 1 1 1 1 1 1
ciInstanceKlass com/android/tools/r8/graph/I2 1 1 273 1 8 1 1 7 1 1 7 1 100 1 100 1 1 1 1 1 1 1 1 1 16 1 12 10 15 1 100 1 1 12 10 15 12 18 1 1 12 9 1 7 1 12 10 12 9 1 7 10 1 1 1 12 10 1 1 12 9 1 7 1 12 10 1 1 1 1 1 1 1 100 1 1 12 11 1 12 10 1 1 1 1 12 10 1 1 1 8 1 100 1 1 12 10 15 1 12 18 1 1 100 1 12 11 1 100 1 1 12 10 1 12 11 1 100 1 1 12 10 1 100 1 12 10 1 12 11 100 1 100 12 10 1 1 100 1 12 9 1 12 10 1 12 10 1 12 10 1 100 1 8 1 1 12 10 1 1 12 10 1 8 1 12 10 12 10 1 1 12 10 1 12 9 1 100 1 12 9 1 12 10 1 1 100 1 12 11 1 12 11 1 1 1 1 100 1 1 12 10 1 100 1 100 1 12 10 1 16 1 12 10 15 1 16 1 1 12 18 1 100 1 12 10 1 1 10 12 10 15 1 16 1 12 18 1 100 1 12 10 1 12 10 15 16 18 1 12 10 1 12 10 1 12 10 1 100 1 1 12 10 1 100 1 12 10 1 1 1 1 1 1 1
staticfield com/android/tools/r8/graph/I2 g I 0
ciInstanceKlass com/android/tools/r8/internal/VC 1 1 70 1 8 1 1 7 1 7 1 1 1 1 1 1 12 10 1 7 1 1 12 9 12 9 1 1 7 1 1 12 10 1 7 1 1 12 10 12 9 1 7 1 12 10 1 12 10 1 1 12 10 1 1 12 9 1 12 9 1 12 10 12 10 1 12 10 1 1 1 1
ciInstanceKlass com/android/tools/r8/graph/O2 1 1 169 1 8 1 1 7 1 1 7 1 100 1 100 1 1 1 1 1 1 1 1 12 9 1 1 1 1 1 1 16 1 12 10 15 1 100 1 1 12 10 15 12 18 1 1 100 1 12 10 1 1 1 1 1 100 1 100 1 1 12 11 1 1 1 1 1 1 7 1 12 10 1 1 100 1 12 10 1 1 1 12 10 1 1 1 1 1 1 1 100 1 1 12 11 1 1 1 100 1 1 12 10 1 1 12 10 1 12 10 12 10 1 1 1 1 7 1 12 10 1 1 1 16 1 12 10 15 16 1 1 12 18 1 100 1 1 12 10 1 1 12 9 10 1 7 1 12 9 1 12 9 1 100 10 1 1 7 1 12 10 10 1 1 1 1 1 1 1 1
staticfield com/android/tools/r8/graph/O2 c Lcom/android/tools/r8/graph/O2; com/android/tools/r8/graph/O2
staticfield com/android/tools/r8/graph/O2 d Z 1
ciInstanceKlass com/android/tools/r8/graph/j1 1 1 1318 1 8 1 1 7 1 1 7 1 100 1 100 1 7 1 7 1 1 7 1 100 1 1 100 1 100 1 1 100 1 100 1 1 100 1 1 100 1 100 1 100 1 100 1 100 1 100 1 100 1 1 100 1 100 1 100 1 1 1 1 1 1 1 1 1 1 1 1 1 1 1 1 1 1 1 1 1 1 1 1 1 1 1 1 1 1 1 1 1 1 12 9 12 9 1 100 1 12 10 1 12 10 1 100 1 12 10 1 1 12 10 1 100 1 12 10 1 100 1 1 12 9 1 100 1 1 12 10 1 8 1 100 1 1 12 10 15 1 12 18 1 100 1 12 10 1 8 1 12 9 1 12 9 1 12 10 1 8 1 12 10 1 12 9 1 8 1 12 9 1 1 12 9 1 100 1 12 10 1 100 1 12 10 1 12 10 1 100 1 1 12 10 1 12 10 1 100 10 1 1 12 10 1 1 12 10 1 100 1 12 10 1 100 1 100 1 100 1 12 10 1 12 10 1 12 10 10 1 12 10 1 100 1 12 10 1 12 10 1 12 9 1 100 1 12 10 1 100 1 1 12 10 1 1 12 9 1 12 10 1 100 1 12 10 1 100 1 12 10 1 12 10 1 1 12 9 1 100 1 12 9 1 100 1 12 10 1 100 1 12 10 1 100 1 12 10 1 12 10 1 100 1 12 10 1 100 1 100 1 12 9 1 12 10 1 100 10 1 100 1 12 10 1 1 12 9 1 12 10 1 100 10 1 100 1 12 10 1 100 1 1 12 9 1 100 1 12 9 1 12 10 1 1 100 1 12 10 16 1 12 10 15 1 16 1 100 1 1 12 10 15 1 1 12 18 12 10 15 18 1 12 10 1 1 12 10 12 10 12 10 1 12 10 1 100 1 12 10 1 7 1 1 12 10 15 1 16 1 12 18 1 12 10 12 9 12 9 1 1 12 10 1 100 1 12 11 1 100 1 12 10 12 9 1 100 1 12 9 12 9 1 100 1 1 12 10 1 12 9 1 12 10 1 12 9 1 12 10 1 1 12 10 1 12 10 1 100 12 9 12 9 12 9 12 11 1 1 100 12 10 12 9 9 12 9 1 100 1 1 12 10 1 12 10 1 12 9 1 12 9 1 1 1 16 12 10 15 12 18 1 1 1 12 10 1 12 10 1 1 1 1 12 10 1 1 12 10 1 12 9 1 1 1 12 10 12 9 1 7 12 9 1 1 100 12 10 12 10 10 10 1 8 1 12 18 10 1 8 18 1 1 100 1 1 12 11 1 1 12 10 1 12 10 1 100 1 100 1 12 10 1 12 9 12 9 1 1 12 10 1 12 10 1 1 100 10 1 1 12 10 1 1 12 10 1 12 10 12 9 3 1 12 10 12 10 1 12 10 1 12 10 1 12 10 1 12 10 1 1 12 10 1 1 7 1 12 9 12 9 1 1 12 10 1 100 1 100 1 12 10 1 100 1 8 1 12 18 1 12 10 1 100 1 100 12 10 1 12 10 12 10 1 100 1 12 10 12 10 1 100 1 12 11 12 10 1 12 10 12 10 12 10 12 10 1 1 12 9 1 12 9 12 9 12 9 12 9 12 9 12 9 12 9 1 1 1 12 10 1 12 10 12 9 1 10 1 1 100 1 12 10 1 1 1 1 12 10 1 12 10 9 1 12 10 1 12 10 1 12 10 1 12 10 12 9 1 1 1 12 9 1 1 1 100 1 100 1 12 11 1 1 12 10 1 1 100 1 12 10 1 12 10 1 100 1 8 10 1 12 9 100 1 12 10 12 10 1 1 12 10 1 8 10 1 1 100 1 1 12 10 1 7 1 12 10 1 1 12 10 1 7 10 1 1 12 10 1 12 9 12 9 12 9 1 16 1 12 10 15 1 16 1 12 18 1 12 10 12 10 15 18 1 12 10 1 12 10 1 12 10 15 1 16 1 12 18 1 12 10 12 10 12 9 1 12 10 1 12 10 1 12 10 1 1 12 10 12 10 15 18 12 10 1 1 8 1 100 1 12 9 1 12 10 1 1 1 1 7 12 9 1 12 9 12 10 1 12 11 1 1 12 9 1 100 1 12 11 1 100 1 1 12 10 12 10 12 10 1 12 10 1 100 10 12 10 1 1 12 9 1 12 10 12 10 1 1 10 1 12 10 1 1 12 10 1 1 1 1 12 10 1 1 12 10 12 10 15 1 16 1 12 18 1 12 10 1 1 12 10 12 9 12 9 1 7 1 12 10 1 7 15 1 16 1 12 18 1 100 1 12 10 15 1 16 18 15 1 16 18 1 12 10 15 16 18 1 12 10 15 16 18 12 10 16 15 1 16 1 1 12 18 1 12 10 12 10 15 18 12 10 15 18 12 10 15 1 16 18 1 16 1 12 10 15 16 1 12 18 1 16 1 12 10 15 16 1 12 18 1 12 10 12 10 12 10 1 12 11 1 12 10 1 12 10 1 100 1 12 11 1 100 1 12 10 1 100 1 12 10 10 1 12 11 1 12 10 1 100 1 12 11 1 8 1 12 18 1 12 10 1 12 11 11 1 100 11 1 12 10 1 1 12 10 1 100 1 12 10 1 100 1 12 9 1 12 10 1 12 10 10 12 10 12 9 1 12 9 1 1 100 12 10 1 12 10 1 12 10 12 10 12 9 1 12 10 1 12 10 12 10 12 10 12 10 12 10 12 9 10 1 12 10 12 9 12 9 1 12 10 12 9 12 9 1 1 1 12 10 1 1 12 10 15 18 1 12 10 12 10 12 10 1 100 1 12 9 1 100 1 12 11 1 100 12 9 12 11 1 1 7 1 12 10 12 9 1 12 10 12 9 1 7 1 12 9 1 7 1 12 9 12 10 12 9 1 7 10 1 1 12 10 10 12 10 12 10 12 10 10 1 100 10 1 12 10 15 18 12 10 15 1 12 18 1 12 10 12 10 1 1 1 1 1 1 1 1 1
staticfield com/android/tools/r8/graph/j1 u [Lcom/android/tools/r8/graph/j1; 0 [Lcom/android/tools/r8/graph/j1;
staticfield com/android/tools/r8/graph/j1 v Lcom/android/tools/r8/graph/j1; com/android/tools/r8/graph/j1
staticfield com/android/tools/r8/graph/j1 w Lcom/android/tools/r8/internal/TG; com/android/tools/r8/internal/TG
staticfield com/android/tools/r8/graph/j1 x Z 1
ciInstanceKlass com/android/tools/r8/graph/g1 1 1 397 1 8 1 1 7 1 1 7 1 100 1 100 1 1 100 1 100 1 1 100 1 1 1 1 1 1 1 1 1 1 1 1 1 1 1 1 1 1 1 1 1 16 12 10 15 1 100 1 1 12 10 15 12 18 1 1 1 1 12 10 1 100 1 12 9 1 1 1 1 12 9 1 1 1 12 9 1 12 9 1 1 1 7 1 1 12 9 12 9 1 1 12 9 1 12 9 1 100 1 12 10 1 100 1 1 100 1 1 12 10 1 100 1 1 12 10 1 100 1 12 10 1 100 1 12 9 1 100 1 12 10 1 1 1 8 1 100 1 1 12 10 15 1 12 18 1 12 10 1 12 10 1 12 10 1 1 1 1 100 1 1 12 11 1 1 12 10 1 100 12 10 1 100 1 12 11 1 100 1 12 10 1 100 1 12 10 1 1 100 1 12 10 1 1 12 10 1 7 12 10 1 12 9 1 1 100 1 1 1 12 10 1 1 12 10 1 12 10 1 100 1 1 12 10 1 100 1 12 10 1 100 12 10 12 10 1 100 12 9 1 12 10 12 10 1 12 10 1 12 10 1 8 1 12 18 1 12 10 1 100 1 12 10 1 8 18 1 1 12 9 1 1 12 10 12 10 12 9 10 12 10 10 1 100 1 12 9 12 10 1 12 10 1 1 1 1 12 10 1 1 1 1 12 10 1 1 1 12 10 16 15 1 16 1 12 18 1 100 1 12 10 15 1 16 18 1 12 10 15 16 18 12 10 1 16 12 10 15 1 16 1 1 12 18 1 12 10 1 12 10 15 18 12 10 1 1 12 10 12 9 1 7 1 12 9 1 100 1 12 10 1 12 10 1 12 10 1 12 11 1 1 7 1 12 10 12 9 1 1 1 1 1 1 1 1 1
staticfield com/android/tools/r8/graph/g1 o [Lcom/android/tools/r8/graph/g1; 0 [Lcom/android/tools/r8/graph/g1;
staticfield com/android/tools/r8/graph/g1 p Z 1
ciInstanceKlass com/android/tools/r8/internal/MB 1 1 21 1 8 1 1 100 1 100 1 1 1 3 3 3 3 3 3 1 1 1 1
instanceKlass com/android/tools/r8/graph/O4
instanceKlass com/android/tools/r8/graph/Q
instanceKlass com/android/tools/r8/graph/k3
ciInstanceKlass com/android/tools/r8/graph/g 1 1 229 1 8 1 1 7 1 1 7 1 100 1 100 1 1 1 1 1 1 1 1 1 1 12 10 12 10 1 100 1 1 12 10 1 7 1 100 1 1 12 11 1 1 12 11 1 100 1 1 12 11 1 100 1 8 1 1 12 10 1 12 10 1 1 12 10 1 12 10 1 1 12 10 1 1 1 16 12 10 15 1 100 1 1 12 10 15 12 18 1 1 12 9 12 9 1 1 12 10 1 12 10 1 12 10 1 1 1 1 1 1 12 10 1 12 9 1 100 10 1 12 10 1 12 10 1 1 1 1 1 1 1 1 1 1 12 10 1 1 1 12 10 1 12 10 1 1 16 15 1 12 18 15 18 15 18 12 10 15 18 12 10 15 18 12 10 15 18 1 12 10 12 9 1 1 100 1 1 12 11 1 10 1 16 1 12 10 15 16 1 1 12 18 1 100 1 12 10 12 10 15 18 1 1 7 1 12 10 1 8 1 8 1 8 1 8 1 8 1 8 1 1 1 1 1 1 1 1 1
staticfield com/android/tools/r8/graph/g d Lcom/android/tools/r8/internal/uC; com/android/tools/r8/internal/Rf0
staticfield com/android/tools/r8/graph/g e Z 1
ciInstanceKlass com/android/tools/r8/graph/k3 1 1 115 1 8 1 1 7 1 1 7 1 100 1 1 1 1 1 12 10 1 1 12 9 1 100 1 12 10 12 10 1 1 1 1 1 7 1 1 12 10 1 1 1 100 10 1 1 12 9 1 12 10 1 8 1 12 10 1 8 1 8 1 12 10 1 12 10 16 12 10 15 1 100 1 1 12 10 15 1 1 12 18 1 12 10 15 18 1 12 10 15 18 1 1 12 9 1 1 1 12 10 1 12 10 1 1 1 1 1 1 1 1 1 1 1 1
staticfield com/android/tools/r8/graph/k3 f Z 1
ciInstanceKlass sun/security/util/ManifestDigester$Section 1 1 55 10 7 12 1 1 1 9 7 12 1 1 1 9 12 1 9 12 1 9 12 1 1 10 100 12 1 1 1 1 1 1 1 1 1 1 1 1 1 1 1 1 1 1 1 1 1 100 1 1 1 100 1 1 1
ciInstanceKlass java/security/Provider$ServiceKey 1 1 63 10 7 12 1 1 1 9 7 12 1 1 1 9 12 1 9 7 12 1 1 1 10 7 12 1 1 1 10 12 1 1 9 12 1 10 12 1 1 10 12 1 1 1 1 1 1 1 1 1 1 1 1 1 1 1 1 1 1 7 1 1 1
ciInstanceKlass java/lang/AssertionError 0 0 79 10 100 12 1 1 1 10 12 1 10 100 12 1 1 1 10 100 1 100 1 10 12 1 1 10 12 1 10 12 1 10 12 1 10 12 1 10 12 1 10 12 1 10 12 1 1 1 1 5 0 1 1 1 1 1 1 1 1 1 1 100 1 1 1 1 1 1 1 1 1 1 1 1 1 1 1 1 1
instanceKlass com/android/tools/r8/internal/EJ
ciInstanceKlass java/lang/IllegalStateException 0 0 35 10 100 12 1 1 1 10 12 1 10 12 1 10 12 1 100 1 1 1 1 5 0 1 1 1 1 1 1 1 1 1 1 1 1
ciInstanceKlass java/lang/UnsupportedOperationException 0 0 34 10 100 12 1 1 1 10 12 1 10 12 1 10 12 1 100 1 1 1 1 5 0 1 1 1 1 1 1 1 1 1 1 1
ciInstanceKlass java/io/UTFDataFormatException 0 0 26 10 100 12 1 1 1 10 12 1 100 1 1 1 1 5 0 1 1 1 1 1 1 1 1 1
ciInstanceKlass com/android/tools/r8/internal/QJ 1 1 1670 1 8 1 1 7 1 7 1 100 1 100 1 7 1 100 1 100 1 7 1 7 1 7 1 100 1 7 1 7 1 100 1 7 1 7 1 7 1 7 1 7 1 7 1 7 1 100 1 100 1 100 1 7 1 7 1 7 1 1 1 1 1 1 1 1 1 1 1 1 1 1 1 1 1 100 1 100 1 100 1 1 1 1 1 1 1 1 1 1 1 1 1 1 1 1 1 1 1 1 1 1 1 1 1 1 1 1 1 1 1 1 1 1 1 1 1 1 1 1 1 1 1 1 1 1 1 1 1 1 1 1 1 1 1 1 1 1 1 1 1 1 1 1 1 1 1 1 1 1 1 1 1 1 1 1 1 1 1 1 1 1 1 1 1 1 1 1 1 1 1 1 1 1 1 1 1 1 1 1 1 1 1 1 1 1 1 1 1 1 1 1 1 1 1 1 1 1 1 1 1 1 1 1 1 1 1 1 1 1 1 1 1 1 1 1 1 1 1 1 1 1 1 1 1 1 1 1 1 1 1 1 1 1 1 1 1 1 1 1 1 1 1 1 1 1 1 1 1 1 1 1 1 1 1 1 1 1 1 1 1 1 1 1 1 1 1 1 1 1 1 1 1 1 1 1 1 1 1 1 1 1 1 1 1 1 1 1 1 1 1 1 1 1 1 1 1 12 9 1 12 10 12 10 12 9 12 9 1 7 12 9 1 1 12 10 1 100 1 1 12 10 1 12 10 1 7 1 12 11 12 11 1 12 9 12 9 1 12 9 12 9 1 7 1 12 10 1 12 9 1 12 9 1 7 1 12 10 1 7 1 12 11 12 9 12 9 12 9 12 9 12 9 12 9 12 9 12 9 12 9 12 9 12 10 12 9 12 10 12 9 1 7 10 12 9 12 9 1 12 9 12 9 1 12 9 12 9 12 9 1 12 10 1 8 1 12 10 12 9 1 100 1 1 12 9 1 12 9 12 9 1 12 9 1 100 1 12 9 1 8 1 100 1 12 10 1 1 12 10 1 100 1 12 10 1 12 10 12 9 1 100 1 12 9 12 9 1 8 1 100 1 12 10 12 9 1 8 1 100 1 1 12 10 1 1 12 10 1 100 1 12 10 1 1 12 10 12 9 1 12 10 1 12 10 12 9 1 7 1 12 9 1 100 1 12 9 1 100 12 10 1 100 1 8 1 100 1 100 10 1 12 9 1 100 1 12 9 1 100 1 12 10 1 100 1 12 10 1 100 1 12 10 1 100 1 12 9 12 10 1 8 12 9 1 8 1 8 1 8 12 9 1 8 1 1 12 9 1 12 9 1 1 7 1 100 1 12 9 1 100 1 100 12 9 12 9 1 100 1 8 10 12 10 12 10 12 10 1 100 12 10 12 9 1 1 12 11 12 9 1 100 11 12 10 1 100 12 9 1 100 1 1 12 11 1 100 1 12 11 1 1 12 11 1 100 1 1 12 10 1 1 12 11 12 9 1 100 12 11 1 1 12 10 1 100 11 12 9 12 10 12 9 1 12 10 12 9 12 10 12 9 12 10 1 12 10 1 12 9 1 12 10 12 10 1 1 100 1 1 12 10 1 100 12 10 1 12 9 1 1 12 9 1 12 9 1 1 1 100 1 100 1 12 10 12 9 12 10 1 12 9 1 1 12 9 1 12 9 1 12 9 1 12 9 1 12 9 1 12 9 1 12 9 1 12 9 1 12 9 1 12 9 1 12 9 1 12 9 1 12 9 1 100 10 12 9 1 1 100 1 12 10 1 1 12 10 1 16 1 100 1 12 11 15 1 16 1 7 1 1 12 10 15 1 1 12 18 1 100 1 12 10 10 1 100 1 12 9 1 100 1 12 10 1 12 10 1 100 1 100 1 12 10 1 12 10 1 1 12 10 1 100 1 100 1 12 10 12 10 1 100 1 12 9 12 10 1 100 1 12 10 1 100 1 1 12 9 1 100 1 12 10 1 100 10 12 9 1 12 9 1 100 11 1 100 12 10 1 100 1 1 12 10 16 1 12 10 15 16 1 1 12 18 1 100 1 12 10 1 100 1 12 10 1 12 10 1 1 12 10 1 1 12 10 12 9 1 12 10 15 16 1 12 18 1 7 1 1 12 10 11 1 1 12 10 12 9 12 10 15 18 1 12 9 12 9 1 100 1 12 9 12 10 15 18 1 12 10 1 12 10 1 100 1 100 1 8 1 12 10 12 9 12 9 12 9 12 9 12 9 12 9 12 9 1 7 12 9 12 10 12 9 12 9 12 11 1 1 7 12 9 12 9 12 11 12 9 12 10 12 9 1 12 10 1 100 1 8 10 1 100 10 1 12 10 10 1 100 1 100 1 8 10 10 1 8 1 1 12 10 1 12 9 1 12 10 1 8 12 9 1 12 10 1 8 12 9 10 1 12 10 1 12 10 1 1 12 10 1 100 11 11 1 8 1 8 1 8 1 100 1 1 12 10 15 1 12 18 1 8 12 10 1 8 1 8 1 8 1 12 9 12 9 12 9 1 8 12 10 12 9 12 9 10 1 7 1 12 10 12 9 12 9 12 9 12 9 1 12 9 5 0 12 9 1 7 1 12 9 12 9 12 9 12 9 12 9 12 9 12 9 12 9 1 8 1 7 1 12 10 1 8 12 9 1 8 1 8 1 12 10 12 9 12 9 12 9 1 7 9 1 7 1 8 1 12 10 1 8 1 12 10 12 9 12 9 1 8 12 9 12 9 12 9 12 9 12 9 12 9 12 9 12 9 1 8 12 9 12 9 1 16 1 12 10 15 16 1 1 12 18 12 9 12 9 1 8 12 9 12 9 1 7 1 1 12 10 12 9 12 9 12 9 12 9 12 9 10 12 9 12 9 12 9 12 9 12 9 12 9 12 9 1 8 12 9 12 9 12 9 1 8 1 8 1 8 1 8 1 8 12 9 1 8 12 9 1 7 1 12 10 1 12 10 12 9 12 10 12 9 1 7 12 9 12 9 12 10 12 9 12 9 1 8 12 9 1 8 12 9 1 8 12 9 12 9 12 9 12 9 12 9 12 9 12 9 12 9 12 9 12 9 12 9 12 9 12 9 12 9 12 9 12 9 12 9 12 9 12 9 1 7 1 12 10 10 10 10 10 10 1 7 10 1 8 1 7 1 12 10 10 10 10 10 1 7 10 10 12 9 1 7 10 10 10 10 1 7 10 1 7 10 1 7 10 1 7 1 12 10 12 9 10 12 9 12 9 10 12 9 12 9 12 9 12 9 12 9 12 9 12 9 12 9 12 9 12 9 12 9 12 9 1 7 12 10 12 9 10 1 100 10 1 7 10 1 12 10 1 12 9 12 10 1 12 10 1 100 9 12 9 12 9 12 9 12 10 9 12 9 12 9 9 12 9 1 1 12 10 12 10 12 9 1 8 1 12 18 1 10 1 100 12 9 16 15 1 16 1 1 12 18 1 16 18 1 16 18 1 12 10 9 1 8 12 10 15 1 16 18 1 12 10 1 8 12 9 10 12 10 15 1 16 18 1 8 1 16 18 1 8 1 8 1 8 1 16 18 1 8 12 9 1 100 1 12 10 1 1 1 7 1 12 10 1 8 12 9 12 9 12 9 1 12 10 1 7 9 12 9 1 1 100 1 100 1 1 12 9 12 10 1 12 10 1 8 1 7 9 1 100 10 1 12 10 15 16 1 12 18 1 12 10 12 10 1 7 1 12 9 1 8 1 12 10 15 1 16 1 12 18 10 1 1 1 1 1 1 1
staticfield com/android/tools/r8/internal/QJ f2 Z 0
staticfield com/android/tools/r8/internal/QJ g2 Lcom/android/tools/r8/internal/Rb; com/android/tools/r8/internal/Rb
staticfield com/android/tools/r8/internal/QJ h2 I 41
staticfield com/android/tools/r8/internal/QJ i2 Z 1
ciInstanceKlass com/android/tools/r8/internal/Rb 1 1 224 1 8 1 1 7 1 1 7 1 100 1 1 1 1 1 1 1 1 1 1 1 1 1 1 1 1 1 1 1 1 1 1 1 1 12 10 12 9 1 1 12 10 1 1 16 1 12 10 15 1 16 1 7 1 1 12 10 15 1 1 12 18 1 7 1 12 10 12 10 15 18 1 1 12 9 1 12 10 1 12 9 1 100 1 12 11 1 100 10 3 1 8 1 12 10 1 100 1 1 12 10 1 16 1 12 10 15 1 16 1 1 12 18 1 100 1 1 12 11 12 10 15 18 1 100 1 1 12 10 1 1 12 11 1 100 12 11 1 1 7 1 1 12 10 3 12 9 12 9 12 9 12 9 12 9 12 9 12 9 12 9 12 9 12 9 12 9 12 9 12 9 12 9 1 16 12 10 15 12 18 1 1 100 1 12 11 1 1 100 12 9 12 10 1 12 10 1 1 1 8 1 100 1 1 12 10 15 1 12 18 1 8 1 12 18 1 1 1 1 1 1 1 1
staticfield com/android/tools/r8/internal/Rb c Lcom/android/tools/r8/internal/Rb; com/android/tools/r8/internal/Rb
staticfield com/android/tools/r8/internal/Rb d Lcom/android/tools/r8/internal/Rb; com/android/tools/r8/internal/Rb
staticfield com/android/tools/r8/internal/Rb e Lcom/android/tools/r8/internal/Rb; com/android/tools/r8/internal/Rb
staticfield com/android/tools/r8/internal/Rb f Lcom/android/tools/r8/internal/Rb; com/android/tools/r8/internal/Rb
staticfield com/android/tools/r8/internal/Rb g Lcom/android/tools/r8/internal/Rb; com/android/tools/r8/internal/Rb
staticfield com/android/tools/r8/internal/Rb h Lcom/android/tools/r8/internal/Rb; com/android/tools/r8/internal/Rb
staticfield com/android/tools/r8/internal/Rb i Lcom/android/tools/r8/internal/Rb; com/android/tools/r8/internal/Rb
staticfield com/android/tools/r8/internal/Rb j Lcom/android/tools/r8/internal/Rb; com/android/tools/r8/internal/Rb
staticfield com/android/tools/r8/internal/Rb k Lcom/android/tools/r8/internal/Rb; com/android/tools/r8/internal/Rb
staticfield com/android/tools/r8/internal/Rb l Lcom/android/tools/r8/internal/Rb; com/android/tools/r8/internal/Rb
staticfield com/android/tools/r8/internal/Rb m Lcom/android/tools/r8/internal/Rb; com/android/tools/r8/internal/Rb
staticfield com/android/tools/r8/internal/Rb n Lcom/android/tools/r8/internal/Rb; com/android/tools/r8/internal/Rb
staticfield com/android/tools/r8/internal/Rb o Lcom/android/tools/r8/internal/Rb; com/android/tools/r8/internal/Rb
staticfield com/android/tools/r8/internal/Rb p Lcom/android/tools/r8/internal/Rb; com/android/tools/r8/internal/Rb
staticfield com/android/tools/r8/internal/Rb q [Lcom/android/tools/r8/internal/Rb; 25 [Lcom/android/tools/r8/internal/Rb;
staticfield com/android/tools/r8/internal/Rb r Z 1
ciInstanceKlass com/android/tools/r8/internal/QJ$p 1 1 610 1 8 1 1 7 1 7 1 7 1 1 7 1 1 7 1 1 100 1 100 1 100 1 100 1 1 1 1 1 1 1 1 1 1 1 1 1 1 1 1 1 1 1 1 1 1 1 1 1 1 1 1 1 1 1 1 1 1 1 1 1 1 1 1 1 1 1 1 1 1 1 1 1 1 1 1 1 1 1 1 1 1 1 1 1 1 1 1 1 1 1 1 1 1 1 1 1 1 1 1 1 1 1 1 1 1 1 1 1 1 1 1 1 1 1 1 1 1 1 1 1 1 1 1 1 1 1 1 1 1 1 1 1 1 1 1 1 1 1 1 1 1 1 1 1 1 1 1 1 1 1 1 1 1 1 1 1 1 1 1 1 1 1 1 1 1 1 1 1 1 1 12 10 1 8 1 7 1 1 12 10 12 9 12 9 12 9 12 9 12 9 12 9 12 9 12 9 12 9 12 9 12 9 12 9 1 8 12 9 1 8 12 9 1 8 12 9 12 9 12 9 12 9 1 8 12 9 1 7 10 12 9 1 7 1 12 9 12 9 12 9 1 12 10 1 12 9 1 100 1 12 9 1 7 1 12 9 1 100 12 9 1 16 1 12 10 15 16 1 7 1 1 12 10 15 1 1 12 18 12 9 12 9 12 9 1 16 1 7 1 12 10 15 1 16 1 12 18 12 9 1 7 1 12 10 12 9 1 7 1 12 11 12 9 1 16 1 12 10 15 16 1 12 18 12 9 12 9 12 9 12 9 12 9 1 16 1 12 10 15 16 1 1 12 18 12 9 12 9 12 9 1 8 1 7 1 12 10 12 9 12 9 12 9 12 9 1 8 12 9 12 9 1 7 1 12 10 1 8 12 9 12 9 12 9 12 9 12 9 1 8 12 9 12 9 12 9 12 9 12 9 12 9 1 8 12 9 12 9 1 8 12 9 12 9 12 9 12 9 12 9 12 9 1 8 12 9 12 9 12 9 12 9 12 9 12 9 12 9 12 9 1 8 1 100 1 1 12 10 3 12 9 12 9 12 9 12 9 12 9 12 9 12 9 12 9 1 8 12 9 12 9 12 9 12 9 12 9 12 9 12 9 1 8 12 9 12 9 1 8 12 9 1 8 12 9 12 9 1 7 10 12 9 1 8 12 9 1 8 12 9 1 8 12 9 12 9 12 9 12 9 12 9 12 9 12 9 12 9 12 9 12 9 12 9 12 9 10 12 9 12 9 12 9 10 12 9 12 10 12 9 12 9 12 9 12 9 1 8 1 8 1 7 1 1 12 10 12 9 12 9 1 1 7 1 12 10 12 9 1 100 10 1 1 1 1 1 8 1 100 1 1 12 10 1 100 1 12 10 12 10 1 1 1 1 1 1 1 1
staticfield com/android/tools/r8/internal/QJ$p l1 Z 1
ciInstanceKlass com/android/tools/r8/graph/Q 1 1 162 1 8 1 1 7 1 1 7 1 1 1 1 12 9 1 1 12 10 1 12 10 1 100 1 1 12 10 1 12 10 1 12 10 1 12 10 1 12 9 1 1 1 1 1 100 1 1 12 9 1 100 1 1 12 11 1 7 1 12 9 12 11 1 12 10 1 12 10 1 1 12 10 1 12 10 1 1 1 1 3 1 1 1 1 1 1 1 100 12 10 1 12 9 1 12 10 1 8 1 12 10 1 8 1 8 1 8 1 8 1 8 12 10 12 10 16 15 1 100 1 1 12 10 15 1 1 12 18 15 18 15 18 15 18 15 18 12 10 15 18 1 12 10 1 1 10 1 3 1 1 7 1 12 10 1 1 1 1 1 1 1
staticfield com/android/tools/r8/graph/Q f Z 1
instanceKlass com/android/tools/r8/graph/A
instanceKlass com/android/tools/r8/graph/z
ciInstanceKlass com/android/tools/r8/graph/B 1 1 30 1 8 1 1 100 1 7 1 100 1 100 1 100 1 100 1 1 1 12 10 1 1 1 1 1 1 1 1 1
ciInstanceKlass com/android/tools/r8/graph/r4 1 1 416 1 8 1 1 7 1 1 7 1 100 1 100 1 7 1 100 1 100 1 7 1 1 1 1 1 1 1 1 1 1 1 1 1 1 12 10 12 9 12 9 12 9 1 1 1 1 1 1 1 1 1 8 1 7 1 1 12 10 1 8 3 1 7 1 12 10 1 12 9 1 100 10 1 7 1 7 1 7 1 12 10 1 12 9 1 7 1 12 10 1 16 1 12 10 15 1 16 1 7 1 1 12 10 15 1 1 12 18 1 12 10 1 1 100 1 7 1 1 12 9 1 7 1 16 1 12 10 15 1 16 1 1 12 18 12 10 1 1 1 12 11 1 1 12 11 1 7 1 100 1 1 12 11 1 7 1 7 1 12 10 1 7 1 12 10 1 1 12 10 1 7 1 1 12 9 1 7 1 12 10 1 1 12 11 1 7 1 7 1 12 11 1 1 12 11 1 12 9 1 12 10 1 12 9 1 12 9 1 12 11 1 100 1 100 1 1 12 10 1 8 1 100 1 1 12 10 15 1 12 18 1 12 10 1 12 9 1 1 12 11 7 1 7 1 12 10 1 1 12 10 1 12 10 1 100 1 7 1 12 10 1 12 10 1 1 12 10 12 10 12 11 11 1 7 1 12 10 1 7 1 1 12 10 3 1 12 10 1 1 12 10 12 9 1 16 12 10 15 1 1 12 18 1 7 1 1 12 9 1 7 1 12 10 1 1 1 1 100 1 8 1 12 10 100 1 7 9 1 1 12 9 1 7 12 10 1 1 12 9 1 100 1 1 12 11 1 7 1 12 10 1 12 10 1 12 9 1 7 1 1 12 9 1 7 1 12 10 1 7 1 100 1 12 10 1 12 9 1 1 12 9 1 12 10 1 12 10 12 9 1 7 1 12 10 1 12 9 1 100 1 12 10 1 7 1 8 1 1 1 1 1 1 1 1 1
staticfield com/android/tools/r8/graph/r4 d [B 4
staticfield com/android/tools/r8/graph/r4 e Z 1
instanceKlass com/android/tools/r8/graph/N2
ciInstanceKlass com/android/tools/r8/graph/r0 1 1 479 1 8 1 1 7 1 1 7 1 100 1 100 1 100 1 7 1 100 1 1 100 1 100 1 1 100 1 1 100 1 1 100 1 1 100 1 1 100 1 100 1 100 1 1 100 1 100 1 1 1 1 1 1 1 12 9 1 1 1 1 1 1 1 1 16 12 10 15 1 100 1 1 12 10 15 12 18 1 1 12 9 1 7 1 12 9 1 1 12 10 1 1 12 10 1 1 1 8 1 100 1 1 12 10 15 1 12 18 1 1 12 10 1 1 100 1 12 10 1 1 100 1 1 12 11 1 1 12 10 1 1 16 1 12 10 15 16 1 12 18 1 100 1 12 10 1 16 1 12 10 15 16 1 1 12 18 1 12 10 1 12 10 1 1 7 1 12 9 1 12 10 1 1 12 10 1 100 1 12 9 1 7 1 1 12 9 1 1 12 10 1 100 1 12 9 1 100 10 1 100 1 12 9 1 7 1 8 1 12 10 1 12 10 1 12 10 1 8 1 12 10 1 1 12 9 1 100 1 12 10 1 100 10 1 1 12 10 1 1 12 10 1 12 10 1 12 10 12 9 1 1 12 10 1 12 10 1 1 12 10 1 1 12 9 1 12 9 1 12 10 1 100 10 1 1 12 10 1 1 12 10 1 7 12 10 1 1 12 10 10 1 8 100 1 12 10 1 12 9 1 1 1 1 1 12 9 1 12 10 1 1 100 1 12 10 12 9 1 12 9 1 100 1 100 1 12 9 1 12 9 1 100 1 12 11 1 12 10 1 12 10 1 12 9 1 12 9 12 10 1 12 10 10 1 1 12 10 1 12 10 12 9 1 100 1 12 9 1 100 1 12 9 1 100 1 12 10 1 12 10 1 1 12 9 10 1 1 12 10 1 7 1 1 12 10 1 1 12 9 1 12 11 1 12 10 1 1 7 1 12 10 9 1 1 12 9 1 12 10 1 1 1 7 1 12 9 12 9 1 1 12 10 1 12 9 1 1 12 9 1 12 10 1 12 9 12 9 1 1 12 9 1 100 1 8 1 12 10 1 100 1 12 10 1 12 9 1 12 9 1 1 1 1 1 1 1 1 1
staticfield com/android/tools/r8/graph/r0 d [Lcom/android/tools/r8/graph/r0; 0 [Lcom/android/tools/r8/graph/r0;
staticfield com/android/tools/r8/graph/r0 e Z 1
ciInstanceKlass com/android/tools/r8/dex/a$$Lambda$50+0x000001fc1009cdc0 1 1 32 1 7 1 7 1 100 1 1 1 1 1 1 1 12 10 12 9 12 9 1 1 1 7 1 7 1 1 12 10 1 1
ciInstanceKlass com/android/tools/r8/ProgramResource$Kind 1 1 55 1 8 1 1 7 1 1 7 1 100 1 1 1 1 1 1 1 1 12 9 100 1 1 12 10 1 1 1 12 10 1 1 1 1 1 12 10 1 1 8 12 10 12 9 8 12 9 1 1 1 1 1 1 1
staticfield com/android/tools/r8/ProgramResource$Kind CF Lcom/android/tools/r8/ProgramResource$Kind; com/android/tools/r8/ProgramResource$Kind
staticfield com/android/tools/r8/ProgramResource$Kind DEX Lcom/android/tools/r8/ProgramResource$Kind; com/android/tools/r8/ProgramResource$Kind
staticfield com/android/tools/r8/ProgramResource$Kind b [Lcom/android/tools/r8/ProgramResource$Kind; 2 [Lcom/android/tools/r8/ProgramResource$Kind;
ciInstanceKlass com/android/tools/r8/graph/A 1 1 46 1 8 1 1 7 1 7 1 1 1 1 1 12 10 12 9 1 1 8 1 7 1 1 12 10 1 8 1 1 1 100 1 1 12 9 1 12 9 1 100 1 1 1 1 1
ciInstanceKlass com/android/tools/r8/graph/y0 1 1 46 1 8 1 1 7 1 7 1 100 1 1 1 1 1 1 1 1 1 12 10 1 7 1 12 9 1 7 10 12 9 12 9 12 9 1 1 12 10 1 100 1 1 1 1 1
ciInstanceKlass com/android/tools/r8/graph/k4 1 1 292 1 8 1 1 7 1 7 1 1 1 1 1 1 1 1 1 1 1 1 1 1 1 12 9 1 100 1 12 10 12 9 1 7 1 12 9 1 100 1 12 10 1 100 1 1 12 10 1 100 1 100 12 10 1 12 10 1 12 9 12 9 1 100 1 12 9 1 100 1 12 10 1 100 1 7 1 1 12 9 1 12 10 1 12 9 1 7 1 1 12 10 1 12 9 1 16 1 7 12 10 15 16 1 7 1 1 12 10 15 1 1 12 18 1 7 1 1 12 10 12 9 12 10 15 18 1 12 9 1 7 1 12 10 12 10 15 16 1 12 18 1 7 1 12 10 1 12 9 1 12 9 12 9 1 100 1 1 12 10 1 12 10 1 12 10 12 10 12 10 12 9 1 7 1 12 10 12 10 1 12 10 1 1 12 10 1 12 10 1 7 1 12 10 1 12 10 1 7 1 1 12 10 1 100 1 7 1 100 1 12 10 1 12 10 12 9 1 1 1 12 10 1 1 12 10 1 16 12 10 15 1 16 1 1 12 18 1 100 1 1 12 11 1 10 10 10 1 7 10 1 1 12 10 1 7 1 12 10 1 1 12 9 1 7 1 12 9 1 7 1 1 12 10 1 12 10 1 10 12 10 1 1 7 1 12 10 1 1 1 1 1
staticfield com/android/tools/r8/graph/k4 h Z 1
ciInstanceKlass com/android/tools/r8/internal/RJ 1 1 15 1 8 1 1 100 1 100 1 1 1 1 1 1 1
ciInstanceKlass com/android/tools/r8/graph/m4 1 1 788 1 8 1 1 7 1 7 1 7 1 7 1 7 1 1 100 1 7 1 1 7 1 100 1 1 7 1 7 1 1 7 1 100 1 1 1 1 1 1 1 1 1 1 1 1 1 1 1 1 1 1 1 1 1 1 1 1 1 1 1 1 1 1 1 1 1 1 1 1 1 1 1 1 1 1 1 1 1 1 1 1 1 12 10 1 7 1 12 10 12 9 12 9 1 7 10 12 9 12 9 12 9 12 9 12 9 1 12 10 12 9 12 9 12 9 12 9 12 9 1 7 10 12 9 12 9 12 9 12 9 12 9 12 9 12 9 12 9 12 9 1 12 9 12 9 1 1 1 7 1 1 12 10 12 9 1 1 7 1 12 10 1 8 1 7 1 8 1 8 1 100 1 1 12 10 15 1 12 18 1 1 8 12 18 1 12 10 12 10 1 8 1 12 18 1 1 100 1 12 9 1 12 9 1 100 1 12 10 1 1 12 10 1 100 1 12 9 1 12 10 1 100 10 1 1 7 12 10 12 9 1 7 12 9 1 7 1 12 11 1 7 1 12 9 1 12 9 1 100 1 8 1 12 18 1 8 18 1 8 18 1 8 1 100 1 12 10 1 12 10 1 100 1 1 12 9 1 100 1 12 10 1 100 1 7 1 12 10 1 7 1 12 10 1 7 1 12 10 1 12 10 1 8 1 7 1 12 10 1 12 10 1 12 10 1 1 12 10 1 7 10 1 7 10 1 1 100 1 12 10 1 100 10 1 1 12 10 1 12 9 3 1 100 12 9 12 9 3 1 12 10 12 9 12 9 1 8 1 1 12 10 1 12 10 1 8 1 100 1 8 12 10 10 1 100 1 12 10 1 8 18 12 10 12 9 7 1 1 12 10 1 7 1 1 12 10 1 100 1 12 10 12 9 1 12 9 1 12 10 1 7 1 12 10 1 8 18 1 8 18 1 12 9 1 12 10 1 7 1 7 1 7 1 12 9 1 7 1 8 12 10 1 12 10 1 12 10 1 12 10 1 1 7 12 9 1 100 1 12 10 12 10 1 7 1 12 10 1 1 12 10 12 10 1 12 9 3 1 12 10 1 100 1 7 1 12 10 1 1 1 12 9 12 9 12 9 1 100 12 10 1 12 10 1 100 12 10 1 100 1 12 10 1 1 12 10 1 16 1 12 10 15 16 1 7 1 1 12 10 15 1 1 12 18 1 12 10 1 16 15 1 16 1 1 12 18 1 12 10 1 1 12 10 1 12 9 1 12 9 1 7 1 12 9 1 1 12 10 100 1 12 10 1 12 10 1 12 9 1 100 1 12 9 1 100 1 12 10 1 8 1 1 12 10 1 1 12 9 1 12 10 1 7 1 12 9 7 1 7 1 12 9 7 1 12 9 1 12 10 1 7 1 12 9 1 100 1 100 12 9 1 12 9 1 7 1 12 11 1 12 10 1 7 1 1 12 10 1 12 10 12 9 1 12 10 12 10 12 10 1 1 12 10 1 100 1 1 12 11 1 100 1 12 11 1 1 12 11 12 9 1 12 11 1 100 10 12 10 1 12 10 10 1 8 1 8 1 12 10 1 12 10 12 9 12 9 1 12 10 1 12 10 1 12 9 1 7 1 12 10 1 1 12 10 12 9 12 9 12 9 1 7 12 11 1 12 9 1 100 10 1 1 12 10 1 1 12 10 1 16 12 10 15 1 12 18 12 10 15 1 12 18 1 7 1 12 9 1 12 10 1 12 10 1 12 10 1 8 18 10 1 1 1 1 1 1 1
staticfield com/android/tools/r8/graph/m4 F Z 1
ciInstanceKlass com/android/tools/r8/graph/V 1 1 143 1 8 1 1 7 1 1 7 1 100 1 100 1 100 1 1 100 1 100 1 1 100 1 7 1 1 7 1 100 1 7 1 100 1 1 1 1 1 1 1 1 1 1 12 10 12 9 12 9 1 1 100 1 12 11 1 12 11 1 12 10 1 1 100 10 1 1 12 10 1 1 16 12 10 15 16 1 7 1 1 12 10 15 1 12 18 1 16 1 7 1 1 12 10 15 1 16 1 1 12 18 12 10 12 9 12 10 15 16 18 1 7 1 12 10 15 18 12 9 12 10 15 16 18 1 12 10 15 18 12 9 1 100 12 11 1 1 1 1 1 1 1
staticfield com/android/tools/r8/graph/V d Lcom/android/tools/r8/graph/V; com/android/tools/r8/graph/V
staticfield com/android/tools/r8/graph/V e Lcom/android/tools/r8/graph/V; com/android/tools/r8/graph/V
ciInstanceKlass com/android/tools/r8/graph/U 1 0 29 1 8 1 1 100 1 100 1 100 1 100 1 100 1 1 100 1 100 1 1 100 1 100 1 1 1 1 1
ciInstanceKlass com/android/tools/r8/graph/r5 1 1 76 1 8 1 1 7 1 1 7 1 100 1 1 1 1 1 1 1 16 1 12 10 15 16 1 100 1 1 12 10 15 1 1 12 18 1 100 1 1 12 10 1 1 1 12 10 12 9 1 1 7 1 1 12 10 12 9 1 1 1 1 1 16 12 10 15 12 18 1 1 1 1 1 1 1 1
staticfield com/android/tools/r8/graph/r5 c Z 1
ciInstanceKlass com/android/tools/r8/graph/i3 1 1 83 1 8 1 1 7 1 7 1 1 1 1 1 1 1 1 1 12 10 12 9 1 12 9 1 1 7 1 1 12 10 12 9 1 1 1 1 1 1 100 10 1 100 1 1 12 10 1 1 1 1 1 8 1 100 1 12 10 1 100 1 100 1 12 10 1 8 1 100 1 1 12 10 15 1 12 18 1 1 1 1 1 1
staticfield com/android/tools/r8/graph/i3 c Z 1
ciInstanceKlass com/android/tools/r8/graph/G3$b 1 1 164 1 8 1 1 7 1 1 7 1 100 1 7 1 1 100 1 1 100 1 1 100 1 1 1 1 1 1 1 1 12 9 1 1 1 12 10 12 9 1 100 10 1 100 12 9 12 9 12 9 1 1 7 1 1 12 10 1 12 9 12 9 12 10 1 1 1 1 12 10 1 1 12 11 1 100 1 12 11 1 12 11 12 11 1 100 1 100 10 1 12 9 1 100 1 1 12 10 9 12 9 1 12 10 1 1 1 100 1 12 10 1 100 1 12 9 1 100 1 100 1 12 10 1 12 10 12 10 1 12 10 1 100 1 1 12 9 1 12 10 12 9 9 1 1 12 11 1 100 1 12 11 1 1 12 11 1 1 1 1 1 1 1 1
staticfield com/android/tools/r8/graph/G3$b d Lcom/android/tools/r8/graph/G3$b; com/android/tools/r8/graph/G3$b
staticfield com/android/tools/r8/graph/G3$b e Z 1
ciInstanceKlass com/android/tools/r8/graph/u0 1 1 263 1 8 1 1 7 1 1 7 1 100 1 100 1 100 1 1 100 1 1 100 1 1 1 1 1 1 1 1 1 1 1 1 12 9 1 1 1 1 1 1 16 1 12 10 15 1 100 1 1 12 10 15 12 18 1 1 100 1 100 1 1 12 11 1 1 1 100 1 12 10 1 1 1 1 1 12 10 1 1 1 1 12 10 1 1 100 1 100 1 7 12 10 1 1 100 1 12 10 1 100 1 12 10 1 1 1 12 9 12 9 12 10 1 100 1 1 12 10 1 100 1 16 1 12 10 15 1 16 1 1 12 18 1 1 12 10 1 12 9 1 100 1 12 10 1 1 12 10 1 1 16 1 12 10 15 1 16 1 1 12 18 1 12 10 1 100 12 11 1 1 100 12 9 1 100 1 1 12 10 1 100 1 12 10 1 12 10 1 12 10 1 1 16 1 12 10 15 1 16 1 1 12 18 1 12 10 12 10 9 1 12 10 1 1 1 12 10 1 1 1 12 10 15 16 1 12 18 1 100 1 12 10 10 12 9 1 12 10 12 10 1 100 1 12 11 1 1 7 1 12 10 12 9 10 1 1 1 1 1 1 1 1
staticfield com/android/tools/r8/graph/u0 f [Lcom/android/tools/r8/graph/u0; 0 [Lcom/android/tools/r8/graph/u0;
staticfield com/android/tools/r8/graph/u0 g Lcom/android/tools/r8/graph/u0; com/android/tools/r8/graph/u0
staticfield com/android/tools/r8/graph/u0 h Z 1
ciInstanceKlass com/android/tools/r8/graph/H2$a 1 0 17 1 8 1 1 100 1 100 1 1 100 1 1 1 1 1 1
ciInstanceKlass com/android/tools/r8/synthesis/K 0 0 269 1 8 1 1 100 1 100 1 100 1 100 1 100 1 1 1 1 1 1 1 1 1 1 100 1 1 12 10 1 12 9 12 9 12 9 12 9 1 100 1 1 12 10 1 100 1 100 1 1 12 9 12 9 1 12 10 12 10 1 100 1 100 1 12 10 1 100 1 1 12 10 1 12 10 1 1 12 10 1 100 1 12 10 1 1 12 10 1 100 1 12 9 1 1 12 10 1 12 9 1 1 12 10 1 100 1 1 12 11 1 100 1 12 10 1 100 1 1 12 9 1 100 1 12 9 1 12 10 1 12 10 12 10 1 100 1 1 12 10 1 1 12 9 1 100 1 12 10 1 12 9 1 100 1 12 10 1 100 1 12 10 1 100 1 100 1 1 12 10 9 12 10 1 12 9 1 100 1 12 10 1 1 12 10 1 100 1 1 12 11 1 100 1 12 11 1 1 12 11 1 100 1 12 10 1 12 10 1 100 1 12 10 10 1 1 12 10 1 100 10 1 12 10 1 12 9 1 16 1 12 10 15 1 16 1 100 1 1 12 10 15 1 1 12 18 1 12 10 10 1 12 9 1 12 10 1 1 100 1 12 10 1 1 1 1 1 1 1
ciInstanceKlass com/android/tools/r8/internal/Ac0 1 1 33 1 8 1 1 7 1 1 7 1 1 1 1 1 1 12 10 1 1 1 8 12 10 12 9 1 8 12 9 1 1 1 1
staticfield com/android/tools/r8/internal/Ac0 b Lcom/android/tools/r8/internal/Ac0; com/android/tools/r8/internal/Ac0
staticfield com/android/tools/r8/internal/Ac0 c Lcom/android/tools/r8/internal/Ac0; com/android/tools/r8/internal/Ac0
ciInstanceKlass com/android/tools/r8/graph/V$$Lambda$51+0x000001fc100a2200 1 1 22 1 7 1 7 1 100 1 1 12 10 1 1 1 7 1 12 10 1 7 1 1
ciInstanceKlass com/android/tools/r8/graph/O4 1 1 155 1 8 1 1 7 1 1 7 1 100 1 1 1 1 1 12 10 1 12 10 1 1 12 9 3 1 1 12 10 1 1 3 1 1 1 1 1 1 1 12 10 1 1 1 1 1 1 1 12 10 1 1 1 1 1 1 1 100 1 12 10 1 12 9 1 12 10 1 8 1 12 10 1 8 1 8 1 8 1 8 1 8 12 10 12 10 16 12 10 15 1 100 1 1 12 10 15 1 1 12 18 12 10 15 18 12 10 15 18 12 10 15 18 12 10 15 18 12 10 15 18 1 12 10 1 12 9 1 100 12 10 12 10 1 1 10 1 1 3 3 1 1 7 1 12 10 1 1 1 1 1 1 1 1
staticfield com/android/tools/r8/graph/O4 f Z 1
ciInstanceKlass com/android/tools/r8/graph/n4 1 1 522 1 8 1 1 7 1 7 1 7 1 100 1 7 1 1 7 1 100 1 1 7 1 7 1 1 7 1 7 1 1 7 1 1 7 1 1 7 1 1 7 1 7 1 1 7 1 1 7 1 1 7 1 1 1 1 1 1 1 1 1 1 3 1 12 10 12 9 12 9 12 9 12 9 12 9 12 9 1 7 1 12 9 1 7 1 12 9 1 7 1 1 12 10 1 12 9 1 12 9 1 12 9 1 1 12 10 12 9 1 1 1 7 1 1 12 10 12 9 1 1 1 12 9 12 9 1 12 9 1 100 12 9 1 100 1 12 10 1 12 9 1 100 1 1 12 10 1 100 1 100 1 12 10 1 12 10 1 100 1 12 10 1 16 1 12 10 15 16 1 7 1 1 12 10 15 1 1 12 18 1 12 10 1 12 9 1 7 1 1 12 10 1 8 1 7 1 1 12 10 1 7 12 10 1 16 1 7 1 12 10 15 1 16 1 1 12 18 1 12 10 1 1 12 10 1 12 9 3 1 7 1 12 10 1 12 10 1 12 10 1 7 1 12 10 1 12 10 1 7 1 12 10 1 7 12 9 1 100 12 9 1 12 10 1 100 1 8 12 10 1 7 12 9 1 1 12 10 1 12 9 1 100 1 12 9 1 100 1 12 10 1 100 1 12 10 1 100 10 1 12 10 12 10 12 9 1 8 12 10 1 7 1 12 9 1 7 1 12 10 1 1 12 9 1 7 1 12 10 1 12 10 1 7 1 12 10 1 12 10 1 100 1 1 12 9 1 12 10 1 12 10 1 12 9 12 9 1 12 9 1 12 9 3 9 1 12 10 1 12 10 1 12 9 10 1 12 9 1 100 1 12 10 1 100 1 8 10 1 1 12 10 1 8 1 12 10 10 1 100 1 1 12 10 1 12 9 1 7 1 12 10 10 1 12 9 12 9 1 12 9 1 1 12 10 1 12 10 1 12 9 1 1 12 10 1 12 9 1 12 10 1 12 9 1 12 9 1 12 10 1 12 9 1 12 10 1 12 9 1 7 1 1 12 10 1 12 10 1 12 9 1 100 1 1 12 10 1 12 10 1 12 9 1 7 1 1 12 10 1 12 10 1 12 9 12 10 1 12 10 1 100 1 8 1 100 1 1 12 10 15 1 12 18 10 1 1 1 1 1 1 1
staticfield com/android/tools/r8/graph/n4 j Z 1
instanceKlass com/android/tools/r8/graph/l4
instanceKlass com/android/tools/r8/internal/R2
ciInstanceKlass com/android/tools/r8/internal/Q2 1 1 30 1 8 1 1 7 1 7 1 1 1 1 1 12 10 12 9 1 1 1 12 10 1 12 10 12 10 1 1 1
ciInstanceKlass com/android/tools/r8/internal/R2 0 0 78 1 8 1 1 100 1 100 1 1 1 1 1 12 10 12 9 1 1 1 8 1 100 1 1 12 10 15 1 12 18 1 100 1 1 12 10 1 100 1 12 10 1 1 100 1 1 12 10 1 100 1 12 10 1 12 10 1 8 1 12 18 1 1 8 1 12 18 1 1 8 1 12 18 1 1 1 1
ciInstanceKlass com/android/tools/r8/graph/l4 1 1 314 1 8 1 1 7 1 7 1 7 1 7 1 7 1 1 7 1 1 7 1 1 7 1 1 100 1 1 7 1 1 100 1 1 100 1 1 7 1 1 7 1 1 100 1 1 7 1 1 1 1 1 1 1 1 12 10 12 9 1 7 1 12 10 12 9 12 9 12 9 1 1 7 1 7 1 12 10 1 12 10 1 100 1 7 1 12 9 12 9 1 7 1 12 9 1 12 10 1 7 1 12 9 1 12 10 1 7 1 12 10 1 100 1 12 10 1 100 1 12 10 1 100 1 12 10 1 100 1 8 1 100 1 1 12 10 15 1 12 18 1 12 10 1 1 7 1 1 12 10 12 9 1 1 100 1 12 9 1 7 1 1 12 10 1 7 1 12 10 1 7 1 7 1 1 12 10 1 100 1 7 1 1 12 10 1 7 1 1 12 10 1 7 1 1 12 10 1 7 1 1 12 10 1 7 1 1 12 10 1 7 1 12 10 1 12 10 1 7 1 12 10 1 12 10 1 12 10 12 10 1 12 10 1 1 7 1 12 9 1 7 1 12 9 1 7 1 12 10 1 12 10 1 1 16 1 12 10 15 1 16 1 7 1 1 12 10 15 1 1 12 18 12 10 1 1 12 10 15 1 12 18 1 7 12 11 1 1 12 10 1 100 10 1 7 12 9 1 1 12 11 1 12 10 1 12 10 1 1 1 1 1 1 1
staticfield com/android/tools/r8/graph/l4 f Z 1
instanceKlass com/android/tools/r8/internal/sY
instanceKlass com/android/tools/r8/graph/o4
ciInstanceKlass com/android/tools/r8/internal/rY 1 1 149 1 8 1 1 7 1 7 1 1 1 1 1 12 9 12 10 1 12 10 1 1 12 9 3 12 10 1 100 1 8 1 1 12 10 1 12 10 1 12 10 1 12 10 1 12 10 1 12 10 1 12 10 1 12 10 1 12 10 1 12 10 1 12 10 1 12 10 1 8 1 12 10 1 12 10 1 12 10 1 1 100 1 100 1 12 10 3 1 100 1 8 12 10 12 10 1 12 10 1 12 10 12 10 1 12 10 12 10 1 12 10 1 12 10 12 10 12 10 12 10 1 12 10 3 3 3 3 3 1 100 1 8 1 100 1 12 10 10 1 100 10 12 10 12 10 1 1 1
ciInstanceKlass com/android/tools/r8/graph/o4 1 1 571 1 8 1 1 7 1 7 1 7 1 100 1 7 1 1 7 1 7 1 1 7 1 1 7 1 7 1 1 7 1 1 7 1 7 1 1 1 1 1 1 1 1 1 1 1 1 1 1 1 1 1 1 1 1 1 1 1 1 3 1 12 10 12 9 12 9 12 9 12 9 12 9 12 9 12 9 12 9 12 9 12 9 1 7 1 12 9 1 12 9 1 7 1 12 10 12 9 1 12 10 12 9 3 1 7 1 100 12 9 1 7 1 12 10 12 9 1 100 1 12 10 1 12 10 1 12 9 1 12 9 1 7 1 12 9 1 100 1 12 9 1 7 1 12 10 1 12 10 1 7 1 12 10 1 1 12 10 1 7 1 1 12 10 1 12 9 1 12 9 1 12 10 12 9 1 1 7 1 1 12 10 12 9 1 1 1 12 9 12 9 1 12 9 1 7 12 9 1 100 1 12 10 1 100 1 1 12 10 1 100 1 100 1 12 10 1 12 10 1 100 1 12 10 1 16 1 12 10 15 16 1 7 1 1 12 10 15 1 1 12 18 1 1 12 10 1 12 9 1 7 1 1 12 10 1 8 1 12 10 1 16 1 12 10 15 1 16 1 1 12 18 1 12 10 1 1 7 1 16 1 12 10 15 16 1 12 18 1 12 10 1 1 100 10 1 1 12 10 1 12 9 1 1 12 10 1 7 1 1 12 10 1 1 1 7 1 12 9 1 12 10 1 12 10 1 12 10 12 10 1 100 1 8 10 1 12 10 1 7 1 12 10 1 7 12 9 1 7 1 12 10 1 7 1 12 9 1 7 12 9 1 12 9 1 7 1 12 9 100 1 1 12 10 1 12 9 1 100 1 12 9 1 100 1 12 10 1 100 1 12 10 1 100 10 1 12 10 12 10 12 10 1 7 1 12 10 1 12 10 12 10 9 12 9 1 12 10 1 12 9 1 7 1 12 9 1 12 10 1 7 1 12 9 1 12 10 1 100 1 100 1 12 10 1 12 10 1 12 10 12 9 1 1 12 10 1 12 10 1 1 12 10 1 12 10 1 12 10 12 9 1 12 9 12 9 1 12 10 1 12 9 12 9 12 9 9 12 10 1 12 10 1 7 1 12 9 1 7 1 12 10 1 1 12 9 1 7 10 1 7 12 10 12 9 3 1 12 10 10 1 12 9 1 12 9 1 100 1 12 10 1 100 1 8 10 1 1 12 10 1 8 1 12 10 10 1 100 1 1 12 10 1 12 9 1 7 12 10 1 12 10 11 11 1 1 1 1 1 1 1
staticfield com/android/tools/r8/graph/o4 r Z 1
instanceKlass com/android/tools/r8/graph/n4
ciInstanceKlass com/android/tools/r8/internal/hx 1 1 64 1 8 1 1 7 1 7 1 1 1 1 1 1 1 12 10 3 3 3 3 3 3 3 1 100 1 8 1 100 1 12 10 1 12 10 1 100 1 12 10 12 9 12 9 1 12 10 1 12 10 1 100 1 8 10 1 12 10 12 10 1 1 1
ciInstanceKlass com/android/tools/r8/internal/de 1 1 544 1 8 1 1 7 1 7 1 1 1 1 1 1 1 1 1 1 1 1 1 12 9 1 7 1 12 9 1 12 10 12 10 1 100 1 12 9 1 7 1 1 12 10 10 1 12 9 1 12 10 12 9 1 12 10 1 7 1 12 10 1 8 1 7 1 1 12 10 12 9 1 8 1 8 12 9 12 9 1 100 1 1 12 10 1 8 1 12 10 1 8 1 8 1 8 1 12 9 1 12 10 1 100 1 12 9 1 12 9 1 12 9 1 12 9 1 12 9 1 1 12 9 1 12 9 1 12 9 1 12 9 12 9 12 9 8 1 7 1 1 12 10 12 9 1 1 12 10 1 1 12 10 1 12 10 1 12 10 1 12 10 1 12 10 3 1 12 10 1 12 10 12 10 1 100 10 12 10 1 12 10 1 12 10 12 10 12 10 12 9 1 12 10 1 100 1 12 10 1 12 10 1 12 10 1 12 10 1 12 10 1 12 10 12 10 1 12 10 1 12 10 1 12 9 1 1 12 9 1 12 10 1 12 10 1 12 10 1 12 9 1 12 9 1 12 9 1 12 10 1 12 10 12 10 1 7 1 12 10 12 10 3 3 3 1 1 12 10 1 12 10 1 12 10 1 7 12 10 1 12 10 1 12 10 1 1 12 10 1 7 1 12 10 1 12 10 1 12 10 1 7 1 1 12 10 1 7 1 1 12 10 1 7 1 1 12 9 1 12 9 1 100 1 12 10 1 100 1 12 10 1 100 1 12 10 1 12 10 12 9 1 12 10 1 12 10 1 100 1 12 10 1 12 9 1 10 12 9 12 10 1 8 1 8 1 8 1 8 1 8 1 8 1 8 1 8 1 8 3 1 8 1 8 1 12 10 1 8 1 8 3 1 8 1 8 1 8 1 8 1 7 1 12 10 1 12 10 1 12 10 1 100 12 10 12 10 1 12 10 1 12 10 12 10 12 10 1 12 10 10 10 10 1 12 10 10 10 10 10 10 1 12 10 1 100 10 10 10 10 1 8 1 12 10 1 7 10 10 10 10 1 8 1 8 1 8 1 8 1 8 1 8 12 9 1 12 10 1 7 1 12 9 1 1 12 10 12 10 1 12 10 10 12 10 12 10 12 10 12 10 12 10 10 5 0 12 9 1 100 12 10 1 12 10 12 10 1 12 10 1 12 10 1 7 1 12 10 1 12 10 1 10 1 8 1 100 1 12 10 10 1 12 10
instanceKlass com/android/tools/r8/synthesis/J
ciInstanceKlass com/android/tools/r8/internal/M4 1 1 69 1 8 1 1 7 1 7 1 1 1 1 1 1 1 1 1 12 10 12 9 1 1 100 1 12 9 1 8 1 12 10 1 8 3 1 8 1 1 100 1 1 12 10 12 10 1 12 10 1 100 1 12 9 1 100 1 1 12 10 1 12 10 12 9 1 1 1 1
ciInstanceKlass com/android/tools/r8/internal/DR 0 0 87 1 8 1 1 100 1 100 1 1 1 1 1 1 1 1 1 1 1 1 1 1 1 1 1 1 1 1 1 1 1 1 12 10 1 10 12 9 1 12 9 1 100 12 9 3 1 12 10 1 12 10 3 12 10 12 9 1 12 9 3 3 1 12 9 1 1 1 100 1 1 12 10 1 8 1 100 1 12 10 1 1 12 10 1 1 1
instanceKlass com/android/tools/r8/graph/p4
ciInstanceKlass com/android/tools/r8/internal/Zc0 0 0 49 1 8 1 1 100 1 100 1 1 1 1 1 12 10 3 3 3 3 3 3 3 1 100 1 8 1 100 1 12 10 1 12 10 1 100 1 12 10 12 9 1 1 1 12 10 1 1 1
instanceKlass com/android/tools/r8/internal/u60
instanceKlass com/android/tools/r8/internal/r60
ciInstanceKlass com/android/tools/r8/internal/x60 0 0 60 1 8 1 1 100 1 100 1 100 1 100 1 100 1 100 1 100 1 100 1 100 1 1 1 1 12 10 1 1 100 1 1 12 10 12 9 1 1 100 1 12 10 1 1 1 1 1 1 1 100 10 1 100 10 1 1 1 1 1
ciInstanceKlass com/android/tools/r8/internal/r60 0 0 25 1 8 1 1 100 1 100 1 1 1 1 1 12 10 12 9 1 1 8 1 1 1 1 1
instanceKlass com/android/tools/r8/graph/S2
instanceKlass com/android/tools/r8/graph/R2$b
instanceKlass com/android/tools/r8/graph/a3
instanceKlass com/android/tools/r8/graph/R2$a
instanceKlass com/android/tools/r8/graph/R2$m
ciInstanceKlass com/android/tools/r8/graph/R2 1 1 377 1 8 1 1 7 1 1 7 1 100 1 100 1 100 1 100 1 100 1 100 1 100 1 100 1 100 1 100 1 100 1 100 1 100 1 100 1 100 1 100 1 100 1 100 1 100 1 100 1 100 1 100 1 100 1 100 1 100 1 1 1 1 1 1 1 1 1 1 1 1 1 1 1 1 1 100 1 1 12 10 1 1 1 12 10 1 12 9 1 100 1 12 10 12 10 1 1 100 1 12 9 1 100 1 12 11 12 10 1 1 1 1 1 1 1 1 1 1 1 1 1 1 1 1 1 1 1 1 1 1 1 1 1 1 1 1 1 1 1 1 1 1 1 1 1 1 1 1 1 1 1 1 1 1 1 1 1 1 1 1 1 1 1 1 1 1 1 1 1 1 1 1 1 1 1 1 1 1 1 1 1 1 1 12 10 1 1 10 1 1 100 1 12 10 1 12 10 1 100 1 1 12 10 1 12 10 1 100 1 1 12 10 1 12 10 1 100 1 1 12 10 1 12 10 1 100 1 100 1 12 10 1 12 10 1 100 12 10 1 8 1 100 1 1 12 10 15 1 12 18 1 12 10 12 10 1 12 10 1 12 10 1 12 10 1 12 10 12 9 1 100 12 10 1 100 10 1 100 1 100 1 100 1 100 1 12 10 1 12 10 1 100 1 100 1 12 10 1 12 10 1 1 12 10 1 7 1 12 10 1 8 1 12 18 1 1 100 1 12 10 1 1 12 10 12 9 1 1 12 9 1 100 1 12 9 1 8 1 12 18 1 12 9 1 12 9 1 12 9 1 12 9 1 12 9 1 12 9 1 12 9 1 12 9 1 12 9 1 1 1 1 1 1 1 1 1
staticfield com/android/tools/r8/graph/R2 b [Lcom/android/tools/r8/graph/R2; 0 [Lcom/android/tools/r8/graph/R2;
staticfield com/android/tools/r8/graph/R2 c Z 1
instanceKlass com/android/tools/r8/graph/T2
instanceKlass com/android/tools/r8/graph/X2
instanceKlass com/android/tools/r8/graph/Y2
instanceKlass com/android/tools/r8/graph/R2$l
instanceKlass com/android/tools/r8/graph/W2
instanceKlass com/android/tools/r8/graph/R2$k
ciInstanceKlass com/android/tools/r8/graph/R2$m 1 1 118 1 8 1 1 7 1 1 7 1 1 1 1 1 1 1 12 10 12 9 1 1 1 1 1 100 10 1 1 100 1 12 10 1 100 1 12 10 1 1 12 10 1 1 12 10 1 12 10 1 1 1 100 1 1 12 10 1 100 1 1 12 10 1 8 1 100 1 1 12 10 15 1 12 18 1 12 10 1 1 8 18 1 1 1 1 100 12 10 1 100 1 12 9 1 1 12 10 1 1 8 1 12 18 1 1 12 10 1 1 1 1 1 1 1 1 1 1
ciInstanceKlass com/android/tools/r8/graph/R2$k 1 1 123 1 8 1 1 100 1 1 7 1 100 1 1 1 1 1 12 10 1 1 1 1 12 9 1 100 1 100 1 1 12 10 1 100 1 1 12 9 1 1 12 9 1 100 1 12 11 1 1 1 100 1 12 9 1 1 12 10 1 100 1 1 12 9 1 100 1 12 10 1 100 10 1 12 10 1 1 12 10 1 12 10 1 1 100 1 12 11 1 1 1 1 1 1 12 10 1 1 100 1 1 12 9 1 1 100 1 12 10 1 1 1 1 1 1 1 1 1 1 1 1 1 1
ciInstanceKlass com/android/tools/r8/graph/R2$a 1 1 114 1 8 1 1 7 1 7 1 1 1 1 1 1 12 10 12 9 1 1 1 1 12 10 1 100 1 12 11 1 1 12 11 1 1 1 100 1 1 12 9 1 1 1 1 100 12 10 1 1 100 1 12 9 1 1 12 10 1 100 1 12 10 1 1 100 10 1 1 1 8 1 12 10 1 1 8 1 1 12 10 1 1 12 10 1 1 12 10 1 1 1 8 1 100 1 1 12 10 15 1 12 18 12 10 1 1 1 1 1 1 1 1 1
ciInstanceKlass com/android/tools/r8/graph/q4 1 1 29 1 8 1 1 7 1 7 1 100 1 1 1 1 1 1 1 1 12 10 1 7 10 12 9 1 1 1 1
ciInstanceKlass com/android/tools/r8/graph/G3 1 1 151 1 8 1 1 7 1 100 1 7 1 7 1 100 1 100 1 100 1 100 1 7 1 100 1 100 1 7 1 100 1 7 1 100 1 100 1 100 1 1 1 1 1 1 1 1 1 1 1 1 1 1 1 100 1 1 12 10 1 1 12 10 1 12 10 1 100 1 100 1 100 1 8 1 100 1 12 10 1 1 12 11 1 12 10 1 1 1 1 1 1 1 1 1 1 1 12 10 1 8 12 9 1 1 1 12 10 1 8 1 12 9 1 1 1 1 7 1 12 9 1 7 12 9 12 9 12 9 12 9 12 9 1 7 1 1 12 9 1 12 9 1 12 10 1 1 1 1 1 1 1
staticfield com/android/tools/r8/graph/G3 a Lcom/android/tools/r8/internal/Rf0; com/android/tools/r8/internal/Rf0
staticfield com/android/tools/r8/graph/G3 b Lcom/android/tools/r8/internal/Rf0; com/android/tools/r8/internal/Rf0
staticfield com/android/tools/r8/graph/G3 c Lcom/android/tools/r8/internal/Rf0; com/android/tools/r8/internal/Rf0
staticfield com/android/tools/r8/graph/G3 d Lcom/android/tools/r8/internal/Rf0; com/android/tools/r8/internal/Rf0
staticfield com/android/tools/r8/graph/G3 e Lcom/android/tools/r8/graph/G3$c; com/android/tools/r8/graph/G3$c
instanceKlass com/android/tools/r8/graph/G3$j
instanceKlass com/android/tools/r8/graph/G3$a
instanceKlass com/android/tools/r8/graph/K3
instanceKlass com/android/tools/r8/graph/G3$c
ciInstanceKlass com/android/tools/r8/graph/G3$e 1 1 93 1 8 1 1 7 1 1 7 1 100 1 7 1 100 1 1 1 100 1 1 100 1 1 100 1 1 1 1 1 1 1 12 10 12 9 1 1 1 12 9 1 1 12 9 1 1 1 1 1 1 1 1 1 1 1 1 1 1 1 1 100 1 12 10 1 100 1 12 9 12 11 1 100 1 100 1 12 10 1 12 10 12 10 1 1 1 1 1 1 1 1 1
ciInstanceKlass com/android/tools/r8/graph/G3$c 1 1 154 1 8 1 1 7 1 7 1 7 1 1 1 7 1 1 7 1 1 100 1 1 1 1 1 1 1 1 1 1 1 12 9 1 12 9 1 12 10 1 1 1 12 10 12 9 1 100 1 12 10 1 100 1 100 12 9 12 9 12 9 1 100 1 12 9 1 1 12 11 1 16 1 12 10 15 1 16 1 100 1 1 12 10 15 1 1 12 18 1 100 1 1 12 11 12 10 15 18 1 1 7 1 12 10 1 1 1 1 1 1 1 1 1 1 1 1 12 10 1 1 100 12 11 1 100 1 12 11 1 12 11 1 12 11 1 1 12 10 1 12 10 1 12 10 1 1 1 1 1 1 1 1 1
staticfield com/android/tools/r8/graph/G3$c e Z 1
ciInstanceKlass com/android/tools/r8/internal/ji 1 1 42 1 8 1 1 100 1 7 1 1 1 1 1 1 1 1 1 1 1 1 1 1 1 1 1 1 1 1 1 1 1 1 1 1 1 1 1 12 10 1 1 1
ciInstanceKlass com/android/tools/r8/internal/qu0 1 1 159 1 8 1 1 7 1 7 1 1 1 1 1 1 1 1 1 1 1 1 1 1 1 1 1 12 9 1 100 1 1 12 10 12 9 12 9 12 9 1 7 1 1 12 10 1 1 12 10 1 100 1 1 12 10 1 12 10 12 10 1 12 10 1 8 1 1 12 10 1 12 10 1 8 1 8 1 8 1 8 1 8 1 8 1 8 1 8 1 8 1 8 1 8 1 7 1 12 10 1 1 1 1 12 10 1 1 12 10 1 12 10 1 1 12 10 1 1 12 10 1 100 1 12 10 1 100 1 8 1 1 12 10 10 12 9 12 9 12 9 12 9 12 9 12 9 12 9 12 9 12 9 1 1 8 10 1 1 1
staticfield com/android/tools/r8/internal/qu0 e Lcom/android/tools/r8/internal/qu0; com/android/tools/r8/internal/qu0
staticfield com/android/tools/r8/internal/qu0 f Lcom/android/tools/r8/internal/qu0; com/android/tools/r8/internal/qu0
staticfield com/android/tools/r8/internal/qu0 g Lcom/android/tools/r8/internal/qu0; com/android/tools/r8/internal/qu0
staticfield com/android/tools/r8/internal/qu0 h Lcom/android/tools/r8/internal/qu0; com/android/tools/r8/internal/qu0
staticfield com/android/tools/r8/internal/qu0 i Lcom/android/tools/r8/internal/qu0; com/android/tools/r8/internal/qu0
staticfield com/android/tools/r8/internal/qu0 j Lcom/android/tools/r8/internal/qu0; com/android/tools/r8/internal/qu0
staticfield com/android/tools/r8/internal/qu0 k Lcom/android/tools/r8/internal/qu0; com/android/tools/r8/internal/qu0
staticfield com/android/tools/r8/internal/qu0 l Lcom/android/tools/r8/internal/qu0; com/android/tools/r8/internal/qu0
staticfield com/android/tools/r8/internal/qu0 m Lcom/android/tools/r8/internal/qu0; com/android/tools/r8/internal/qu0
ciInstanceKlass com/android/tools/r8/graph/k4$$Lambda$171+0x000001fc100ba440 1 1 23 1 7 1 7 1 100 1 1 12 10 1 1 1 7 1 7 1 1 12 10 1 1
ciInstanceKlass java/lang/reflect/GenericSignatureFormatError 0 0 26 10 100 12 1 1 1 10 12 1 100 1 1 1 1 5 0 1 1 1 1 1 1 1 1 1
ciInstanceKlass java/util/concurrent/ConcurrentHashMap$TreeBin 1 1 281 7 1 10 100 12 1 1 1 10 7 12 1 1 1 10 100 12 1 1 1 10 100 12 1 1 1 10 7 12 1 1 1 9 7 12 1 1 1 9 7 12 1 1 1 9 12 1 9 12 1 9 12 1 9 12 1 1 9 12 1 1 9 12 1 1 10 12 1 1 10 12 1 1 10 12 1 1 10 12 1 1 9 12 1 9 12 1 10 12 1 1 100 1 10 12 1 9 12 1 1 9 12 1 1 10 7 12 1 1 1 10 12 1 9 12 1 10 100 12 1 1 1 9 12 1 1 9 12 1 10 12 1 1 10 100 12 1 1 1 9 9 10 12 1 1 9 10 12 1 1 10 12 1 1 10 12 1 1 10 12 1 9 12 1 10 12 1 10 12 1 10 12 1 10 12 1 10 12 1 10 12 1 1 8 10 12 1 1 8 1 1 1 1 3 1 3 1 3 1 1 1 1 1 1 1 1 1 1 1 1 1 1 1 1 1 1 1 1 1 1 1 1 1 1 1 1 1 1 1 1 1 1 100 1 1 1 1 1 1 1 1 1 1 1 1 1 1 1 1 1 1 1 1 1 1 1 1 1 1 1 1 1 1 1 1 1 1 1 1 1 1 1 1 1 1 1 1 1 1 1
staticfield java/util/concurrent/ConcurrentHashMap$TreeBin LOCKSTATE J 28
staticfield java/util/concurrent/ConcurrentHashMap$TreeBin WAITERTHREAD J 40
staticfield java/util/concurrent/ConcurrentHashMap$TreeBin $assertionsDisabled Z 1
ciInstanceKlass com/android/tools/r8/graph/R2$h 1 1 133 1 8 1 1 7 1 7 1 100 1 1 1 1 1 1 1 1 12 10 12 9 1 1 12 9 12 10 1 1 1 1 100 1 1 12 9 1 100 12 11 1 1 1 1 12 10 1 100 1 12 10 1 1 1 1 1 1 100 1 1 12 9 1 1 100 1 1 12 9 1 1 1 1 12 10 1 100 1 1 12 10 1 1 100 12 10 1 12 10 1 12 10 1 1 1 1 1 100 1 1 12 10 1 100 1 12 10 1 1 1 1 1 1 8 1 100 1 1 12 10 15 1 12 18 1 1 1 1 1 1 1 1
staticfield com/android/tools/r8/graph/R2$h e Lcom/android/tools/r8/graph/R2$h; com/android/tools/r8/graph/R2$h
ciInstanceKlass com/android/tools/r8/graph/k4$$Lambda$181+0x000001fc10104000 1 1 28 1 7 1 7 1 100 1 1 1 1 1 12 10 12 9 1 1 1 7 1 7 1 1 12 10 1 1
instanceKlass com/android/tools/r8/internal/jY
instanceKlass com/android/tools/r8/internal/Yw
ciInstanceKlass com/android/tools/r8/internal/sv 1 1 28 1 8 1 1 100 1 7 1 100 1 1 12 10 1 1 1 12 10 1 12 10 1 1 1 1 1 1
ciInstanceKlass com/android/tools/r8/graph/h4 1 1 95 1 8 1 1 7 1 7 1 1 1 1 1 1 1 1 1 1 1 1 12 10 12 9 1 100 10 1 100 1 100 12 9 12 9 12 9 12 9 1 1 7 1 1 12 10 1 1 100 1 1 12 11 1 1 1 1 1 1 1 1 100 1 1 12 10 1 12 10 1 8 1 100 1 8 12 10 1 8 1 100 1 1 12 10 15 1 12 18 1 1 1 1 1 1
staticfield com/android/tools/r8/graph/h4 e Z 1
ciInstanceKlass com/android/tools/r8/internal/Yw 1 1 46 1 8 1 1 7 1 7 1 1 1 1 12 10 1 10 12 9 1 1 7 1 7 1 1 12 9 1 7 1 1 12 10 1 1 12 9 1 1 1 12 10 1 1 1 1
staticfield com/android/tools/r8/internal/Yw a Lcom/android/tools/r8/internal/Yw; com/android/tools/r8/internal/Yw
ciInstanceKlass com/android/tools/r8/internal/ld0 1 1 183 1 8 1 1 7 1 100 1 1 1 1 12 10 1 1 1 7 1 1 12 9 1 1 1 7 1 1 12 10 12 9 1 12 10 1 100 1 1 12 10 1 100 1 1 12 10 1 100 1 1 12 10 1 100 1 1 12 10 1 100 1 1 12 11 1 100 1 100 1 100 1 12 11 1 1 12 11 1 100 1 12 10 1 1 12 10 1 100 1 1 12 10 1 1 12 9 1 100 1 12 9 12 10 1 100 1 1 12 9 1 100 1 12 9 1 12 9 1 100 1 1 12 9 100 1 12 9 1 100 1 12 9 1 100 1 12 10 1 100 12 10 1 12 10 1 12 10 1 12 10 1 100 1 1 12 10 1 100 1 8 10 1 100 12 9 1 12 10 1 1 12 10 1 100 1 1 12 11 1 1 1 1
staticfield com/android/tools/r8/internal/ld0 g Z 1
instanceKlass com/android/tools/r8/internal/ET
instanceKlass com/android/tools/r8/graph/x4
instanceKlass com/android/tools/r8/graph/G
ciInstanceKlass com/android/tools/r8/graph/i0 1 1 213 1 8 1 1 7 1 7 1 100 1 100 1 1 100 1 100 1 1 1 1 1 100 1 100 1 1 12 10 1 7 1 1 12 10 1 8 1 100 1 1 12 10 15 1 12 18 1 1 12 10 1 1 1 100 1 1 100 1 1 12 9 1 1 1 1 1 1 1 1 1 1 1 100 1 1 1 1 1 1 1 1 1 1 1 12 10 1 1 1 1 1 12 10 1 1 1 8 18 1 1 1 8 18 1 1 1 1 1 1 1 8 18 1 12 10 1 1 1 1 1 1 10 1 1 1 12 10 12 9 1 12 9 1 100 10 1 12 10 1 12 10 1 12 9 1 12 10 1 100 1 12 10 1 12 9 12 10 1 100 1 1 12 9 1 1 12 9 1 100 1 1 12 11 1 100 12 10 1 12 9 1 12 10 9 12 10 1 12 9 1 12 10 12 9 1 12 10 9 12 10 1 1 12 10 1 1 1 1 1 1 1 1
staticfield com/android/tools/r8/graph/i0 d Z 1
ciInstanceKlass com/android/tools/r8/internal/rv 1 1 65 1 8 1 1 7 1 7 1 100 1 1 1 1 1 1 1 12 10 1 1 12 10 12 9 12 9 1 1 1 1 12 10 1 7 1 12 10 1 1 1 12 10 1 1 1 100 10 1 1 12 10 1 8 1 12 10 1 8 12 10 1 1 1 1
ciInstanceKlass com/android/tools/r8/graph/R2$l 1 1 85 1 8 1 1 100 1 1 7 1 100 1 1 1 1 1 12 10 1 1 1 1 12 9 1 100 1 1 12 10 1 100 1 1 12 10 1 100 1 1 12 10 1 1 1 100 12 10 1 1 1 100 1 12 9 1 12 10 1 1 1 1 100 1 12 9 1 1 1 1 1 1 1 1 100 12 10 1 1 1 1 1 1 1 1
ciInstanceKlass com/android/tools/r8/graph/g1$a 1 1 243 1 8 1 1 7 1 7 1 7 1 7 1 100 1 1 1 1 1 1 1 1 1 1 1 1 1 1 1 1 1 1 1 1 1 1 1 1 1 1 1 1 12 10 1 7 1 1 12 10 12 9 1 1 12 10 12 9 1 7 1 12 9 12 9 12 9 12 9 1 7 1 12 9 1 7 1 12 9 12 9 1 7 1 12 9 12 9 1 7 1 12 10 12 9 12 9 12 9 1 1 100 1 1 12 10 1 100 12 9 12 9 1 100 1 100 12 9 12 9 1 12 10 12 9 1 12 10 12 9 1 100 1 12 10 12 9 12 9 12 9 12 9 1 1 12 10 1 100 1 100 1 12 11 10 1 12 9 9 9 1 12 9 1 100 12 9 9 1 1 100 1 12 9 1 100 1 12 10 1 12 10 1 1 7 1 1 12 10 12 9 1 1 7 1 1 12 11 1 1 16 12 10 15 16 1 100 1 1 12 10 15 12 18 1 1 12 11 1 1 1 1 1 1 100 10 1 12 11 1 12 10 1 12 10 1 1 1 1 1 1 1 1
staticfield com/android/tools/r8/graph/g1$a n Z 1
ciInstanceKlass com/android/tools/r8/graph/x4 1 1 275 1 8 1 1 7 1 7 1 100 1 100 1 100 1 100 1 100 1 100 1 100 1 1 1 1 1 1 1 1 1 1 1 1 1 12 9 12 9 12 9 1 100 1 12 10 1 7 1 100 1 12 9 1 100 1 1 12 9 1 100 1 12 9 1 1 12 9 1 100 1 12 10 1 1 12 9 1 12 10 12 9 1 12 10 1 100 1 12 9 1 12 10 1 100 1 12 10 1 100 1 100 1 8 1 12 10 1 1 12 9 1 7 1 1 12 10 1 100 1 1 12 11 1 1 12 11 1 1 12 10 12 9 1 12 9 1 100 1 1 12 10 1 100 11 1 100 1 1 12 10 1 12 10 1 12 10 1 100 1 12 10 1 1 1 1 16 12 10 15 1 100 1 1 12 10 15 1 1 12 18 1 100 1 1 12 9 1 100 1 12 10 1 12 10 1 100 1 1 1 1 100 1 12 10 1 1 1 100 10 1 1 12 10 1 12 10 1 1 12 10 1 3 1 12 10 1 12 10 1 12 10 1 1 12 10 1 8 1 1 100 1 1 12 10 1 100 1 12 10 10 1 12 10 1 10 1 12 10 1 1 7 1 12 10 1 12 10 1 1 1 1 1 1 1
staticfield com/android/tools/r8/graph/x4 i Z 1
ciInstanceKlass com/android/tools/r8/internal/jY 1 1 46 1 8 1 1 7 1 7 1 1 1 1 12 10 1 10 12 9 1 1 7 1 7 1 1 12 9 1 7 1 1 12 10 1 1 12 9 1 1 1 12 10 1 1 1 1
staticfield com/android/tools/r8/internal/jY a Lcom/android/tools/r8/internal/jY; com/android/tools/r8/internal/jY
ciInstanceKlass com/android/tools/r8/graph/G3$g 1 1 136 1 8 1 1 7 1 1 7 1 100 1 7 1 1 100 1 1 100 1 1 7 1 1 1 1 1 1 1 1 1 1 1 1 1 12 9 1 1 1 12 10 12 9 1 100 10 1 100 12 9 12 9 12 9 12 9 1 1 7 1 1 12 10 1 12 9 12 9 12 9 12 10 1 1 12 11 1 1 12 11 1 1 12 11 1 1 1 1 12 11 1 100 1 12 11 12 11 1 12 11 12 11 1 1 1 1 100 1 12 10 1 100 1 12 9 1 100 1 100 1 12 10 1 12 10 12 10 1 1 1 1 1 1 1 1
staticfield com/android/tools/r8/graph/G3$g e Lcom/android/tools/r8/graph/G3$g; com/android/tools/r8/graph/G3$g
staticfield com/android/tools/r8/graph/G3$g f Z 1
ciInstanceKlass com/android/tools/r8/internal/sY 0 0 472 1 8 1 1 100 1 100 1 1 1 1 1 1 1 1 1 1 1 1 1 1 1 1 1 1 1 1 1 1 1 1 1 1 1 1 1 1 1 1 1 1 1 1 1 1 1 1 1 1 1 1 1 1 1 1 1 1 1 1 1 1 1 1 1 1 1 1 1 12 9 12 9 1 100 1 12 9 1 100 1 12 10 1 12 10 12 9 1 12 9 12 9 1 12 10 1 100 1 12 9 1 1 12 10 12 10 1 12 10 12 9 1 100 1 12 9 12 9 12 9 1 12 10 12 9 12 9 12 9 12 9 1 12 9 12 9 3 3 3 3 3 3 3 1 12 10 1 100 1 12 9 1 12 9 1 100 12 9 1 100 12 9 3 1 12 10 12 9 12 10 1 100 10 12 9 1 12 10 12 9 1 100 10 1 1 12 10 1 12 10 1 1 12 10 1 1 100 1 1 12 10 1 100 1 10 12 9 1 100 1 12 10 1 12 9 1 12 10 12 9 1 12 9 1 12 10 12 9 1 12 9 12 9 1 12 9 12 9 1 100 1 12 10 12 9 1 1 100 1 1 12 10 12 9 1 100 12 9 1 1 100 10 12 9 1 12 10 1 12 10 12 9 1 12 10 1 1 12 10 12 9 12 9 12 9 12 9 12 10 12 9 10 12 10 9 12 9 1 100 10 1 100 10 12 10 12 9 12 9 1 100 1 1 12 10 12 9 1 8 1 12 10 1 12 9 12 9 1 12 10 12 10 12 9 12 9 12 10 1 1 1 12 10 1 1 12 10 1 12 9 1 1 12 10 1 12 10 12 9 1 12 10 12 9 1 12 10 9 1 1 12 10 12 10 12 10 1 3 12 9 12 9 1 1 100 1 12 10 12 9 12 9 1 12 9 12 9 10 12 9 12 9 1 1 100 9 9 12 9 12 9 9 1 8 12 10 12 9 9 9 12 9 12 9 12 9 9 9 1 12 10 12 9 1 12 10 3 12 9 9 12 10 1 3 1 12 10 8 1 1 12 10 3 9 12 9 9 12 9 12 9 12 9 1 12 9 12 9 1 1 1
ciInstanceKlass com/android/tools/r8/graph/C5 1 1 178 1 8 1 1 7 1 1 7 1 100 1 1 1 1 1 1 1 1 1 1 1 16 1 12 10 15 16 1 100 1 1 12 10 15 1 1 12 18 1 100 1 1 12 10 1 16 1 12 10 15 16 1 1 12 18 1 12 10 1 1 12 9 1 1 12 10 1 7 12 9 12 9 12 9 1 12 9 1 100 10 100 1 1 12 10 1 1 7 1 12 10 12 10 1 1 12 10 1 1 7 1 12 10 10 1 1 16 12 10 15 12 18 1 1 1 100 1 12 10 1 1 1 12 10 1 1 12 10 1 100 1 12 10 1 1 1 100 1 12 9 100 1 1 12 11 1 1 1 1 1 12 10 1 1 10 12 10 15 1 16 1 12 18 1 12 10 12 10 1 1 1 1 1 1 1 1 1
staticfield com/android/tools/r8/graph/C5 d Lcom/android/tools/r8/graph/C5; com/android/tools/r8/graph/C5
staticfield com/android/tools/r8/graph/C5 e Z 1
ciInstanceKlass com/android/tools/r8/graph/j1$a 1 1 360 1 8 1 1 7 1 7 1 7 1 7 1 100 1 1 1 1 1 1 1 1 1 1 1 1 1 1 1 1 1 1 1 1 1 1 1 1 1 1 1 1 1 1 1 1 1 1 1 1 12 9 1 100 1 12 11 1 12 11 1 100 1 1 12 11 1 1 7 1 12 11 1 1 7 1 12 10 12 9 1 1 1 1 1 12 9 1 1 12 9 1 7 12 10 1 100 1 1 12 10 1 7 12 9 1 16 12 10 15 1 16 1 100 1 1 12 10 15 1 12 18 12 9 1 1 12 11 1 12 9 1 1 1 100 1 1 12 11 1 100 1 12 9 12 9 1 12 9 12 9 12 9 1 7 1 12 10 1 1 12 10 1 100 1 12 9 1 100 1 12 9 1 100 10 12 9 12 9 1 12 10 12 9 12 9 12 9 12 9 12 9 1 12 10 12 9 1 12 9 12 9 1 7 1 12 9 1 100 12 9 12 9 1 12 10 1 16 1 12 10 15 1 16 1 12 18 12 10 1 10 1 12 10 1 7 1 1 12 10 12 9 12 9 1 7 12 9 1 7 1 12 9 1 7 1 12 9 1 7 1 12 9 1 100 1 12 10 1 1 7 1 12 10 1 1 100 1 1 12 10 1 1 12 10 1 100 1 100 12 9 12 9 1 12 10 1 12 10 1 100 1 12 10 1 1 12 10 12 9 12 9 12 9 1 12 10 12 9 1 1 12 10 1 12 10 1 100 12 9 12 9 1 1 12 10 1 1 12 10 1 12 9 1 100 1 1 12 10 1 12 10 1 1 1 1 1 1 1 1
staticfield com/android/tools/r8/graph/j1$a u Z 1
ciInstanceKlass com/android/tools/r8/graph/Z2 1 1 84 1 8 1 1 7 1 7 1 7 1 1 1 1 1 1 12 10 1 1 7 1 1 12 10 12 9 10 12 9 1 1 1 100 10 1 1 1 1 1 100 1 1 12 9 1 1 1 100 10 1 1 1 1 12 10 1 1 1 1 1 100 1 1 12 10 1 100 1 12 9 1 1 1 1 1 1 1 8 1 1 1 1 1
staticfield com/android/tools/r8/graph/Z2 d Lcom/android/tools/r8/graph/Z2; com/android/tools/r8/graph/Z2
staticfield com/android/tools/r8/graph/Z2 e Z 1
ciInstanceKlass com/android/tools/r8/graph/e1 1 1 213 1 8 1 1 7 1 1 7 1 100 1 1 1 1 1 1 1 1 1 1 1 16 1 12 10 15 16 1 100 1 1 12 10 15 1 1 12 18 1 100 1 12 10 1 12 10 15 16 18 1 12 10 1 1 1 12 10 12 9 12 9 12 9 1 1 100 1 12 9 1 100 1 12 10 1 1 7 1 1 12 10 12 9 1 1 16 12 10 15 12 18 1 1 1 1 1 1 100 12 10 100 1 100 1 100 1 100 1 1 12 10 1 12 11 1 12 9 1 100 10 1 1 100 1 1 12 11 1 1 1 1 1 1 1 100 10 1 1 1 100 1 12 10 1 8 1 100 1 1 12 10 15 1 12 18 1 1 100 12 10 1 12 10 1 1 12 10 1 12 10 1 10 1 16 12 10 15 16 1 1 12 18 1 1 12 10 1 12 10 1 1 100 12 11 12 9 1 100 1 12 10 12 10 1 1 1 1 1 1 1 1 1
staticfield com/android/tools/r8/graph/e1 e Z 1
ciInstanceKlass com/android/tools/r8/graph/o4$$Lambda$244+0x000001fc1012c9e0 1 1 28 1 7 1 7 1 100 1 1 12 10 1 1 1 7 1 7 1 1 12 10 1 7 1 12 10 1 1
ciInstanceKlass com/android/tools/r8/graph/r4$$Lambda$248+0x000001fc1012f338 1 1 44 1 7 1 7 1 100 1 1 1 1 1 1 1 1 1 1 1 1 1 12 10 12 9 12 9 12 9 12 9 12 9 1 1 1 7 1 7 1 1 12 10 1 1
ciInstanceKlass java/lang/invoke/LambdaForm$MH+0x000001fc10131000 1 1 41 1 7 1 100 1 1 1 1 1 1 1 7 1 1 12 10 1 1 1 1 1 7 1 1 12 10 1 7 1 1 12 11 1 7 12 9 1 1 1 1
staticfield java/lang/invoke/LambdaForm$MH+0x000001fc10131000 _D_0 Ljava/lang/invoke/LambdaForm; java/lang/invoke/LambdaForm
ciInstanceKlass com/android/tools/r8/graph/J3 1 1 371 1 8 1 1 7 1 7 1 7 1 7 1 1 7 1 1 7 1 1 7 1 1 7 1 1 7 1 1 7 1 1 7 1 1 100 1 1 7 1 1 1 1 1 1 1 1 1 1 1 12 10 12 9 1 1 7 1 1 12 10 12 9 1 1 7 1 1 12 10 12 9 12 9 12 9 12 9 12 9 12 10 1 12 10 1 100 1 100 1 1 12 10 1 8 1 7 1 1 12 10 15 1 12 18 1 12 10 1 100 1 1 12 10 1 1 12 10 1 8 18 1 1 12 10 1 8 18 1 1 7 1 12 10 1 100 10 1 12 10 1 7 12 10 1 8 1 12 18 12 10 1 7 1 12 10 1 12 9 1 7 10 1 16 1 12 10 15 1 16 1 7 1 1 12 10 15 1 1 12 18 1 12 10 1 12 10 1 12 9 1 12 9 1 7 1 1 12 10 1 12 10 12 10 1 7 1 12 10 12 9 1 7 1 12 10 1 12 10 1 12 9 1 12 10 1 12 10 12 11 1 1 12 10 1 7 1 12 10 1 12 10 1 1 12 10 1 8 1 12 10 1 12 9 1 12 10 1 7 10 1 1 12 10 1 12 10 1 12 10 1 7 12 9 1 7 1 12 9 12 9 1 12 10 12 9 12 9 1 7 1 12 11 1 12 10 12 10 15 1 12 18 1 100 1 7 1 12 10 1 7 1 1 12 10 1 12 10 1 12 9 1 12 10 1 12 10 1 8 1 8 12 18 10 100 1 8 1 100 1 1 12 10 10 1 1 12 10 1 8 18 1 100 1 12 10 1 12 10 1 8 1 12 18 1 1 1 1 1 1 1
staticfield com/android/tools/r8/graph/J3 g Z 1
ciInstanceKlass com/android/tools/r8/graph/t0 1 1 125 1 8 1 1 7 1 1 7 1 100 1 1 1 1 1 1 1 1 1 1 1 16 1 12 10 15 16 1 100 1 1 12 10 15 1 1 12 18 1 100 1 12 10 1 12 10 15 16 18 1 1 1 12 10 12 9 12 9 1 1 7 1 1 12 10 12 9 12 9 1 1 16 12 10 15 12 18 1 1 1 1 1 1 1 100 12 10 1 100 10 1 1 12 10 10 1 1 1 8 1 100 1 1 12 10 15 1 12 18 1 1 100 10 1 1 1 1 1 1 1 1 1 1 1
staticfield com/android/tools/r8/graph/t0 d [Lcom/android/tools/r8/graph/t0; 0 [Lcom/android/tools/r8/graph/t0;
staticfield com/android/tools/r8/graph/t0 e Z 1
ciInstanceKlass com/android/tools/r8/graph/s5 1 1 76 1 8 1 1 7 1 1 7 1 100 1 1 1 1 1 1 1 16 1 12 10 15 16 1 100 1 1 12 10 15 1 1 12 18 1 100 1 1 12 10 1 1 1 12 10 12 9 1 1 7 1 1 12 10 12 9 1 1 1 1 1 16 12 10 15 12 18 1 1 1 1 1 1 1 1
staticfield com/android/tools/r8/graph/s5 c Z 1
ciInstanceKlass com/android/tools/r8/graph/G3$j 1 1 68 1 8 1 1 7 1 7 1 7 1 1 7 1 1 1 7 1 1 100 1 1 1 1 1 1 1 1 12 10 12 9 1 100 1 12 10 1 100 12 9 1 1 7 1 1 12 10 1 1 1 1 12 9 12 10 1 1 1 12 10 1 1 1 1 1 1 1
staticfield com/android/tools/r8/graph/G3$j c Z 1
ciInstanceKlass com/android/tools/r8/graph/m4$$Lambda$278+0x000001fc10138d90 1 1 28 1 7 1 7 1 100 1 1 12 10 1 1 1 7 1 7 1 1 12 10 1 7 1 12 10 1 1
ciInstanceKlass com/android/tools/r8/graph/l4$$Lambda$285+0x000001fc1013a770 1 1 32 1 7 1 7 1 100 1 1 1 1 1 1 1 12 10 12 9 12 9 1 1 1 7 1 7 1 1 12 10 1 1
ciInstanceKlass com/android/tools/r8/graph/o4$$Lambda$300+0x000001fc1013e800 1 1 28 1 7 1 7 1 100 1 1 1 1 1 12 10 12 9 1 1 1 7 1 7 1 1 12 10 1 1
ciInstanceKlass com/android/tools/r8/graph/n4$$Lambda$306+0x000001fc10140898 1 1 28 1 7 1 7 1 100 1 1 12 10 1 1 1 7 1 7 1 1 12 10 1 7 1 12 10 1 1
ciInstanceKlass com/android/tools/r8/graph/o4$$Lambda$313+0x000001fc101424d0 1 1 28 1 7 1 7 1 100 1 1 12 10 1 1 1 7 1 7 1 1 12 10 1 7 1 12 10 1 1
ciInstanceKlass com/android/tools/r8/internal/qv0 1 1 43 1 8 1 1 7 1 7 1 1 1 1 1 1 1 12 10 12 9 12 9 1 1 1 100 1 12 10 1 100 10 1 1 12 10 1 12 10 12 10 1 1 1
ciMethodData java/lang/Object <init> ()V 2 1235074 orig 80 0 0 0 0 0 0 0 0 0 0 0 0 56 167 0 0 0 0 0 0 0 0 0 0 0 0 0 0 0 0 0 0 0 0 0 0 0 0 0 0 0 0 0 0 0 0 0 0 0 0 0 0 0 0 0 0 0 0 0 0 0 0 0 0 0 0 0 0 0 0 0 0 0 0 0 0 0 0 0 0 data 4 0x0 0x9 0x1 0x0 oops 0 methods 0
ciMethodData java/lang/String isLatin1 ()Z 2 891506 orig 80 0 0 0 0 0 0 0 0 0 0 0 0 56 167 0 0 0 0 0 0 0 0 0 0 0 0 0 0 0 0 0 0 0 0 0 0 0 0 0 0 0 0 0 0 0 0 0 0 0 0 0 0 0 0 0 0 0 0 0 0 0 0 0 0 0 0 0 0 0 0 0 0 0 0 0 0 0 0 0 0 data 18 0x30007 0x0 0x58 0xdedd7 0xa0007 0xcf73 0x38 0xce9a5 0xe0003 0xdc9fc 0x18 0x0 0x0 0x0 0x0 0x9 0x1 0x0 oops 0 methods 0
ciMethodData java/lang/String equals (Ljava/lang/Object;)Z 2 14242 orig 80 0 0 0 0 0 0 0 0 0 0 0 0 56 167 0 0 0 0 0 0 0 0 0 0 0 0 0 0 0 0 0 0 0 0 0 0 0 0 0 0 0 0 0 0 0 0 0 0 0 0 0 0 0 0 0 0 0 0 0 0 0 0 0 0 0 0 0 0 0 0 0 0 0 0 0 0 0 0 0 0 data 49 0x20007 0x33f0 0x20 0x1b3 0x80104 0x0 0x0 0x1fc7b5e2430 0x33ed 0x0 0x0 0xb0007 0x3 0xe0 0x33ed 0xf0004 0x0 0x0 0x1fc7b5e2430 0x33ed 0x0 0x0 0x160007 0x0 0x40 0x33ed 0x210007 0x0 0x68 0x33ed 0x2c0002 0x33ed 0x2f0007 0x1801 0x38 0x1bec 0x330003 0x1bec 0x18 0x0 0x0 0x0 0x0 0x0 0x0 0x9 0x2 0x0 0x0 oops 2 7 java/lang/String 18 java/lang/String methods 0
ciMethodData java/util/Objects requireNonNull (Ljava/lang/Object;)Ljava/lang/Object; 2 300329 orig 80 0 0 0 0 0 0 0 0 0 0 0 0 56 167 0 0 0 0 0 0 0 0 0 0 0 0 0 0 0 0 0 0 0 0 0 0 0 0 0 0 0 0 0 0 0 0 0 0 0 0 0 0 0 0 0 0 0 0 0 0 0 0 0 0 0 0 0 0 0 0 0 0 0 0 0 0 0 0 0 0 data 15 0x10007 0x48f00 0x30 0x0 0x80002 0x0 0x0 0x0 0x0 0x0 0x0 0x0 0x9 0x1 0x0 oops 0 methods 0
ciMethodData java/lang/String coder ()B 2 1175168 orig 80 0 0 0 0 0 0 0 0 0 0 0 0 56 167 0 0 0 0 0 0 0 0 0 0 0 0 0 0 0 0 0 0 0 0 0 0 0 0 0 0 0 0 0 0 0 0 0 0 0 0 0 0 0 0 0 0 0 0 0 0 0 0 0 0 0 0 0 0 0 0 0 0 0 0 0 0 0 0 0 0 data 14 0x30007 0x0 0x38 0x125b30 0xa0003 0x13358e 0x18 0x0 0x0 0x0 0x0 0x9 0x1 0x0 oops 0 methods 0
ciMethodData java/util/AbstractCollection <init> ()V 2 64860 orig 80 0 0 0 0 0 0 0 0 0 0 0 0 56 167 0 0 0 0 0 0 0 0 0 0 0 0 0 0 0 0 0 0 0 0 0 0 0 0 0 0 0 0 0 0 0 0 0 0 0 0 0 0 0 0 0 0 0 0 0 0 0 0 0 0 0 0 0 0 0 0 0 0 0 0 0 0 0 0 0 0 data 7 0x10002 0xfbe2 0x0 0x0 0x9 0x1 0x0 oops 0 methods 0
ciMethodData java/lang/String charAt (I)C 2 793457 orig 80 0 0 0 0 0 0 0 0 0 0 0 0 56 167 0 0 0 0 0 0 0 0 0 0 0 0 0 0 0 0 0 0 0 0 0 0 0 0 0 0 0 0 0 0 0 0 0 0 0 0 0 0 0 0 0 0 0 0 0 0 0 0 0 0 0 0 0 0 0 0 0 0 0 0 0 0 0 0 0 0 data 25 0x10005 0xd13d2 0x0 0x0 0x0 0x0 0x0 0x40007 0xcf73 0x30 0xbb1a2 0xc0002 0xcd87a 0x150002 0xcf73 0x0 0x0 0x0 0x0 0x0 0x0 0x9 0x2 0x0 0x0 oops 0 methods 0
ciMethodData java/lang/StringLatin1 charAt ([BI)C 2 773641 orig 80 0 0 0 0 0 0 0 0 0 0 0 0 56 167 0 0 0 0 0 0 0 0 0 0 0 0 0 0 0 0 0 0 0 0 0 0 0 0 0 0 0 0 0 0 0 0 0 0 0 0 0 0 0 0 0 0 0 0 0 0 0 0 0 0 0 0 0 0 0 0 0 0 0 0 0 0 0 0 0 0 data 18 0x10007 0x0 0x40 0xb5ad1 0x70007 0xbb1c4 0x30 0x0 0xf0002 0x0 0x0 0x0 0x0 0x0 0x9 0x2 0x0 0x0 oops 0 methods 0
ciMethodData java/lang/StringUTF16 charAt ([BI)C 2 66544 orig 80 0 0 0 0 0 0 0 0 0 0 0 0 56 167 0 0 0 0 0 0 0 0 0 0 0 0 0 0 0 0 0 0 0 0 0 0 0 0 0 0 0 0 0 0 0 0 0 0 0 0 0 0 0 0 0 0 0 0 0 0 0 0 0 0 0 0 0 0 0 0 0 0 0 0 0 0 0 0 0 0 data 14 0x20002 0xd03a 0x70002 0xc7 0x0 0x0 0x0 0x0 0x0 0x0 0x9 0x2 0x0 0x0 oops 0 methods 0
ciMethodData java/lang/StringUTF16 checkIndex (I[B)V 2 53306 orig 80 0 0 0 0 0 0 0 0 0 0 0 0 56 167 0 0 0 0 0 0 0 0 0 0 0 0 0 0 0 0 0 0 0 0 0 0 0 0 0 0 0 0 0 0 0 0 0 0 0 0 0 0 0 0 0 0 0 0 0 0 0 0 0 0 0 0 0 0 0 0 0 0 0 0 0 0 0 0 0 0 data 14 0x20002 0xd038 0x50002 0xd038 0x0 0x0 0x0 0x0 0x0 0x0 0x9 0x2 0x0 0x0 oops 0 methods 0
ciMethodData java/lang/StringUTF16 length ([B)I 2 53305 orig 80 0 0 0 0 0 0 0 0 0 0 0 0 56 167 0 0 0 0 0 0 0 0 0 0 0 0 0 0 0 0 0 0 0 0 0 0 0 0 0 0 0 0 0 0 0 0 0 0 0 0 0 0 0 0 0 0 0 0 0 0 0 0 0 0 0 0 0 0 0 0 0 0 0 0 0 0 0 0 0 0 data 6 0x0 0x0 0x0 0x9 0x1 0x0 oops 0 methods 0
ciMethodData java/lang/String checkIndex (II)V 2 6978 orig 80 0 0 0 0 0 0 0 0 0 0 0 0 56 167 0 0 0 0 0 0 0 0 0 0 0 0 0 0 0 0 0 0 0 0 0 0 0 0 0 0 0 0 0 0 0 0 0 0 0 0 0 0 0 0 0 0 0 0 0 0 0 0 0 0 0 0 0 0 0 0 0 0 0 0 0 0 0 0 0 0 data 57 0x10007 0x0 0x40 0x1b25 0x60007 0x1b2e 0x158 0x0 0x110002 0x0 0x170005 0x0 0x0 0x0 0x0 0x0 0x0 0x1b0005 0x0 0x0 0x0 0x0 0x0 0x0 0x210005 0x0 0x0 0x0 0x0 0x0 0x0 0x250005 0x0 0x0 0x0 0x0 0x0 0x0 0x280005 0x0 0x0 0x0 0x0 0x0 0x0 0x2b0002 0x0 0x0 0x0 0x0 0x0 0x0 0x0 0x9 0x2 0x0 0x0 oops 0 methods 0
ciMethodData java/lang/String length ()I 2 1082402 orig 80 0 0 0 0 0 0 0 0 0 0 0 0 56 167 0 0 0 0 0 0 0 0 0 0 0 0 0 0 0 0 0 0 0 0 0 0 0 0 0 0 0 0 0 0 0 0 0 0 0 0 0 0 0 0 0 0 0 0 0 0 0 0 0 0 0 0 0 0 0 0 0 0 0 0 0 0 0 0 0 0 data 16 0x60005 0x112161 0x0 0x0 0x0 0x0 0x0 0x0 0x0 0x0 0x0 0x0 0x0 0x9 0x1 0x0 oops 0 methods 0
ciMethodData java/util/concurrent/ConcurrentHashMap tabAt ([Ljava/util/concurrent/ConcurrentHashMap$Node;I)Ljava/util/concurrent/ConcurrentHashMap$Node; 2 7286 orig 80 0 0 0 0 0 0 0 0 0 0 0 0 56 167 0 0 0 0 0 0 0 0 0 0 0 0 0 0 0 0 0 0 0 0 0 0 0 0 0 0 0 0 0 0 0 0 0 0 0 0 0 0 0 0 0 0 0 0 0 0 0 0 0 0 0 0 0 0 0 0 0 0 0 0 0 0 0 0 0 0 data 27 0xf000b 0x1b72 0x0 0x0 0x0 0x0 0x0 0x2 0x1 0x1fc5453c060 0x120104 0x0 0x0 0x1fc5453bfb0 0xb8f 0x1fc5574a710 0x6b0 0x0 0x0 0x0 0x0 0x0 0x0 0x9 0x2 0x0 0x0 oops 3 9 [Ljava/util/concurrent/ConcurrentHashMap$Node; 13 java/util/concurrent/ConcurrentHashMap$Node 15 java/util/concurrent/ConcurrentHashMap$ForwardingNode methods 0
ciMethodData java/util/concurrent/ConcurrentHashMap spread (I)I 2 190535 orig 80 0 0 0 0 0 0 0 0 0 0 0 0 56 167 0 0 0 0 0 0 0 0 0 0 0 0 0 0 0 0 0 0 0 0 0 0 0 0 0 0 0 0 0 0 0 0 0 0 0 0 0 0 0 0 0 0 0 0 0 0 0 0 0 0 0 0 0 0 0 0 0 0 0 0 0 0 0 0 0 0 data 5 0x0 0x0 0x9 0x1 0x0 oops 0 methods 0
ciMethodData java/util/concurrent/ConcurrentHashMap putVal (Ljava/lang/Object;Ljava/lang/Object;Z)Ljava/lang/Object; 2 38252 orig 80 1 0 0 0 0 0 0 0 0 0 0 0 56 167 0 0 0 0 0 0 0 0 0 0 0 0 0 0 0 0 0 0 0 0 0 0 0 0 0 1 0 0 0 0 0 0 0 0 0 0 0 0 0 0 0 0 0 0 0 0 0 0 0 0 0 0 0 0 0 0 0 0 0 0 0 0 0 0 0 0 data 250 0x10007 0x0 0x40 0x93c0 0x50007 0x93e3 0x30 0x0 0xc0002 0x0 0x110005 0x82cf 0x0 0x1fc7b5e2430 0x1130 0x1fc561f7fb0 0x1 0x140002 0x962c 0x240007 0x26 0x40 0xa36c 0x2d0007 0xa452 0x70 0x0 0x310005 0x26 0x0 0x0 0x0 0x0 0x0 0x360003 0x26 0x5f8 0x450002 0xa42d 0x4b0007 0x57e1 0x78 0x4ec6 0x5b0002 0x4ea3 0x5e0002 0x4f7a 0x610007 0xd 0x590 0x4f24 0x640003 0x4f2d 0x588 0x700007 0x46db 0x70 0x1112 0x780005 0x1117 0x0 0x0 0x0 0x0 0x0 0x7d0003 0x10fd 0x500 0x810007 0x4a8 0xf8 0x4233 0x880007 0x357d 0xd8 0xcd3 0x940007 0x0 0x98 0xcd8 0x990007 0x0 0x98 0xcd7 0x9f0005 0xa88 0x0 0x1fc7b5e2430 0x1f8 0x1fc55715f50 0x5c 0xa20007 0x13 0x40 0xccd 0xad0007 0x0 0x20 0xcce 0xc00002 0x3aa9 0xc50007 0x2 0x330 0x3a9d 0xca0007 0x0 0x188 0x3a5c 0xdb0007 0x4b36 0xf0 0x476 0xe70007 0x0 0x98 0x476 0xec0007 0x0 0xb0 0x476 0xf20005 0x232 0x0 0x1fc7b5e2430 0x22e 0x1fc55715f50 0x16 0x8000000600f50007 0x14 0x58 0x463 0x1000007 0x3fb 0x98 0x68 0x1090003 0x68 0x78 0x1180007 0x156d 0x48 0x35ec 0x1250002 0x35f2 0x12b0003 0x364d 0x30 0x1310003 0x156f 0xfffffffffffffec8 0x1340003 0x3aab 0x1a0 0x1390004 0x0 0x0 0x0 0x0 0x0 0x0 0x13c0007 0x0 0xe8 0x0 0x1440004 0x0 0x0 0x0 0x0 0x0 0x0 0x14b0005 0x0 0x0 0x0 0x0 0x0 0x0 0x1510007 0x0 0x40 0x0 0x15c0007 0x0 0x20 0x0 0x1650003 0x0 0x80 0x16a0004 0x0 0x0 0x0 0x0 0x0 0x0 0x16d0007 0x0 0x30 0x0 0x1760002 0x0 0x17d0003 0x3a9f 0x18 0x18a0007 0x2 0x98 0x3a96 0x1910007 0x3a51 0x58 0x0 0x1990005 0x0 0x0 0x0 0x0 0x0 0x0 0x19e0007 0x35cb 0x38 0x461 0x1a40003 0x1136 0xfffffffffffff990 0x1ab0005 0x846f 0x0 0x0 0x0 0x0 0x0 0x0 0x0 0x0 0x0 0x0 0x0 0x0 0x0 0x0 0x9 0x4 0x0 0x0 0x0 0x0 oops 6 13 java/lang/String 15 jdk/internal/loader/ClassLoaderValue 87 java/lang/String 89 com/android/tools/r8/graph/L2 124 java/lang/String 126 com/android/tools/r8/graph/L2 methods 0
ciMethodData java/util/concurrent/ConcurrentHashMap putIfAbsent (Ljava/lang/Object;Ljava/lang/Object;)Ljava/lang/Object; 2 127049 orig 80 0 0 0 0 0 0 0 0 0 0 0 0 56 167 0 0 0 0 0 0 0 0 0 0 0 0 0 0 0 0 0 0 0 0 0 0 0 0 0 0 0 0 0 0 0 0 0 0 0 0 0 0 0 0 0 0 0 0 0 0 0 0 0 0 0 0 0 0 0 0 0 0 0 0 0 0 0 0 0 0 data 18 0x40005 0x1eea1 0x0 0x0 0x0 0x0 0x0 0x0 0x0 0x0 0x0 0x0 0x0 0x9 0x3 0xffffffffffffffff 0xffffffffffffffff 0xffffffffffffffff oops 0 methods 0
ciMethodData java/lang/StringLatin1 canEncode (I)Z 2 56617 orig 80 0 0 0 0 0 0 0 0 0 0 0 0 56 167 0 0 0 0 0 0 0 0 0 0 0 0 0 0 0 0 0 0 0 0 0 0 0 0 0 0 0 0 0 0 0 0 0 0 0 0 0 0 0 0 0 0 0 0 0 0 0 0 0 0 0 0 0 0 0 0 0 0 0 0 0 0 0 0 0 0 data 11 0x40007 0x0 0x38 0xdbc3 0x80003 0xdbdd 0x18 0x0 0x9 0x1 0x0 oops 0 methods 0
ciMethodData java/lang/String isEmpty ()Z 2 33352 orig 80 0 0 0 0 0 0 0 0 0 0 0 0 56 167 0 0 0 0 0 0 0 0 0 0 0 0 0 0 0 0 0 0 0 0 0 0 0 0 0 0 0 0 0 0 0 0 0 0 0 0 0 0 0 0 0 0 0 0 0 0 0 0 0 0 0 0 0 0 0 0 0 0 0 0 0 0 0 0 0 0 data 14 0x50007 0x7b94 0x38 0x5a9 0x90003 0x5a9 0x18 0x0 0x0 0x0 0x0 0x9 0x1 0x0 oops 0 methods 0
ciMethodData java/lang/String indexOf (II)I 2 48333 orig 80 0 0 0 0 0 0 0 0 0 0 0 0 56 167 0 0 0 0 0 0 0 0 0 0 0 0 0 0 0 0 0 0 0 0 0 0 0 0 0 0 0 0 0 0 0 0 0 0 0 0 0 0 0 0 0 0 0 0 0 0 0 0 0 0 0 0 0 0 0 0 0 0 0 0 0 0 0 0 0 0 data 29 0x10005 0xbbd3 0x0 0x0 0x0 0x0 0x0 0x40007 0x0 0x48 0xbb93 0xd0002 0xbba0 0x100003 0xbbd8 0x28 0x190002 0x0 0x0 0x0 0x0 0x0 0x0 0x0 0x9 0x3 0x0 0x0 0x0 oops 0 methods 0
ciMethodData java/lang/StringLatin1 indexOf ([BII)I 2 5518 orig 80 0 0 0 0 0 0 0 0 0 0 0 0 56 167 0 0 0 0 0 0 0 0 0 0 0 0 0 0 0 0 0 0 0 0 0 0 0 0 0 0 0 0 0 0 0 0 0 0 0 0 0 0 0 0 0 0 0 0 0 0 0 0 0 0 0 0 0 0 0 0 0 0 0 0 0 0 0 0 0 0 data 30 0x10002 0x1465 0x40007 0x1465 0x20 0x0 0xd0007 0x1465 0x38 0x0 0x120003 0x0 0x38 0x170007 0x13de 0x20 0x87 0x200002 0x13de 0x0 0x0 0x0 0x0 0x0 0x0 0x9 0x3 0x0 0x0 0x0 oops 0 methods 0
ciMethodData java/lang/StringLatin1 newString ([BII)Ljava/lang/String; 2 5302 orig 80 0 0 0 0 0 0 0 0 0 0 0 0 56 167 0 0 0 0 0 0 0 0 0 0 0 0 0 0 0 0 0 0 0 0 0 0 0 0 0 0 0 0 0 0 0 0 0 0 0 0 0 0 0 0 0 0 0 0 0 0 0 0 0 0 0 0 0 0 0 0 0 0 0 0 0 0 0 0 0 0 data 19 0x10007 0x141b 0x20 0x5 0x100002 0x141b 0x140002 0x141b 0x0 0x0 0x0 0x0 0x0 0x0 0x9 0x3 0x0 0x0 0x0 oops 0 methods 0
ciMethodData java/util/Arrays copyOfRange ([BII)[B 2 12238 orig 80 0 0 0 0 0 0 0 0 0 0 0 0 56 167 0 0 0 0 0 0 0 0 0 0 0 0 0 0 0 0 0 0 0 0 0 0 0 0 0 0 0 0 0 0 0 0 0 0 0 0 0 0 0 0 0 0 0 0 0 0 0 0 0 0 0 0 0 0 0 0 0 0 0 0 0 0 0 0 0 0 data 51 0x50007 0x2ec9 0x120 0x0 0x100002 0x0 0x140005 0x0 0x0 0x0 0x0 0x0 0x0 0x1a0005 0x0 0x0 0x0 0x0 0x0 0x0 0x1e0005 0x0 0x0 0x0 0x0 0x0 0x0 0x210005 0x0 0x0 0x0 0x0 0x0 0x0 0x240002 0x0 0x370002 0x2ec9 0x3a0002 0x2ec9 0x0 0x0 0x0 0x0 0x0 0x0 0x9 0x3 0xffffffffffffffff 0x0 0x0 oops 0 methods 0
ciMethodData java/lang/String checkBoundsOffCount (III)V 2 11738 orig 80 0 0 0 0 0 0 0 0 0 0 0 0 56 167 0 0 0 0 0 0 0 0 0 0 0 0 0 0 0 0 0 0 0 0 0 0 0 0 0 0 0 0 0 0 0 0 0 0 0 0 0 0 0 0 0 0 0 0 0 0 0 0 0 0 0 0 0 0 0 0 0 0 0 0 0 0 0 0 0 0 data 76 0x10007 0x0 0x60 0x2ccd 0x50007 0x0 0x40 0x2ccd 0xc0007 0x2ccd 0x1c8 0x0 0x170002 0x0 0x1d0005 0x0 0x0 0x0 0x0 0x0 0x0 0x210005 0x0 0x0 0x0 0x0 0x0 0x0 0x270005 0x0 0x0 0x0 0x0 0x0 0x0 0x2b0005 0x0 0x0 0x0 0x0 0x0 0x0 0x310005 0x0 0x0 0x0 0x0 0x0 0x0 0x350005 0x0 0x0 0x0 0x0 0x0 0x0 0x380005 0x0 0x0 0x0 0x0 0x0 0x0 0x3b0002 0x0 0x0 0x0 0x0 0x0 0x0 0x0 0x9 0x3 0x0 0x0 0x0 oops 0 methods 0
ciMethodData java/lang/StringUTF16 compress ([CII)[B 2 83355 orig 80 0 0 0 0 0 0 0 0 0 0 0 0 56 167 0 0 0 0 0 0 0 0 0 0 0 0 0 0 0 0 0 0 0 0 0 0 0 0 0 0 0 0 0 0 0 0 0 0 0 0 0 0 0 0 0 0 0 0 0 0 0 0 0 0 0 0 0 0 0 0 0 0 0 0 0 0 0 0 0 0 data 17 0x90002 0x145ee 0xd0007 0x14 0x20 0x148bd 0x0 0x0 0x0 0x0 0x0 0x0 0x9 0x3 0x0 0x0 0x0 oops 0 methods 0
ciMethodData java/util/ArrayList add (Ljava/lang/Object;)Z 2 123476 orig 80 0 0 0 0 0 0 0 0 0 0 0 0 56 167 0 0 0 0 0 0 0 0 0 0 0 0 0 0 0 0 0 0 0 0 0 0 0 0 0 0 0 0 0 0 0 0 0 0 0 0 0 0 0 0 0 0 0 0 0 0 0 0 0 0 0 0 0 0 0 0 0 0 0 0 0 0 0 0 0 0 data 17 0x140005 0x1e219 0x0 0x0 0x0 0x0 0x0 0x0 0x0 0x0 0x0 0x0 0x0 0x9 0x2 0xe 0x0 oops 0 methods 0
ciMethodData java/util/ArrayList add (Ljava/lang/Object;[Ljava/lang/Object;I)V 2 123556 orig 80 0 0 0 0 0 0 0 0 0 0 0 0 56 167 0 0 0 0 0 0 0 0 0 0 0 0 0 0 0 0 0 0 0 0 0 0 0 0 0 0 0 0 0 0 0 0 0 0 0 0 0 0 0 0 0 0 0 0 0 0 0 0 0 0 0 0 0 0 0 0 0 0 0 0 0 0 0 0 0 0 data 30 0x30007 0x17272 0x58 0x717d 0x70005 0x7182 0x0 0x0 0x0 0x0 0x0 0xe0004 0x0 0x0 0x1fc54129c60 0x17e 0x1fc542afff0 0x1bd7 0x0 0x0 0x0 0x0 0x0 0x0 0x9 0x4 0xc 0x0 0xffffffffffffffff 0x0 oops 2 14 [B 16 sun/security/util/ManifestDigester$Section methods 0
ciMethodData java/util/ArrayList grow ()[Ljava/lang/Object; 2 29077 orig 80 0 0 0 0 0 0 0 0 0 0 0 0 56 167 0 0 0 0 0 0 0 0 0 0 0 0 0 0 0 0 0 0 0 0 0 0 0 0 0 0 0 0 0 0 0 0 0 0 0 0 0 0 0 0 0 0 0 0 0 0 0 0 0 0 0 0 0 0 0 0 0 0 0 0 0 0 0 0 0 0 data 16 0x70005 0x7182 0x0 0x0 0x0 0x0 0x0 0x0 0x0 0x0 0x0 0x0 0x0 0x9 0x1 0xc oops 0 methods 0
ciMethodData java/util/ArrayList grow (I)[Ljava/lang/Object; 2 7155 orig 80 0 0 0 0 0 0 0 0 0 0 0 0 56 167 0 0 0 0 0 0 0 0 0 0 0 0 0 0 0 0 0 0 0 0 0 0 0 0 0 0 0 0 0 0 0 0 0 0 0 0 0 0 0 0 0 0 0 0 0 0 0 0 0 0 0 0 0 0 0 0 0 0 0 0 0 0 0 0 0 0 data 24 0x70007 0x1 0x40 0x1bdb 0x110007 0x1bdb 0x40 0x0 0x1b0002 0x1 0x250002 0x1 0x310002 0x1bdb 0x0 0x0 0x0 0x0 0x0 0x0 0x9 0x2 0xc 0x0 oops 0 methods 0
ciMethodData java/lang/String <init> ([BB)V 2 40400 orig 80 0 0 0 0 0 0 0 0 0 0 0 0 56 167 0 0 0 0 0 0 0 0 0 0 0 0 0 0 0 0 0 0 0 0 0 0 0 0 0 0 0 0 0 0 0 0 0 0 0 0 0 0 0 0 0 0 0 0 0 0 0 0 0 0 0 0 0 0 0 0 0 0 0 0 0 0 0 0 0 0 data 11 0x10002 0x9cd9 0x0 0x0 0x0 0x0 0x9 0x3 0xc 0x0 0x0 oops 0 methods 0
ciMethodData jdk/internal/util/ArraysSupport newLength (III)I 2 8664 orig 80 0 0 0 0 0 0 0 0 0 0 0 0 56 167 0 0 0 0 0 0 0 0 0 0 0 0 0 0 0 0 0 0 0 0 0 0 0 0 0 0 0 0 0 0 0 0 0 0 0 0 0 0 0 0 0 0 0 0 0 0 0 0 0 0 0 0 0 0 0 0 0 0 0 0 0 0 0 0 0 0 data 23 0x30002 0x2081 0xa0007 0x0 0x40 0x2081 0x100007 0x0 0x20 0x2081 0x170002 0x0 0x0 0x0 0x0 0x0 0x0 0x0 0x9 0x3 0x0 0x0 0x0 oops 0 methods 0
ciMethodData java/util/AbstractList <init> ()V 2 36935 orig 80 0 0 0 0 0 0 0 0 0 0 0 0 56 167 0 0 0 0 0 0 0 0 0 0 0 0 0 0 0 0 0 0 0 0 0 0 0 0 0 0 0 0 0 0 0 0 0 0 0 0 0 0 0 0 0 0 0 0 0 0 0 0 0 0 0 0 0 0 0 0 0 0 0 0 0 0 0 0 0 0 data 9 0x10002 0x8f49 0x0 0x0 0x0 0x0 0x9 0x1 0x0 oops 0 methods 0
ciMethodData java/util/Arrays copyOf ([Ljava/lang/Object;I)[Ljava/lang/Object; 2 7801 orig 80 0 0 0 0 0 0 0 0 0 0 0 0 56 167 0 0 0 0 0 0 0 0 0 0 0 0 0 0 0 0 0 0 0 0 0 0 0 0 0 0 0 0 0 0 0 0 0 0 0 0 0 0 0 0 0 0 0 0 0 0 0 0 0 0 0 0 0 0 0 0 0 0 0 0 0 0 0 0 0 0 data 19 0x30005 0x1e58 0x0 0x0 0x0 0x0 0x0 0x60002 0x1e58 0x0 0x0 0x0 0x0 0x0 0x0 0x9 0x2 0xffffffffffffffff 0x0 oops 0 methods 0
ciMethodData java/util/ArrayList <init> ()V 2 34692 orig 80 0 0 0 0 0 0 0 0 0 0 0 0 56 167 0 0 0 0 0 0 0 0 0 0 0 0 0 0 0 0 0 0 0 0 0 0 0 0 0 0 0 0 0 0 0 0 0 0 0 0 0 0 0 0 0 0 0 0 0 0 0 0 0 0 0 0 0 0 0 0 0 0 0 0 0 0 0 0 0 0 data 9 0x10002 0x858c 0x0 0x0 0x0 0x0 0x9 0x1 0x0 oops 0 methods 0
ciMethodData java/util/concurrent/ConcurrentHashMap get (Ljava/lang/Object;)Ljava/lang/Object; 2 5445 orig 80 0 0 0 0 0 0 0 0 0 0 0 0 56 167 0 0 0 0 0 0 0 0 0 0 0 0 0 0 0 0 0 0 0 0 0 0 0 0 0 0 0 0 0 0 0 0 0 0 0 0 0 0 0 0 0 0 0 0 0 0 0 0 0 0 0 0 0 0 0 0 0 0 0 0 0 0 0 0 0 0 data 101 0x10005 0x638 0x0 0x1fc7b5e2430 0xbcd 0x1fc557fe0d0 0x23f 0x40002 0x1444 0xf0007 0x12 0x290 0x1432 0x170007 0x0 0x270 0x1432 0x220002 0x1432 0x270007 0x599 0x240 0xe99 0x330007 0x55c 0xb8 0x93d 0x3e0007 0x39f 0x98 0x59e 0x430007 0x0 0x108 0x59e 0x490005 0x24d 0x0 0x1fc7b5e2430 0x19c 0x1fc557fe0d0 0x1b5 0x4c0007 0x0 0xb0 0x59e 0x560007 0x55c 0x90 0x0 0x5d0005 0x0 0x0 0x0 0x0 0x0 0x0 0x630007 0x0 0x38 0x0 0x6b0003 0x0 0x18 0x760007 0x1b5 0xd8 0x5b8 0x7f0007 0x211 0xffffffffffffffe0 0x3a7 0x8a0007 0x14a 0x98 0x25d 0x8f0007 0x0 0xffffffffffffffa0 0x25d 0x950005 0x30 0x0 0x1fc7b5e2430 0x224 0x1fc557fe0d0 0x9 0x980007 0x0 0xffffffffffffff48 0x25d 0x0 0x0 0x0 0x0 0x0 0x0 0x9 0x2 0x0 0x0 oops 6 3 java/lang/String 5 java/security/Provider$ServiceKey 38 java/lang/String 40 java/security/Provider$ServiceKey 83 java/lang/String 85 java/security/Provider$ServiceKey methods 0
ciMethodData java/util/concurrent/ConcurrentHashMap put (Ljava/lang/Object;Ljava/lang/Object;)Ljava/lang/Object; 2 7044 orig 80 0 0 0 0 0 0 0 0 0 0 0 0 56 167 0 0 0 0 0 0 0 0 0 0 0 0 0 0 0 0 0 0 0 0 0 0 0 0 0 0 0 0 0 0 0 0 0 0 0 0 0 0 0 0 0 0 0 0 0 0 0 0 0 0 0 0 0 0 0 0 0 0 0 0 0 0 0 0 0 0 data 18 0x40005 0x1a6e 0x0 0x0 0x0 0x0 0x0 0x0 0x0 0x0 0x0 0x0 0x0 0x9 0x3 0x0 0x0 0x0 oops 0 methods 0
ciMethodData java/lang/String checkBoundsBeginEnd (III)V 2 5430 orig 80 0 0 0 0 0 0 0 0 0 0 0 0 56 167 0 0 0 0 0 0 0 0 0 0 0 0 0 0 0 0 0 0 0 0 0 0 0 0 0 0 0 0 0 0 0 0 0 0 0 0 0 0 0 0 0 0 0 0 0 0 0 0 0 0 0 0 0 0 0 0 0 0 0 0 0 0 0 0 0 0 data 76 0x10007 0x0 0x60 0x1409 0x60007 0x0 0x40 0x1409 0xb0007 0x1409 0x1c8 0x0 0x160002 0x0 0x1c0005 0x0 0x0 0x0 0x0 0x0 0x0 0x200005 0x0 0x0 0x0 0x0 0x0 0x0 0x260005 0x0 0x0 0x0 0x0 0x0 0x0 0x2a0005 0x0 0x0 0x0 0x0 0x0 0x0 0x300005 0x0 0x0 0x0 0x0 0x0 0x0 0x340005 0x0 0x0 0x0 0x0 0x0 0x0 0x370005 0x0 0x0 0x0 0x0 0x0 0x0 0x3a0002 0x0 0x0 0x0 0x0 0x0 0x0 0x0 0x9 0x3 0x0 0x0 0x0 oops 0 methods 0
ciMethodData java/lang/String substring (II)Ljava/lang/String; 2 6043 orig 80 0 0 0 0 0 0 0 0 0 0 0 0 56 167 0 0 0 0 0 0 0 0 0 0 0 0 0 0 0 0 0 0 0 0 0 0 0 0 0 0 0 0 0 0 0 0 0 0 0 0 0 0 0 0 0 0 0 0 0 0 0 0 0 0 0 0 0 0 0 0 0 0 0 0 0 0 0 0 0 0 data 46 0x10005 0x166d 0x0 0x0 0x0 0x0 0x0 0x80002 0x166d 0xc0007 0xd7d 0x40 0x8f0 0x110007 0x832 0x20 0xbe 0x1c0005 0x15af 0x0 0x0 0x0 0x0 0x0 0x1f0007 0x0 0x48 0x15af 0x290002 0x15af 0x2c0003 0x15af 0x28 0x360002 0x0 0x0 0x0 0x0 0x0 0x0 0x0 0x9 0x3 0x0 0x0 0x0 oops 0 methods 0
ciMethodData java/lang/String indexOf (I)I 2 48701 orig 80 0 0 0 0 0 0 0 0 0 0 0 0 56 167 0 0 0 0 0 0 0 0 0 0 0 0 0 0 0 0 0 0 0 0 0 0 0 0 0 0 0 0 0 0 0 0 0 0 0 0 0 0 0 0 0 0 0 0 0 0 0 0 0 0 0 0 0 0 0 0 0 0 0 0 0 0 0 0 0 0 data 17 0x30005 0xbd2a 0x0 0x0 0x0 0x0 0x0 0x0 0x0 0x0 0x0 0x0 0x0 0x9 0x2 0x0 0x0 oops 0 methods 0
ciMethod java/lang/invoke/MethodHandle linkToSpecial (Ljava/lang/Object;Ljava/lang/Object;Ljava/lang/invoke/MemberName;)V 0 0 1 0 -1
ciMethod java/lang/invoke/MethodHandle invokeBasic (Ljava/lang/Object;)Ljava/lang/Object; 0 0 1 0 -1
ciMethodData java/util/Arrays hashCode ([B)I 2 38237 orig 80 0 0 0 0 0 0 0 0 0 0 0 0 56 167 0 0 0 0 0 0 0 0 0 0 0 0 0 0 0 0 0 0 0 0 0 0 0 0 0 0 0 0 0 0 0 0 0 0 0 0 0 0 0 0 0 0 0 0 0 0 0 0 0 0 0 0 0 0 0 0 0 0 0 0 0 0 0 0 0 0 data 20 0x10007 0x27f 0x20 0x7 0x130007 0x27f 0x38 0x4aa1 0x270003 0x4aa1 0xffffffffffffffe0 0x0 0x0 0x0 0x0 0x0 0x0 0x9 0x1 0x0 oops 0 methods 0
ciMethod java/lang/AssertionError <init> ()V 0 0 1 0 -1
ciMethod java/lang/UnsupportedOperationException <init> (Ljava/lang/String;)V 0 0 1 0 -1
ciMethodData java/lang/invoke/Invokers$Holder linkToTargetMethod (Ljava/lang/Object;Ljava/lang/Object;)Ljava/lang/Object; 2 220822 orig 80 0 0 0 0 0 0 0 0 0 0 0 0 56 167 0 0 0 0 0 0 0 0 0 0 0 0 0 0 0 0 0 0 0 0 0 0 0 0 0 0 0 0 0 0 0 0 0 0 0 0 0 0 0 0 0 0 0 0 0 0 0 0 0 0 0 0 0 0 0 0 0 0 0 0 0 0 0 0 0 0 data 34 0x10004 0x0 0x0 0x1fc545cd990 0x5d0 0x1fc545cce30 0x7a8 0x5000b 0x36149 0x0 0x0 0x0 0x0 0x0 0x3 0x1 0x2 0x2 0x0 0x0 0x0 0x0 0x0 0x0 0x9 0x2 0x0 0x0 0xc 0x4 0x0 0x2 0x1 0x2 oops 2 3 java/lang/invoke/BoundMethodHandle$Species_LLLLL 5 java/lang/invoke/DirectMethodHandle$Constructor methods 0
ciMethodData java/lang/String substring (I)Ljava/lang/String; 2 26794 orig 80 0 0 0 0 0 0 0 0 0 0 0 0 56 167 0 0 0 0 0 0 0 0 0 0 0 0 0 0 0 0 0 0 0 0 0 0 0 0 0 0 0 0 0 0 0 0 0 0 0 0 0 0 0 0 0 0 0 0 0 0 0 0 0 0 0 0 0 0 0 0 0 0 0 0 0 0 0 0 0 0 data 24 0x30005 0x67ac 0x0 0x0 0x0 0x0 0x0 0x60005 0x678a 0x0 0x0 0x0 0x0 0x0 0x0 0x0 0x0 0x0 0x0 0x0 0x9 0x2 0x0 0x0 oops 0 methods 0
ciMethodData java/util/concurrent/ConcurrentHashMap computeIfAbsent (Ljava/lang/Object;Ljava/util/function/Function;)Ljava/lang/Object; 2 208559 orig 80 2 0 0 0 0 0 0 0 0 0 0 0 56 167 0 0 0 0 0 0 0 0 0 0 0 0 0 0 0 0 0 0 0 0 0 0 0 0 0 2 0 0 0 0 0 0 0 0 0 0 0 0 0 0 0 0 0 0 0 0 0 0 0 0 0 0 0 0 0 0 0 0 0 0 0 0 0 0 0 0 data 316 0x10007 0x0 0x40 0x32a83 0x50007 0x32caa 0x30 0x0 0xc0002 0x0 0x110005 0x32857 0x0 0x1fc56093e00 0x1dd 0x1fc7b5e24c0 0xa 0x140002 0x3375c 0x260007 0x8 0x40 0x36da9 0x2f0007 0x3719e 0x70 0x0 0x330005 0x8 0x0 0x0 0x0 0x0 0x0 0x380003 0x8 0x7d8 0x460002 0x3727d 0x4c0007 0x33029 0x168 0x4864 0x530002 0x485d 0x650002 0x48a5 0x680007 0x17 0xc0 0x4858 0x730005 0x485e 0x0 0x1fc56093eb0 0x1 0x1fc56093f60 0x1 0x7b0007 0x0 0x30 0x484a 0x860002 0x484d 0x910002 0x488c 0x940003 0x4885 0x28 0x9f0002 0x0 0xa80003 0x489f 0x18 0xb50007 0x15 0x38 0x4867 0xb80003 0x486a 0x690 0xbb0003 0x17 0x660 0xc70007 0x2ea61 0x70 0x420a 0xcf0005 0x4257 0x0 0x0 0x0 0x0 0x0 0xd40003 0x4196 0x5f0 0xda0007 0xba50 0xd8 0x236d6 0xe60007 0x97c 0x98 0x22fff 0xeb0007 0x0 0x98 0x22da5 0xf10005 0x0 0x0 0x1fc56093e00 0x1dd 0x1fc7b5e2430 0x22af5 0x8000000600f40007 0x1 0x40 0x2304a 0xff0007 0x0 0x20 0x23674 0x1120002 0xbc0c 0x1170007 0x11b 0x440 0xba23 0x11c0007 0x1 0x1f0 0xba26 0x12c0007 0xf3c3 0xd0 0x80b4 0x1380007 0x714 0x98 0x79cc 0x13d0007 0x0 0x90 0x79bc 0x1430005 0x0 0x0 0x1fc7b5e2430 0x79c2 0x0 0x0 0x1460007 0x1 0x38 0x79bf 0x1500003 0x80d4 0x100 0x15f0007 0xba87 0xd0 0x3967 0x1640005 0x3951 0x0 0x1fc56093f60 0x1 0x1fc56094010 0x19 0x16c0007 0x0 0x90 0x3955 0x1740007 0x395e 0x30 0x0 0x17d0002 0x0 0x18e0002 0x3956 0x1940003 0x3973 0x30 0x19a0003 0xba81 0xfffffffffffffe60 0x19d0003 0xb9eb 0x248 0x1a20004 0x0 0x0 0x1fc560940c0 0x1 0x0 0x0 0x1a50007 0x0 0x190 0x1 0x1ad0004 0x0 0x0 0x1fc560940c0 0x1 0x0 0x0 0x1ba0007 0x0 0x90 0x1 0x1c20005 0x1 0x0 0x0 0x0 0x0 0x0 0x1c80007 0x0 0x38 0x1 0x1d20003 0x1 0xa8 0x1d70005 0x0 0x0 0x0 0x0 0x0 0x0 0x1df0007 0x0 0x58 0x0 0x1eb0005 0x0 0x0 0x0 0x0 0x0 0x0 0x1ef0003 0x1 0x80 0x1f40004 0x0 0x0 0x0 0x0 0x0 0x0 0x1f70007 0x0 0x30 0x0 0x2000002 0x0 0x2070003 0xbc2e 0x18 0x2140007 0x11b 0x98 0xba2d 0x80000006021b0007 0xba55 0x58 0x1 0x2230005 0x1 0x0 0x0 0x0 0x0 0x0 0x2280007 0x3958 0x38 0x8126 0x22e0003 0x42ba 0xfffffffffffff7b0 0x2330007 0x0 0x58 0x815e 0x23a0005 0x815e 0x0 0x0 0x0 0x0 0x0 0x0 0x0 0x0 0x0 0x0 0x0 0x0 0x0 0x0 0x0 0x0 0x0 0x9 0x3 0x0 0x0 0x0 oops 11 13 java/security/SecureClassLoader$CodeSourceKey 15 java/lang/Class 54 java/lang/invoke/StringConcatFactory$2 56 java/lang/invoke/ClassSpecializer$1 113 java/security/SecureClassLoader$CodeSourceKey 115 java/lang/String 150 java/lang/String 168 java/lang/invoke/ClassSpecializer$1 170 jdk/internal/loader/BuiltinClassLoader$5 196 java/util/concurrent/ConcurrentHashMap$TreeBin 207 java/util/concurrent/ConcurrentHashMap$TreeBin methods 0
ciMethodData java/lang/Character charCount (I)I 2 405782 orig 80 0 0 0 0 0 0 0 0 0 0 0 0 56 167 0 0 0 0 0 0 0 0 0 0 0 0 0 0 0 0 0 0 0 0 0 0 0 0 0 0 0 0 0 0 0 0 0 0 0 0 0 0 0 0 0 0 0 0 0 0 0 0 0 0 0 0 0 0 0 0 0 0 0 0 0 0 0 0 0 0 data 12 0x30007 0x6101e 0x38 0x0 0x70003 0x0 0x18 0x0 0x0 0x9 0x1 0x0 oops 0 methods 0
ciMethodData java/lang/String codePointAt (I)I 2 6896 orig 80 0 0 0 0 0 0 0 0 0 0 0 0 56 167 0 0 0 0 0 0 0 0 0 0 0 0 0 0 0 0 0 0 0 0 0 0 0 0 0 0 0 0 0 0 0 0 0 0 0 0 0 0 0 0 0 0 0 0 0 0 0 0 0 0 0 0 0 0 0 0 0 0 0 0 0 0 0 0 0 0 data 27 0x10005 0x1a27 0x0 0x0 0x0 0x0 0x0 0x40007 0x0 0x30 0x1997 0xd0002 0x19d3 0x250002 0x0 0x2e0002 0x0 0x0 0x0 0x0 0x0 0x0 0x0 0x9 0x2 0x0 0x0 oops 0 methods 0
ciMethodData java/lang/String <init> ([CIILjava/lang/Void;)V 2 84006 orig 80 0 0 0 0 0 0 0 0 0 0 0 0 56 167 0 0 0 0 0 0 0 0 0 0 0 0 0 0 0 0 0 0 0 0 0 0 0 0 0 0 0 0 0 0 0 0 0 0 0 0 0 0 0 0 0 0 0 0 0 0 0 0 0 0 0 0 0 0 0 0 0 0 0 0 0 0 0 0 0 0 data 31 0x10002 0x14735 0x50007 0x145c8 0x20 0x74 0x1e0007 0x0 0x50 0x145e3 0x240002 0x1462a 0x2b0007 0x13 0x20 0x14778 0x430002 0x13 0x0 0x0 0x0 0x0 0x0 0x0 0x9 0x5 0xc 0x0 0x0 0x0 0x0 oops 0 methods 0
ciMethodData java/lang/String <init> ([CII)V 2 83940 orig 80 0 0 0 0 0 0 0 0 0 0 0 0 56 167 0 0 0 0 0 0 0 0 0 0 0 0 0 0 0 0 0 0 0 0 0 0 0 0 0 0 0 0 0 0 0 0 0 0 0 0 0 0 0 0 0 0 0 0 0 0 0 0 0 0 0 0 0 0 0 0 0 0 0 0 0 0 0 0 0 0 data 16 0x70002 0x1481b 0xa0002 0x1478f 0x0 0x0 0x0 0x0 0x0 0x0 0x9 0x4 0x0 0x0 0x0 0x0 oops 0 methods 0
ciMethodData java/lang/String rangeCheck ([CII)Ljava/lang/Void; 2 83939 orig 80 0 0 0 0 0 0 0 0 0 0 0 0 56 167 0 0 0 0 0 0 0 0 0 0 0 0 0 0 0 0 0 0 0 0 0 0 0 0 0 0 0 0 0 0 0 0 0 0 0 0 0 0 0 0 0 0 0 0 0 0 0 0 0 0 0 0 0 0 0 0 0 0 0 0 0 0 0 0 0 0 data 13 0x40002 0x1471a 0x0 0x0 0x0 0x0 0x0 0x0 0x9 0x3 0x0 0x0 0x0 oops 0 methods 0
ciMethodData java/lang/invoke/DirectMethodHandle allocateInstance (Ljava/lang/Object;)Ljava/lang/Object; 2 226827 orig 80 0 0 0 0 0 0 0 0 0 0 0 0 56 167 0 0 0 0 0 0 0 0 0 0 0 0 0 0 0 0 0 0 0 0 0 0 0 0 0 0 0 0 0 0 0 0 0 0 0 0 0 0 0 0 0 0 0 0 0 0 0 0 0 0 0 0 0 0 0 0 0 0 0 0 0 0 0 0 0 0 data 23 0x10004 0x0 0x0 0x1fc545cce30 0x327f 0x0 0x0 0xc0005 0x375c6 0x0 0x0 0x0 0x0 0x0 0x0 0x0 0x0 0x0 0x0 0x0 0x9 0x1 0x0 oops 1 3 java/lang/invoke/DirectMethodHandle$Constructor methods 0
ciMethodData java/lang/invoke/DirectMethodHandle constructorMethod (Ljava/lang/Object;)Ljava/lang/Object; 2 231764 orig 80 0 0 0 0 0 0 0 0 0 0 0 0 56 167 0 0 0 0 0 0 0 0 0 0 0 0 0 0 0 0 0 0 0 0 0 0 0 0 0 0 0 0 0 0 0 0 0 0 0 0 0 0 0 0 0 0 0 0 0 0 0 0 0 0 0 0 0 0 0 0 0 0 0 0 0 0 0 0 0 0 data 16 0x10004 0x0 0x0 0x1fc545cce30 0x3282 0x0 0x0 0x0 0x0 0x0 0x0 0x0 0x0 0x9 0x1 0x0 oops 1 3 java/lang/invoke/DirectMethodHandle$Constructor methods 0
ciMethodData java/lang/invoke/DirectMethodHandle$Holder newInvokeSpecial (Ljava/lang/Object;Ljava/lang/Object;)Ljava/lang/Object; 2 207084 orig 80 0 0 0 0 0 0 0 0 0 0 0 0 56 167 0 0 0 0 0 0 0 0 0 0 0 0 0 0 0 0 0 0 0 0 0 0 0 0 0 0 0 0 0 0 0 0 0 0 0 0 0 0 0 0 0 0 0 0 0 0 0 0 0 0 0 0 0 0 0 0 0 0 0 0 0 0 0 0 0 0 data 42 0x1000a 0x32a48 0x3 0x0 0x1fc545cce30 0x2 0x6000a 0x340ff 0x3 0x0 0x1fc545cce30 0x1fc7b5e4600 0xd0004 0x0 0x0 0x1fc7b5e4600 0xf 0x0 0x0 0x10000a 0x3396e 0x4 0x0 0x2 0x1 0x2 0x0 0x0 0x0 0x0 0x0 0x0 0x9 0x2 0x0 0x0 0xc 0x4 0x0 0x1fc545cce30 0x1 0x2 oops 5 4 java/lang/invoke/DirectMethodHandle$Constructor 10 java/lang/invoke/DirectMethodHandle$Constructor 11 java/lang/invoke/MemberName 15 java/lang/invoke/MemberName 39 java/lang/invoke/DirectMethodHandle$Constructor methods 0
ciMethod java/lang/reflect/GenericSignatureFormatError <init> (Ljava/lang/String;)V 0 0 1 0 -1
ciMethodData java/lang/String toCharArray ()[C 2 2914 orig 80 0 0 0 0 0 0 0 0 0 0 0 0 56 167 0 0 0 0 0 0 0 0 0 0 0 0 0 0 0 0 0 0 0 0 0 0 0 0 0 0 0 0 0 0 0 0 0 0 0 0 0 0 0 0 0 0 0 0 0 0 0 0 0 0 0 0 0 0 0 0 0 0 0 0 0 0 0 0 0 0 data 27 0x10005 0x731 0x0 0x0 0x0 0x0 0x0 0x40007 0x0 0x48 0x730 0xb0002 0x730 0xe0003 0x731 0x28 0x150002 0x0 0x0 0x0 0x0 0x0 0x0 0x0 0x9 0x1 0x0 oops 0 methods 0
ciMethod com/android/tools/r8/graph/E0 f0 ()Z 344 0 3816 0 -1
ciMethod com/android/tools/r8/graph/E0 P0 ()Ljava/util/List; 812 0 406 0 -1
ciMethod com/android/tools/r8/graph/E0 O0 ()Lcom/android/tools/r8/graph/h4; 796 346 11182 0 -1
ciMethod com/android/tools/r8/graph/E0 q1 ()Z 830 0 3563 0 -1
ciMethod com/android/tools/r8/graph/E0 l1 ()Z 832 0 3565 0 -1
ciMethod com/android/tools/r8/graph/b1 e0 ()Z 0 0 1 0 -1
ciMethod com/android/tools/r8/graph/b1 d0 ()Lcom/android/tools/r8/graph/H2; 0 0 1 0 -1
ciMethod com/android/tools/r8/graph/n1 <init> ()V 526 0 254098 0 64
ciMethod com/android/tools/r8/internal/r50 b (Lcom/android/tools/r8/internal/r50;)Z 622 0 8170 0 -1
ciMethod com/android/tools/r8/graph/w2 <init> (Lcom/android/tools/r8/graph/L2;Lcom/android/tools/r8/graph/M2;)V 514 0 58851 0 0
ciMethod com/android/tools/r8/graph/w2 s0 ()Lcom/android/tools/r8/graph/M2; 0 0 1 0 -1
ciMethod com/android/tools/r8/graph/J2 <init> ()V 514 0 62551 0 0
ciMethod com/android/tools/r8/graph/g4 <init> ()V 538 0 126702 0 0
ciMethod com/android/tools/r8/graph/E <init> ()V 538 0 148609 0 0
ciMethod com/android/tools/r8/graph/E k0 ()I 0 0 1 0 -1
ciMethod com/android/tools/r8/graph/E c (Ljava/lang/Object;)Z 0 0 1 0 -1
ciMethod com/android/tools/r8/graph/E hashCode ()I 534 0 302365 0 128
ciMethod com/android/tools/r8/graph/E equals (Ljava/lang/Object;)Z 514 0 61807 0 0
ciMethod com/android/tools/r8/graph/E j (I)V 0 0 1 0 -1
ciMethod com/android/tools/r8/DiagnosticsHandler warning (Lcom/android/tools/r8/Diagnostic;)V 0 0 1 0 -1
ciMethod com/android/tools/r8/internal/Qf <init> (Ljava/lang/String;)V 0 0 1 0 -1
ciMethod com/android/tools/r8/graph/M2 D0 ()Ljava/lang/String; 0 0 1 0 -1
ciMethod com/android/tools/r8/graph/M2 j0 ()Ljava/lang/String; 0 0 1 0 -1
ciMethod com/android/tools/r8/graph/M2 P0 ()Z 0 0 1 0 -1
ciMethod com/android/tools/r8/graph/M2 S0 ()Z 0 0 1 0 -1
ciMethod com/android/tools/r8/graph/M2 E0 ()Z 384 0 192 0 -1
ciMethod com/android/tools/r8/graph/M2 I0 ()Z 384 0 192 0 -1
ciMethod com/android/tools/r8/graph/M2 <init> (Lcom/android/tools/r8/graph/L2;)V 382 0 5106 0 0
ciMethod com/android/tools/r8/internal/oe a (IILjava/lang/String;Ljava/lang/String;Ljava/lang/String;[Ljava/lang/String;)V 0 0 1 0 -1
ciMethod com/android/tools/r8/internal/oe a (Ljava/lang/String;Ljava/lang/String;)V 0 0 1 0 -1
ciMethod com/android/tools/r8/internal/oe a (ILjava/lang/String;Ljava/lang/String;)Lcom/android/tools/r8/internal/HY; 0 0 1 0 -1
ciMethod com/android/tools/r8/internal/oe a (Ljava/lang/String;)V 0 0 1 0 -1
ciMethod com/android/tools/r8/internal/oe a (Ljava/lang/String;Ljava/lang/String;Ljava/lang/String;)V 0 0 1 0 -1
ciMethod com/android/tools/r8/internal/oe a (Ljava/lang/String;Z)Lcom/android/tools/r8/internal/Q2; 0 0 1 0 -1
ciMethod com/android/tools/r8/internal/oe a (ILcom/android/tools/r8/internal/qv0;Ljava/lang/String;Z)Lcom/android/tools/r8/internal/Q2; 0 0 1 0 -1
ciMethod com/android/tools/r8/internal/oe a (Lcom/android/tools/r8/internal/M4;)V 0 0 1 0 -1
ciMethod com/android/tools/r8/internal/oe b (Ljava/lang/String;)V 0 0 1 0 -1
ciMethod com/android/tools/r8/internal/oe c (Ljava/lang/String;)V 0 0 1 0 -1
ciMethod com/android/tools/r8/internal/oe a (ILjava/lang/String;Ljava/lang/String;Ljava/lang/String;)V 0 0 1 0 -1
ciMethod com/android/tools/r8/internal/oe b (Ljava/lang/String;Ljava/lang/String;Ljava/lang/String;)Lcom/android/tools/r8/internal/Zc0; 0 0 1 0 -1
ciMethod com/android/tools/r8/internal/oe a (ILjava/lang/String;Ljava/lang/String;Ljava/lang/String;Ljava/lang/Object;)Lcom/android/tools/r8/internal/hx; 0 0 1 0 -1
ciMethod com/android/tools/r8/internal/oe a (ILjava/lang/String;Ljava/lang/String;Ljava/lang/String;[Ljava/lang/String;)Lcom/android/tools/r8/internal/rY; 0 0 1 0 -1
ciMethod com/android/tools/r8/internal/oe a ()V 0 0 1 0 -1
ciMethod com/android/tools/r8/internal/Gl a (Ljava/lang/String;Ljava/lang/String;Ljava/lang/String;)Ljava/lang/String; 4196 0 7001 0 -1
ciMethod com/android/tools/r8/internal/Gl G (Ljava/lang/String;)Z 518 4060 12844 0 1376
ciMethod com/android/tools/r8/internal/Gl u (Ljava/lang/String;)Ljava/lang/String; 1024 0 25830 0 0
ciMethod com/android/tools/r8/internal/Gl e (Ljava/lang/String;)[Ljava/lang/String; 478 7962 16400 0 8384
ciMethod com/android/tools/r8/internal/Gl d (Ljava/lang/String;)I 452 8192 4596 0 -1
ciMethod com/android/tools/r8/graph/u1 d (Lcom/android/tools/r8/graph/L2;)Lcom/android/tools/r8/graph/M2; 552 0 139826 0 0
ciMethod com/android/tools/r8/graph/u1 b (Ljava/lang/String;)Lcom/android/tools/r8/graph/L2; 514 0 38999 0 0
ciMethod com/android/tools/r8/graph/u1 c (Lcom/android/tools/r8/graph/L2;)Lcom/android/tools/r8/graph/M2; 514 0 134328 0 0
ciMethod com/android/tools/r8/graph/u1 a (Lcom/android/tools/r8/graph/M2;Lcom/android/tools/r8/graph/M2;Lcom/android/tools/r8/graph/L2;)Lcom/android/tools/r8/graph/l1; 814 0 31619 0 -1
ciMethod com/android/tools/r8/graph/u1 a (Lcom/android/tools/r8/graph/M2;Lcom/android/tools/r8/graph/O2;)Lcom/android/tools/r8/graph/I2; 512 0 26294 0 0
ciMethod com/android/tools/r8/graph/u1 a (Lcom/android/tools/r8/graph/M2;Lcom/android/tools/r8/graph/I2;Lcom/android/tools/r8/graph/L2;)Lcom/android/tools/r8/graph/B2; 518 0 26135 0 0
ciMethod com/android/tools/r8/graph/u1 a (Ljava/util/concurrent/ConcurrentHashMap;Lcom/android/tools/r8/graph/g4;)Lcom/android/tools/r8/graph/n1; 512 0 122719 0 0
ciMethod com/android/tools/r8/graph/L2 k0 ()I 512 0 46083 0 0
ciMethod com/android/tools/r8/graph/L2 c (Ljava/lang/Object;)Z 514 0 14319 0 0
ciMethod com/android/tools/r8/graph/L2 toString ()Ljava/lang/String; 20 0 24 0 -1
ciMethod com/android/tools/r8/graph/L2 <init> (Ljava/lang/String;)V 514 0 43674 0 0
ciMethod com/android/tools/r8/graph/L2 a ([B[C)I 512 3608 3357 0 512
ciMethod com/android/tools/r8/graph/L2 k (I)Ljava/io/UTFDataFormatException; 0 0 1 0 -1
ciMethod com/android/tools/r8/graph/L2 e (II)Ljava/io/UTFDataFormatException; 0 0 1 0 -1
ciMethod com/android/tools/r8/graph/L2 a (III)Ljava/io/UTFDataFormatException; 0 0 1 0 -1
ciMethod com/android/tools/r8/graph/L2 a (Ljava/lang/String;)[B 220 4592 9022 0 2528
ciMethod com/android/tools/r8/graph/L2 a (C[BI)I 724 0 104715 0 -1
ciMethod com/android/tools/r8/graph/L2 a (Lcom/android/tools/r8/internal/B2;Ljava/lang/String;)Z 520 8130 4946 0 -1
ciMethod com/android/tools/r8/graph/L2 a (I[B)Ljava/lang/String; 512 0 63347 0 0
ciMethod com/android/tools/r8/graph/B2 <init> (Lcom/android/tools/r8/graph/M2;Lcom/android/tools/r8/graph/I2;Lcom/android/tools/r8/graph/L2;Z)V 518 0 28877 0 0
ciMethod com/android/tools/r8/graph/I2 <init> (Lcom/android/tools/r8/graph/M2;Lcom/android/tools/r8/graph/O2;)V 514 0 28670 0 0
ciMethodData com/android/tools/r8/graph/L2 a (Ljava/lang/String;)[B 2 445251 orig 80 4 0 0 0 1 0 0 0 0 0 0 0 56 167 0 0 0 0 0 0 0 0 0 0 0 0 0 0 0 0 0 0 0 0 0 0 0 0 0 4 0 0 0 0 0 0 0 0 0 0 0 0 0 0 0 0 0 0 0 0 0 0 0 0 0 0 0 0 0 0 0 0 0 0 0 0 0 0 0 0 data 84 0x60005 0x4e05e 0x0 0x0 0x0 0x0 0x0 0x90007 0x22cf 0x168 0x47b08 0xe0005 0x49fbd 0x0 0x0 0x0 0x0 0x0 0x8000000600130007 0x4c8 0x58 0x4273f 0x190007 0x119b 0x38 0x4454a 0x1d0003 0x4606b 0x50 0x8000000600240007 0x7ad 0x38 0xeac 0x280003 0xeae 0x18 0x320007 0x4f8df 0x68 0x0 0x360007 0x0 0x38 0x0 0x390003 0x0 0x28 0x400002 0x0 0x470003 0x4aada 0xfffffffffffffe78 0x540005 0x4796b 0x0 0x0 0x0 0x0 0x0 0x570007 0x22cf 0x80 0x462ed 0x5c0005 0x48df6 0x0 0x0 0x0 0x0 0x0 0x610002 0x44ce5 0x680003 0x44d25 0xffffffffffffff60 0x0 0x0 0x0 0x0 0x0 0x0 0x9 0x1 0x0 oops 0 methods 0
ciMethodData com/android/tools/r8/graph/E hashCode ()I 2 302365 orig 80 0 0 0 0 0 0 0 0 0 0 0 0 56 167 0 0 0 0 0 0 0 0 0 0 0 0 0 0 0 0 0 0 0 0 0 0 0 0 0 0 0 0 0 0 0 0 0 0 0 0 0 0 0 0 0 0 0 0 0 0 0 0 0 0 0 0 0 0 0 0 0 0 0 0 0 0 0 0 0 0 data 35 0x70007 0x3ec01 0x78 0xc176 0xb0005 0x87e0 0x0 0x1fc55715f50 0x3680 0x1fc54b11a10 0x570 0x110007 0xc21f 0x20 0x0 0x1e0007 0x4a794 0x58 0x0 0x240005 0x0 0x0 0x0 0x0 0x0 0x0 0x0 0x0 0x0 0x0 0x0 0x0 0x9 0x1 0xffffffffffffffff oops 2 7 com/android/tools/r8/graph/L2 9 com/android/tools/r8/graph/M2 methods 0
ciMethodData com/android/tools/r8/graph/n1 <init> ()V 2 254134 orig 80 0 0 0 0 0 0 0 0 0 0 0 0 56 167 0 0 0 0 0 0 0 0 0 0 0 0 0 0 0 0 0 0 0 0 0 0 0 0 0 0 0 0 0 0 0 0 0 0 0 0 0 0 0 0 0 0 0 0 0 0 0 0 0 0 0 0 0 0 0 0 0 0 0 0 0 0 0 0 0 0 data 7 0x10002 0x3e13b 0x0 0x0 0x9 0x1 0x0 oops 0 methods 0
ciMethodData com/android/tools/r8/graph/g4 <init> ()V 2 126742 orig 80 0 0 0 0 0 0 0 0 0 0 0 0 56 167 0 0 0 0 0 0 0 0 0 0 0 0 0 0 0 0 0 0 0 0 0 0 0 0 0 0 0 0 0 0 0 0 0 0 0 0 0 0 0 0 0 0 0 0 0 0 0 0 0 0 0 0 0 0 0 0 0 0 0 0 0 0 0 0 0 0 data 7 0x10002 0x1ef55 0x0 0x0 0x9 0x1 0x6 oops 0 methods 0
ciMethodData com/android/tools/r8/graph/E <init> ()V 2 148635 orig 80 0 0 0 0 0 0 0 0 0 0 0 0 56 167 0 0 0 0 0 0 0 0 0 0 0 0 0 0 0 0 0 0 0 0 0 0 0 0 0 0 0 0 0 0 0 0 0 0 0 0 0 0 0 0 0 0 0 0 0 0 0 0 0 0 0 0 0 0 0 0 0 0 0 0 0 0 0 0 0 0 data 8 0x20002 0x24710 0x0 0x0 0x0 0x9 0x1 0x6 oops 0 methods 0
ciMethod com/android/tools/r8/internal/VC b (Ljava/lang/Object;)Lcom/android/tools/r8/internal/VC; 254 0 127 0 -1
ciMethodData com/android/tools/r8/graph/L2 k0 ()I 2 46099 orig 80 0 0 0 0 0 0 0 0 0 0 0 0 56 167 0 0 0 0 0 0 0 0 0 0 0 0 0 0 0 0 0 0 0 0 0 0 0 0 0 0 0 0 0 0 0 0 0 0 0 0 0 0 0 0 0 0 0 0 0 0 0 0 0 0 0 0 0 0 0 0 0 0 0 0 0 0 0 0 0 0 data 11 0xc0002 0xb317 0x0 0x0 0x0 0x0 0x0 0x0 0x9 0x1 0x0 oops 0 methods 0
ciMethodData com/android/tools/r8/graph/u1 a (Ljava/util/concurrent/ConcurrentHashMap;Lcom/android/tools/r8/graph/g4;)Lcom/android/tools/r8/graph/n1; 2 123142 orig 80 0 0 0 0 0 0 0 0 0 0 0 0 56 167 0 0 0 0 0 0 0 0 0 0 0 0 0 0 0 0 0 0 0 0 0 0 0 0 0 0 0 0 0 0 0 0 0 0 0 0 0 0 0 0 0 0 0 0 0 0 0 0 0 0 0 0 0 0 0 0 0 0 0 0 0 0 0 0 0 0 data 48 0x30007 0x1e007 0xa0 0x0 0xa0005 0x0 0x0 0x0 0x0 0x0 0x0 0xd0007 0x0 0x38 0x0 0x100003 0x0 0x28 0x170002 0x0 0x1e0005 0x0 0x0 0x1fc7b5e5600 0x1e05f 0x0 0x0 0x210104 0x0 0x0 0x1fc55715f50 0x318d 0x1fc54acd2e0 0x4cf8 0x260007 0x82ec 0x20 0x15e9d 0x0 0x0 0x0 0x0 0x0 0x0 0x9 0x2 0xffffffffffffffff 0xffffffffffffffff oops 3 23 java/util/concurrent/ConcurrentHashMap 30 com/android/tools/r8/graph/L2 32 com/android/tools/r8/graph/I2 methods 0
ciMethod com/android/tools/r8/graph/O2 k0 ()Lcom/android/tools/r8/graph/O2; 190 0 10434 0 0
ciMethod com/android/tools/r8/graph/O2 <init> ([Lcom/android/tools/r8/graph/M2;)V 322 0 17691 0 0
ciMethod com/android/tools/r8/graph/j1 K0 ()Lcom/android/tools/r8/graph/j1$a; 1046 0 31840 0 -1
ciMethodData com/android/tools/r8/graph/L2 <init> (Ljava/lang/String;)V 2 43712 orig 80 0 0 0 0 0 0 0 0 0 0 0 0 56 167 0 0 0 0 0 0 0 0 0 0 0 0 0 0 0 0 0 0 0 0 0 0 0 0 0 0 0 0 0 0 0 0 0 0 0 0 0 0 0 0 0 0 0 0 0 0 0 0 0 0 0 0 0 0 0 0 0 0 0 0 0 0 0 0 0 0 data 21 0x50002 0xa9cf 0x80005 0xaacd 0x0 0x0 0x0 0x0 0x0 0xe0002 0xa977 0x0 0x0 0x0 0x0 0x0 0x0 0x9 0x2 0xe 0x0 oops 0 methods 0
ciMethodData com/android/tools/r8/graph/u1 b (Ljava/lang/String;)Lcom/android/tools/r8/graph/L2; 2 39665 orig 80 0 0 0 0 0 0 0 0 0 0 0 0 56 167 0 0 0 0 0 0 0 0 0 0 0 0 0 0 0 0 0 0 0 0 0 0 0 0 0 0 0 0 0 0 0 0 0 0 0 0 0 0 0 0 0 0 0 0 0 0 0 0 0 0 0 0 0 0 0 0 0 0 0 0 0 0 0 0 0 0 data 21 0x90002 0x99ff 0xc0002 0x9a72 0xf0004 0x0 0x0 0x1fc55715f50 0x99ed 0x0 0x0 0x0 0x0 0x0 0x0 0x0 0x0 0x9 0x2 0x0 0x0 oops 1 7 com/android/tools/r8/graph/L2 methods 0
ciMethod com/android/tools/r8/internal/MB b (I)Z 0 0 82984 0 -1
ciMethod com/android/tools/r8/internal/MB a (I)Z 514 0 194463 0 160
ciMethodData com/android/tools/r8/internal/MB a (I)Z 2 194463 orig 80 0 0 0 0 0 0 0 0 0 0 0 0 56 167 0 0 0 0 0 0 0 0 0 0 0 0 0 0 0 0 0 0 0 0 0 0 0 0 0 1 0 0 0 0 0 0 0 0 0 0 0 0 0 0 0 0 0 0 0 0 0 0 0 0 0 0 0 0 0 0 0 0 0 0 0 0 0 0 0 0 data 94 0x30007 0xdd5 0x40 0x2e4e3 0x90007 0x5800 0x298 0x2a3c4 0xf0007 0x3739 0x40 0x2979d 0x150007 0x28f4f 0x258 0x0 0x1b0007 0x116 0x40 0x366b 0x210007 0xcb8 0x218 0x2a4e 0x270007 0xff 0x1f8 0x2aeb 0x80000006002d0007 0x18 0x1d8 0x2ac4 0x330007 0x2ad5 0x1b8 0x0 0x3a0007 0x0 0x40 0x0 0x410007 0x0 0x178 0x0 0x480007 0x0 0x40 0x0 0x4f0007 0x0 0x138 0x0 0x560007 0x0 0x40 0x0 0x5c0007 0x0 0xf8 0x0 0x620007 0x0 0x40 0x0 0x680007 0x0 0xb8 0x0 0x6e0007 0x0 0x40 0x0 0x740007 0x0 0x78 0x0 0x7a0007 0x0 0x58 0x0 0x800007 0x0 0x38 0x0 0x830003 0x0 0x18 0x0 0x0 0x0 0x0 0x9 0x1 0x0 oops 0 methods 0
ciMethodData com/android/tools/r8/graph/E equals (Ljava/lang/Object;)Z 2 61832 orig 80 0 0 0 0 0 0 0 0 0 0 0 0 56 167 0 0 0 0 0 0 0 0 0 0 0 0 0 0 0 0 0 0 0 0 0 0 0 0 0 0 0 0 0 0 0 0 0 0 0 0 0 0 0 0 0 0 0 0 0 0 0 0 0 0 0 0 0 0 0 0 0 0 0 0 0 0 0 0 0 0 data 28 0x20007 0x5ea2 0x90 0x926f 0x70005 0x7b2 0x0 0x1fc55715f50 0x377c 0x1fc54acd2e0 0x53a3 0xa0007 0x57b 0x38 0x8cf3 0xd0003 0x8cfe 0x18 0x0 0x0 0x0 0x0 0x0 0x0 0x9 0x2 0x0 0x0 oops 2 7 com/android/tools/r8/graph/L2 9 com/android/tools/r8/graph/I2 methods 0
ciMethodData com/android/tools/r8/graph/J2 <init> ()V 2 62588 orig 80 0 0 0 0 0 0 0 0 0 0 0 0 56 167 0 0 0 0 0 0 0 0 0 0 0 0 0 0 0 0 0 0 0 0 0 0 0 0 0 0 0 0 0 0 0 0 0 0 0 0 0 0 0 0 0 0 0 0 0 0 0 0 0 0 0 0 0 0 0 0 0 0 0 0 0 0 0 0 0 0 data 7 0x10002 0xf3c7 0x0 0x0 0x9 0x1 0x6 oops 0 methods 0
ciMethodData com/android/tools/r8/graph/u1 d (Lcom/android/tools/r8/graph/L2;)Lcom/android/tools/r8/graph/M2; 2 139993 orig 80 0 0 0 0 0 0 0 0 0 0 0 0 56 167 0 0 0 0 0 0 0 0 0 0 0 0 0 0 0 0 0 0 0 0 0 0 0 0 0 0 0 0 0 0 0 0 0 0 0 0 0 0 0 0 0 0 0 0 0 0 0 0 0 0 0 0 0 0 0 0 0 0 0 0 0 0 0 0 0 0 data 130 0x50007 0x221c2 0x68 0x0 0x90007 0x0 0x38 0x0 0xc0003 0x0 0x28 0x130002 0x0 0x1c0005 0x0 0x0 0x1fc7b5e5600 0x221c2 0x0 0x0 0x1f0104 0x0 0x0 0x1fc54b11a10 0x20e8a 0x0 0x0 0x240007 0x20e8a 0x2e8 0x1338 0x2e0002 0x1338 0x310007 0x1338 0x1e0 0x0 0x350005 0x0 0x0 0x0 0x0 0x0 0x0 0x380007 0x0 0x188 0x0 0x3c0005 0x0 0x0 0x0 0x0 0x0 0x0 0x3f0007 0x0 0x130 0x0 0x430005 0x0 0x0 0x0 0x0 0x0 0x0 0x460007 0x0 0xd8 0x0 0x4a0005 0x0 0x0 0x0 0x0 0x0 0x0 0x4d0007 0x0 0x38 0x0 0x500003 0x0 0x60 0x580005 0x0 0x0 0x0 0x0 0x0 0x0 0x5b0002 0x0 0x600007 0x1338 0xa0 0x0 0x670005 0x0 0x0 0x0 0x0 0x0 0x0 0x6a0007 0x0 0x38 0x0 0x6d0003 0x0 0x28 0x740002 0x0 0x7f0005 0x0 0x0 0x1fc7b5e5600 0x1338 0x0 0x0 0x0 0x0 0x0 0x0 0x0 0x0 0x9 0x2 0x0 0x0 oops 3 16 java/util/concurrent/ConcurrentHashMap 23 com/android/tools/r8/graph/M2 116 java/util/concurrent/ConcurrentHashMap methods 0
ciMethodData com/android/tools/r8/graph/M2 <init> (Lcom/android/tools/r8/graph/L2;)V 2 5192 orig 80 0 0 0 0 0 0 0 0 0 0 0 0 56 167 0 0 0 0 0 0 0 0 0 0 0 0 0 0 0 0 0 0 0 0 0 0 0 0 0 0 0 0 0 0 0 0 0 0 0 0 0 0 0 0 0 0 0 0 0 0 0 0 0 0 0 0 0 0 0 0 0 0 0 0 0 0 0 0 0 0 data 52 0x20002 0x1388 0xc0007 0x1388 0x140 0x0 0x100005 0x0 0x0 0x0 0x0 0x0 0x0 0x160005 0x0 0x0 0x0 0x0 0x0 0x0 0x190007 0x0 0x38 0x0 0x1c0003 0x0 0x90 0x240005 0x0 0x0 0x0 0x0 0x0 0x0 0x27000a 0x0 0x3 0x0 0x0 0x0 0x2c0002 0x0 0x0 0x0 0x0 0x0 0x0 0x0 0x9 0x2 0xe 0x0 oops 0 methods 0
ciMethod com/android/tools/r8/graph/g h ()Z 750 0 20100 0 -1
ciMethod com/android/tools/r8/graph/g n ()Z 1024 0 109253 0 -1
ciMethod com/android/tools/r8/graph/g d (II)Z 752 0 233098 0 -1
ciMethod com/android/tools/r8/graph/k3 e (I)Lcom/android/tools/r8/graph/k3; 770 0 30195 0 -1
ciMethodData com/android/tools/r8/graph/L2 a ([B[C)I 2 47173 orig 80 0 0 0 0 0 0 0 0 0 0 0 0 56 167 0 0 0 0 0 0 0 0 0 0 0 0 0 0 0 0 0 0 0 0 0 0 0 0 0 0 0 0 0 0 0 0 0 0 0 0 0 0 0 0 0 0 0 0 0 0 0 0 0 0 0 0 0 0 0 0 0 0 0 0 0 0 0 0 0 0 data 59 0x180007 0xbdea 0x20 0x0 0x270007 0x0 0x58 0xbd99 0x310007 0xb236 0x20 0xc22 0x390003 0xb241 0xffffffffffffffa0 0x450007 0x0 0x70 0x0 0x600007 0x0 0x40 0x0 0x7c0007 0x0 0xffffffffffffff48 0x0 0x850002 0x0 0x920007 0x0 0x90 0x0 0xc00007 0x0 0x60 0x0 0xcc0007 0x0 0x40 0x0 0xf10007 0x0 0xfffffffffffffeb8 0x0 0xfc0002 0x0 0x1020002 0x0 0x0 0x0 0x0 0x0 0x0 0x0 0x9 0x2 0x0 0x0 oops 0 methods 0
ciMethodData com/android/tools/r8/graph/L2 a (I[B)Ljava/lang/String; 2 63594 orig 80 0 0 0 0 0 0 0 0 0 0 0 0 56 167 0 0 0 0 0 0 0 0 0 0 0 0 0 0 0 0 0 0 0 0 0 0 0 0 0 0 0 0 0 0 0 0 0 0 0 0 0 0 0 0 0 0 0 0 0 0 0 0 0 0 0 0 0 0 0 0 0 0 0 0 0 0 0 0 0 0 data 14 0x60002 0xf6da 0x110002 0xf864 0x0 0x0 0x0 0x0 0x0 0x0 0x9 0x2 0x0 0x0 oops 0 methods 0
ciMethodData com/android/tools/r8/graph/w2 <init> (Lcom/android/tools/r8/graph/L2;Lcom/android/tools/r8/graph/M2;)V 2 58893 orig 80 0 0 0 0 0 0 0 0 0 0 0 0 56 167 0 0 0 0 0 0 0 0 0 0 0 0 0 0 0 0 0 0 0 0 0 0 0 0 0 0 0 0 0 0 0 0 0 0 0 0 0 0 0 0 0 0 0 0 0 0 0 0 0 0 0 0 0 0 0 0 0 0 0 0 0 0 0 0 0 0 data 39 0x10002 0xe73b 0x90007 0xea09 0x68 0x0 0xd0007 0x0 0x38 0x0 0x100003 0x0 0x28 0x170002 0x0 0x210007 0xe9ea 0x68 0x0 0x250007 0x0 0x38 0x0 0x280003 0x0 0x28 0x2f0002 0x0 0x0 0x0 0x0 0x0 0x0 0x0 0x9 0x3 0xe 0x0 0x0 oops 0 methods 0
ciMethodData com/android/tools/r8/graph/u1 c (Lcom/android/tools/r8/graph/L2;)Lcom/android/tools/r8/graph/M2; 2 135735 orig 80 0 0 0 0 0 0 0 0 0 0 0 0 56 167 0 0 0 0 0 0 0 0 0 0 0 0 0 0 0 0 0 0 0 0 0 0 0 0 0 0 0 0 0 0 0 0 0 0 0 0 0 0 0 0 0 0 0 0 0 0 0 0 0 0 0 0 0 0 0 0 0 0 0 0 0 0 0 0 0 0 data 17 0x20005 0x21136 0x0 0x0 0x0 0x0 0x0 0x0 0x0 0x0 0x0 0x0 0x0 0x9 0x2 0x0 0x0 oops 0 methods 0
ciMethodData com/android/tools/r8/graph/O2 k0 ()Lcom/android/tools/r8/graph/O2; 2 11615 orig 80 0 0 0 0 0 0 0 0 0 0 0 0 56 167 0 0 0 0 0 0 0 0 0 0 0 0 0 0 0 0 0 0 0 0 0 0 0 0 0 0 0 0 0 0 0 0 0 0 0 0 0 0 0 0 0 0 0 0 0 0 0 0 0 0 0 0 0 0 0 0 0 0 0 0 0 0 0 0 0 0 data 4 0x0 0x0 0x9 0x0 oops 0 methods 0
ciMethodData com/android/tools/r8/graph/I2 <init> (Lcom/android/tools/r8/graph/M2;Lcom/android/tools/r8/graph/O2;)V 2 28692 orig 80 0 0 0 0 0 0 0 0 0 0 0 0 56 167 0 0 0 0 0 0 0 0 0 0 0 0 0 0 0 0 0 0 0 0 0 0 0 0 0 0 0 0 0 0 0 0 0 0 0 0 0 0 0 0 0 0 0 0 0 0 0 0 0 0 0 0 0 0 0 0 0 0 0 0 0 0 0 0 0 0 data 11 0x30002 0x6f16 0x0 0x0 0x0 0x0 0x9 0x3 0xe 0x0 0x0 oops 0 methods 0
ciMethodData com/android/tools/r8/graph/u1 a (Lcom/android/tools/r8/graph/M2;Lcom/android/tools/r8/graph/O2;)Lcom/android/tools/r8/graph/I2; 2 28686 orig 80 0 0 0 0 0 0 0 0 0 0 0 0 56 167 0 0 0 0 0 0 0 0 0 0 0 0 0 0 0 0 0 0 0 0 0 0 0 0 0 0 0 0 0 0 0 0 0 0 0 0 0 0 0 0 0 0 0 0 0 0 0 0 0 0 0 0 0 0 0 0 0 0 0 0 0 0 0 0 0 0 data 22 0x80002 0x6f0a 0xf0002 0x6f0e 0x120004 0x0 0x0 0x1fc54acd2e0 0x6eab 0x0 0x0 0x0 0x0 0x0 0x0 0x0 0x0 0x9 0x3 0x0 0x0 0x0 oops 1 7 com/android/tools/r8/graph/I2 methods 0
ciMethodData com/android/tools/r8/graph/O2 <init> ([Lcom/android/tools/r8/graph/M2;)V 2 20324 orig 80 0 0 0 0 0 0 0 0 0 0 0 0 56 167 0 0 0 0 0 0 0 0 0 0 0 0 0 0 0 0 0 0 0 0 0 0 0 0 0 0 0 0 0 0 0 0 0 0 0 0 0 0 0 0 0 0 0 0 0 0 0 0 0 0 0 0 0 0 0 0 0 0 0 0 0 0 0 0 0 0 data 29 0x10002 0x4ec7 0x70007 0x4ec3 0x88 0x0 0xb0007 0x0 0x58 0x0 0x100007 0x0 0x38 0x0 0x130003 0x0 0x28 0x1a0002 0x0 0x0 0x0 0x0 0x0 0x0 0x0 0x9 0x2 0x6 0x0 oops 0 methods 0
ciMethodData com/android/tools/r8/graph/L2 c (Ljava/lang/Object;)Z 2 14319 orig 80 0 0 0 0 0 0 0 0 0 0 0 0 56 167 0 0 0 0 0 0 0 0 0 0 0 0 0 0 0 0 0 0 0 0 0 0 0 0 0 0 0 0 0 0 0 0 0 0 0 0 0 0 0 0 0 0 0 0 0 0 0 0 0 0 0 0 0 0 0 0 0 0 0 0 0 0 0 0 0 0 data 38 0x10004 0x0 0x0 0x1fc55715f50 0x36e9 0x0 0x0 0x40007 0x0 0xa8 0x36e4 0x90004 0x0 0x0 0x1fc55715f50 0x36e1 0x0 0x0 0x140007 0x104 0x50 0x35dd 0x1f0002 0x35de 0x220007 0x10a 0x20 0x34d5 0x0 0x0 0x0 0x0 0x0 0x0 0x9 0x2 0x0 0x0 oops 2 3 com/android/tools/r8/graph/L2 14 com/android/tools/r8/graph/L2 methods 0
ciMethodData com/android/tools/r8/graph/u1 a (Lcom/android/tools/r8/graph/M2;Lcom/android/tools/r8/graph/I2;Lcom/android/tools/r8/graph/L2;)Lcom/android/tools/r8/graph/B2; 2 28921 orig 80 0 0 0 0 0 0 0 0 0 0 0 0 56 167 0 0 0 0 0 0 0 0 0 0 0 0 0 0 0 0 0 0 0 0 0 0 0 0 0 0 0 0 0 0 0 0 0 0 0 0 0 0 0 0 0 0 0 0 0 0 0 0 0 0 0 0 0 0 0 0 0 0 0 0 0 0 0 0 0 0 data 23 0x100002 0x7005 0x180002 0x7030 0x1b0004 0x0 0x0 0x1fc549dee30 0x7043 0x0 0x0 0x0 0x0 0x0 0x0 0x0 0x0 0x9 0x4 0x0 0x0 0x0 0x0 oops 1 7 com/android/tools/r8/graph/B2 methods 0
ciMethodData com/android/tools/r8/graph/B2 <init> (Lcom/android/tools/r8/graph/M2;Lcom/android/tools/r8/graph/I2;Lcom/android/tools/r8/graph/L2;Z)V 2 28939 orig 80 0 0 0 0 0 0 0 0 0 0 0 0 56 167 0 0 0 0 0 0 0 0 0 0 0 0 0 0 0 0 0 0 0 0 0 0 0 0 0 0 0 0 0 0 0 0 0 0 0 0 0 0 0 0 0 0 0 0 0 0 0 0 0 0 0 0 0 0 0 0 0 0 0 0 0 0 0 0 0 0 data 57 0x60002 0x700e 0xd0007 0x0 0x150 0x706d 0x130005 0x706f 0x0 0x0 0x0 0x0 0x0 0x1f0002 0x706e 0x220002 0x703d 0x260003 0x703e 0x18 0x2d0007 0x0 0x38 0x7045 0x300003 0x704b 0xa0 0x390005 0x0 0x0 0x0 0x0 0x0 0x0 0x3c000a 0x0 0x5 0x0 0x0 0x1 0x0 0x1fc7b5e2430 0x410002 0x0 0x0 0x0 0x0 0x0 0x0 0x0 0x9 0x5 0xe 0x0 0x0 0x0 0x0 oops 1 41 java/lang/String methods 0
ciMethodData com/android/tools/r8/internal/Gl G (Ljava/lang/String;)Z 2 136321 orig 80 1 0 0 0 0 0 0 0 0 0 0 0 56 167 0 0 0 0 0 0 0 0 0 0 0 0 0 0 0 0 0 0 0 0 0 0 0 0 0 0 0 0 0 0 0 0 0 0 0 0 0 0 0 0 0 0 0 0 0 0 0 0 0 0 0 0 0 0 0 0 0 0 0 0 0 0 0 0 0 0 data 91 0x10005 0x3125 0x0 0x0 0x0 0x0 0x0 0x40007 0x310f 0x20 0x0 0xb0005 0x3116 0x0 0x0 0x0 0x0 0x0 0x100007 0x271b 0xd0 0x9dd 0x170005 0x9dd 0x0 0x0 0x0 0x0 0x0 0x1a0007 0x6b6 0x78 0x329 0x210005 0x329 0x0 0x0 0x0 0x0 0x0 0x240007 0x0 0x20 0x329 0x2d0005 0x23312 0x0 0x0 0x0 0x0 0x0 0x300007 0x2743 0xf8 0x20f02 0x350005 0x210ed 0x0 0x0 0x0 0x0 0x0 0x3a0002 0x2118b 0x3d0007 0x20b6a 0x68 0x0 0x410002 0x0 0x440007 0x0 0x38 0x0 0x470003 0x0 0x18 0x4d0002 0x21065 0x530003 0x20e29 0xfffffffffffffee8 0x0 0x0 0x0 0x0 0x0 0x0 0x9 0x1 0x0 oops 0 methods 0
ciMethod com/android/tools/r8/internal/QJ c (Lcom/android/tools/r8/internal/B2;)Z 1042 0 104539 0 -1
ciMethod com/android/tools/r8/internal/QJ f0 ()Z 1028 0 121316 0 -1
ciMethod com/android/tools/r8/internal/QJ z ()Lcom/android/tools/r8/internal/B2; 532 0 127136 0 -1
ciMethod com/android/tools/r8/internal/QJ a (Lcom/android/tools/r8/graph/M2;Lcom/android/tools/r8/origin/Origin;Lcom/android/tools/r8/internal/Rb;)V 0 0 1 0 -1
ciMethod com/android/tools/r8/internal/QJ a (Lcom/android/tools/r8/graph/B2;Lcom/android/tools/r8/origin/Origin;II)V 0 0 1 0 -1
ciMethod com/android/tools/r8/internal/QJ h ()Z 0 0 1 0 -1
ciMethod com/android/tools/r8/internal/QJ k ()I 1028 0 60852 0 -1
ciMethod com/android/tools/r8/internal/Rb a (I)Lcom/android/tools/r8/internal/Rb; 934 0 3205 0 -1
ciMethod com/android/tools/r8/graph/Q a (Lcom/android/tools/r8/internal/Rb;Z)Z 4154 0 3209 0 -1
ciMethod com/android/tools/r8/graph/Q J ()Z 788 0 4805 0 -1
ciMethod com/android/tools/r8/graph/Q e (I)Lcom/android/tools/r8/graph/Q; 920 0 3195 0 -1
ciMethod com/android/tools/r8/graph/B a (Ljava/lang/String;)Ljava/lang/String; 0 0 1 0 -1
ciMethod com/android/tools/r8/graph/A a (Ljava/lang/String;)Ljava/lang/String; 804 0 123171 0 0
ciMethod com/android/tools/r8/graph/k4 a (Ljava/lang/String;)Lcom/android/tools/r8/internal/qu0; 1024 0 21713 0 -1
ciMethod com/android/tools/r8/graph/k4 b (Ljava/lang/String;)Lcom/android/tools/r8/internal/qu0; 0 0 1 0 -1
ciMethod com/android/tools/r8/graph/k4 d (Ljava/lang/String;)Lcom/android/tools/r8/graph/L2; 1048 0 194178 0 320
ciMethod com/android/tools/r8/graph/k4 f (Ljava/lang/String;)Lcom/android/tools/r8/graph/M2; 624 0 20422 0 0
ciMethod com/android/tools/r8/graph/k4 e (Ljava/lang/String;)Lcom/android/tools/r8/graph/M2; 808 0 120924 0 0
ciMethod com/android/tools/r8/graph/k4 a (Lcom/android/tools/r8/graph/M2;Ljava/lang/String;Ljava/lang/String;)Lcom/android/tools/r8/graph/B2; 1024 0 25730 0 0
ciMethod com/android/tools/r8/graph/k4 c (Ljava/lang/String;)Lcom/android/tools/r8/graph/I2; 1028 1130 25824 0 0
ciMethod com/android/tools/r8/graph/k4 a (Lcom/android/tools/r8/graph/E0;Lcom/android/tools/r8/graph/V;)V 4120 0 4069 0 -1
ciMethod com/android/tools/r8/internal/RJ a (I)Z 1024 0 60167 0 -1
ciMethod com/android/tools/r8/graph/r4 a (ILjava/lang/String;)Lcom/android/tools/r8/graph/O4; 1060 0 31173 0 -1
ciMethod com/android/tools/r8/graph/r4 a (Ljava/lang/String;ZLjava/util/List;Lcom/android/tools/r8/graph/k4;Ljava/util/function/BiFunction;)Lcom/android/tools/r8/graph/l4; 4156 0 15272 0 -1
ciMethod com/android/tools/r8/graph/r4 a (Ljava/lang/String;ZLjava/util/List;Lcom/android/tools/r8/graph/k4;ILcom/android/tools/r8/internal/qv0;)Lcom/android/tools/r8/graph/l4; 4158 0 5477 0 -1
ciMethod com/android/tools/r8/graph/r4 a (Ljava/util/List;Lcom/android/tools/r8/internal/QJ;)Lcom/android/tools/r8/graph/u0; 1040 0 46670 0 -1
ciMethod com/android/tools/r8/graph/r0 <init> (ILcom/android/tools/r8/graph/e1;)V 2500 0 1638 0 0
ciMethod com/android/tools/r8/graph/r0 a ([Lcom/android/tools/r8/graph/R2;[Lcom/android/tools/r8/graph/R2;Lcom/android/tools/r8/graph/u1;)Lcom/android/tools/r8/graph/r0; 4654 0 680 0 -1
ciMethod com/android/tools/r8/graph/r0 a (Lcom/android/tools/r8/graph/M2;Lcom/android/tools/r8/graph/u1;Lcom/android/tools/r8/graph/R2;)Lcom/android/tools/r8/graph/r0; 4208 0 476 0 -1
ciMethod com/android/tools/r8/graph/r0 a (Lcom/android/tools/r8/internal/QJ;Lcom/android/tools/r8/graph/M2;)Z 4282 0 24563 0 -1
ciMethod com/android/tools/r8/graph/m4 a (ILjava/lang/String;Ljava/lang/String;Ljava/lang/String;)V 250 0 7990 0 -1
ciMethod com/android/tools/r8/graph/m4 a (Ljava/lang/String;Ljava/lang/String;Ljava/lang/String;)V 3770 0 375 0 0
ciMethod com/android/tools/r8/graph/m4 a (Ljava/lang/String;)V 0 0 1 0 0
ciMethod com/android/tools/r8/graph/m4 b (Ljava/lang/String;)V 0 0 1 0 -1
ciMethod com/android/tools/r8/graph/m4 a (IILjava/lang/String;Ljava/lang/String;Ljava/lang/String;[Ljava/lang/String;)V 420 552 3206 0 -1
ciMethod com/android/tools/r8/graph/m4 a (Ljava/lang/String;Ljava/lang/String;)V 420 0 3207 0 0
ciMethod com/android/tools/r8/graph/m4 a (ILjava/lang/String;Ljava/lang/String;Ljava/lang/String;Ljava/lang/Object;)Lcom/android/tools/r8/internal/hx; 782 0 30404 0 -1
ciMethod com/android/tools/r8/graph/m4 a (ILjava/lang/String;Ljava/lang/String;Ljava/lang/String;[Ljava/lang/String;)Lcom/android/tools/r8/internal/rY; 1026 0 31160 0 -1
ciMethod com/android/tools/r8/graph/m4 a (Ljava/lang/String;Z)Lcom/android/tools/r8/internal/Q2; 4104 0 2315 0 -1
ciMethod com/android/tools/r8/graph/m4 a ()V 464 0 4061 0 -1
ciMethod com/android/tools/r8/graph/m4 a (Lcom/android/tools/r8/graph/V;)Lcom/android/tools/r8/graph/H2$a; 4122 0 4067 0 -1
ciMethod com/android/tools/r8/graph/m4 d (Ljava/lang/String;)V 1024 0 55309 0 -1
ciMethod com/android/tools/r8/graph/U a (Lcom/android/tools/r8/graph/M2;Lcom/android/tools/r8/ProgramResource$Kind;Lcom/android/tools/r8/origin/Origin;Lcom/android/tools/r8/graph/Q;Lcom/android/tools/r8/graph/M2;Lcom/android/tools/r8/graph/O2;Lcom/android/tools/r8/graph/L2;Lcom/android/tools/r8/graph/r5;Ljava/util/List;Ljava/util/List;Ljava/util/List;Lcom/android/tools/r8/graph/i3;Ljava/util/List;Lcom/android/tools/r8/graph/G3$b;Lcom/android/tools/r8/graph/u0;[Lcom/android/tools/r8/graph/g1;[Lcom/android/tools/r8/graph/g1;[Lcom/android/tools/r8/graph/j1;[Lcom/android/tools/r8/graph/j1;ZLcom/android/tools/r8/graph/H2$a;Lcom/android/tools/r8/synthesis/K;Lcom/android/tools/r8/internal/Ac0;)Lcom/android/tools/r8/graph/E0; 0 0 1 0 -1
ciMethod com/android/tools/r8/graph/r5 <init> (Lcom/android/tools/r8/graph/M2;)V 2 0 1 0 -1
ciMethod com/android/tools/r8/graph/i3 <init> (Lcom/android/tools/r8/graph/M2;)V 138 0 70 0 0
ciMethod com/android/tools/r8/graph/i3 <init> (Lcom/android/tools/r8/graph/B2;)V 374 0 190 0 0
ciMethod com/android/tools/r8/internal/de a (Lcom/android/tools/r8/internal/ji;I)I 4208 0 4730 0 -1
ciMethod com/android/tools/r8/internal/de a (Lcom/android/tools/r8/internal/rY;Lcom/android/tools/r8/internal/ji;IZ)V 4152 13848 3041 0 -1
ciMethod com/android/tools/r8/internal/de a (Lcom/android/tools/r8/internal/Q2;IZ[C)I 4170 6300 19269 0 -1
ciMethod com/android/tools/r8/internal/de a (I[C)Ljava/lang/Object; 482 0 25484 0 -1
ciMethod com/android/tools/r8/graph/O4 J ()Z 1044 0 30669 0 -1
ciMethod com/android/tools/r8/graph/O4 H ()Z 1046 0 31758 0 -1
ciMethod com/android/tools/r8/internal/de a (Lcom/android/tools/r8/internal/rY;Lcom/android/tools/r8/internal/ji;I)V 0 0 1 0 -1
ciMethod com/android/tools/r8/internal/de a (Lcom/android/tools/r8/internal/Q2;ILjava/lang/String;[C)I 4532 328 22549 0 -1
ciMethod com/android/tools/r8/internal/de a ([Lcom/android/tools/r8/internal/M4;Ljava/lang/String;II[CI[Lcom/android/tools/r8/internal/DR;)Lcom/android/tools/r8/internal/M4; 0 0 1 0 -1
ciMethod com/android/tools/r8/internal/de a (Lcom/android/tools/r8/internal/oe;[Lcom/android/tools/r8/internal/M4;I)V 384 8426 3109 0 -1
ciMethod com/android/tools/r8/internal/de a ()I 360 6758 3194 0 0
ciMethod com/android/tools/r8/internal/de d (I)I 978 0 508490 0 160
ciMethod com/android/tools/r8/internal/de a (I)I 1024 0 157147 0 0
ciMethod com/android/tools/r8/internal/de b (I)J 0 0 56 0 -1
ciMethod com/android/tools/r8/internal/de b (I[C)Ljava/lang/String; 680 0 177578 0 3648
ciMethod com/android/tools/r8/internal/de a (I[Lcom/android/tools/r8/internal/DR;)Lcom/android/tools/r8/internal/DR; 0 0 1 0 -1
ciMethod com/android/tools/r8/internal/de a ([CII)Ljava/lang/String; 412 8192 20065 0 2752
ciMethodData com/android/tools/r8/internal/de d (I)I 2 511598 orig 80 0 0 0 0 0 0 0 0 0 0 0 0 56 167 0 0 0 0 0 0 0 0 0 0 0 0 0 0 0 0 0 0 0 0 0 0 0 0 0 0 0 0 0 0 0 0 0 0 0 0 0 0 0 0 0 0 0 0 0 0 0 0 0 0 0 0 0 0 0 0 0 0 0 0 0 0 0 0 0 0 data 8 0x0 0x0 0x0 0x0 0x9 0x2 0x0 0x0 oops 0 methods 0
ciMethod com/android/tools/r8/internal/Zc0 a (Ljava/lang/String;Z)Lcom/android/tools/r8/internal/Q2; 0 0 1 0 -1
ciMethod com/android/tools/r8/internal/Zc0 a (ILcom/android/tools/r8/internal/qv0;Ljava/lang/String;Z)Lcom/android/tools/r8/internal/Q2; 0 0 1 0 -1
ciMethod com/android/tools/r8/internal/Zc0 a (Lcom/android/tools/r8/internal/M4;)V 0 0 1 0 -1
ciMethod com/android/tools/r8/internal/Zc0 a ()V 0 0 1 0 -1
ciMethod com/android/tools/r8/internal/r60 <init> (Ljava/lang/String;)V 0 0 1 0 -1
ciMethod com/android/tools/r8/internal/Q2 <init> (Lcom/android/tools/r8/internal/Q2;)V 1032 0 4446 0 -1
ciMethod com/android/tools/r8/internal/Q2 a (Ljava/lang/Object;Ljava/lang/String;)V 0 0 1 0 -1
ciMethod com/android/tools/r8/internal/Q2 a (Ljava/lang/String;Ljava/lang/String;Ljava/lang/String;)V 0 0 1 0 -1
ciMethod com/android/tools/r8/internal/Q2 a (Ljava/lang/String;Ljava/lang/String;)Lcom/android/tools/r8/internal/Q2; 0 0 1 0 -1
ciMethod com/android/tools/r8/internal/Q2 a (Ljava/lang/String;)Lcom/android/tools/r8/internal/Q2; 0 0 1 0 -1
ciMethod com/android/tools/r8/internal/Q2 a ()V 0 0 1 0 -1
ciMethod com/android/tools/r8/graph/l4 <init> (Lcom/android/tools/r8/graph/k4;Ljava/util/function/BiConsumer;)V 4136 0 4405 0 -1
ciMethod com/android/tools/r8/graph/l4 a ()V 1248 0 4122 0 -1
ciMethod com/android/tools/r8/internal/rY a ()Lcom/android/tools/r8/internal/Q2; 0 0 1 0 -1
ciMethod com/android/tools/r8/internal/rY a (Ljava/lang/String;Z)Lcom/android/tools/r8/internal/Q2; 0 0 1 0 -1
ciMethod com/android/tools/r8/internal/rY c (ILcom/android/tools/r8/internal/qv0;Ljava/lang/String;Z)Lcom/android/tools/r8/internal/Q2; 0 0 1 0 -1
ciMethod com/android/tools/r8/internal/rY a (IZ)V 0 0 1 0 -1
ciMethod com/android/tools/r8/internal/rY a (ILjava/lang/String;Z)Lcom/android/tools/r8/internal/Q2; 0 0 1 0 -1
ciMethod com/android/tools/r8/internal/rY a (Lcom/android/tools/r8/internal/M4;)V 0 0 1 0 -1
ciMethod com/android/tools/r8/internal/rY b ()V 0 0 1 0 -1
ciMethod com/android/tools/r8/internal/rY c ()V 0 0 1 0 -1
ciMethod com/android/tools/r8/internal/rY b (ILjava/lang/String;)V 4646 0 425 0 -1
ciMethod com/android/tools/r8/graph/o4 <init> (ILjava/lang/String;Ljava/lang/String;Ljava/lang/String;[Ljava/lang/String;Lcom/android/tools/r8/graph/m4;)V 1024 0 30907 0 -1
ciMethod com/android/tools/r8/graph/o4 a (Ljava/lang/String;Z)Lcom/android/tools/r8/internal/Q2; 4110 0 5432 0 -1
ciMethod com/android/tools/r8/graph/o4 a ()Lcom/android/tools/r8/internal/Q2; 0 0 55 0 -1
ciMethod com/android/tools/r8/graph/o4 a (IZ)V 4122 0 9042 0 -1
ciMethod com/android/tools/r8/graph/o4 a (ILjava/lang/String;Z)Lcom/android/tools/r8/internal/Q2; 4238 4946 13289 0 -1
ciMethod com/android/tools/r8/graph/o4 c (ILcom/android/tools/r8/internal/qv0;Ljava/lang/String;Z)Lcom/android/tools/r8/internal/Q2; 4108 0 5318 0 -1
ciMethod com/android/tools/r8/graph/o4 b (ILjava/lang/String;)V 5718 0 1030 0 -1
ciMethod com/android/tools/r8/graph/o4 c ()V 1028 1130 31911 0 -1
ciMethod com/android/tools/r8/internal/hx <init> (ILcom/android/tools/r8/internal/hx;)V 790 0 38154 0 -1
ciMethod com/android/tools/r8/internal/hx a (Ljava/lang/String;Z)Lcom/android/tools/r8/internal/Q2; 0 0 1 0 -1
ciMethod com/android/tools/r8/internal/hx a (ILcom/android/tools/r8/internal/qv0;Ljava/lang/String;Z)Lcom/android/tools/r8/internal/Q2; 0 0 1 0 -1
ciMethod com/android/tools/r8/internal/hx a (Lcom/android/tools/r8/internal/M4;)V 0 0 1 0 -1
ciMethod com/android/tools/r8/internal/hx a ()V 0 0 1 0 -1
ciMethod com/android/tools/r8/graph/n4 <init> (Lcom/android/tools/r8/graph/m4;ILjava/lang/String;Ljava/lang/String;Ljava/lang/String;Ljava/lang/Object;)V 784 0 30056 0 -1
ciMethod com/android/tools/r8/graph/n4 a (Ljava/lang/String;Z)Lcom/android/tools/r8/internal/Q2; 4296 0 1321 0 -1
ciMethod com/android/tools/r8/graph/n4 a (ILcom/android/tools/r8/internal/qv0;Ljava/lang/String;Z)Lcom/android/tools/r8/internal/Q2; 0 0 161 0 -1
ciMethod com/android/tools/r8/graph/n4 a ()V 948 0 30364 0 -1
ciMethod com/android/tools/r8/graph/n4 a (Lcom/android/tools/r8/graph/M2;Ljava/lang/Object;)Lcom/android/tools/r8/graph/R2; 490 0 23248 0 -1
ciMethod com/android/tools/r8/graph/R2 <init> ()V 1024 0 36547 0 0
ciMethod com/android/tools/r8/graph/R2$k <init> (Lcom/android/tools/r8/graph/L2;)V 6202 0 15189 0 0
ciMethod com/android/tools/r8/graph/R2$m <init> (Lcom/android/tools/r8/graph/g4;)V 1786 0 15263 0 0
ciMethod com/android/tools/r8/graph/R2$a <init> (Lcom/android/tools/r8/graph/e1;)V 692 0 51 0 -1
ciMethod com/android/tools/r8/graph/G3 a (Ljava/lang/String;Ljava/lang/String;Lcom/android/tools/r8/origin/Origin;Lcom/android/tools/r8/graph/u1;Lcom/android/tools/r8/DiagnosticsHandler;)Lcom/android/tools/r8/graph/G3$b; 4124 0 3210 0 -1
ciMethod com/android/tools/r8/graph/G3 b (Ljava/lang/String;Ljava/lang/String;Lcom/android/tools/r8/origin/Origin;Lcom/android/tools/r8/graph/u1;Lcom/android/tools/r8/DiagnosticsHandler;)Lcom/android/tools/r8/graph/G3$e; 788 0 38351 0 -1
ciMethod com/android/tools/r8/internal/ji <init> ()V 384 0 3116 0 0
ciMethod com/android/tools/r8/internal/qu0 b ()Ljava/lang/String; 1024 0 21719 0 -1
ciMethod com/android/tools/r8/internal/qu0 d (Ljava/lang/String;)Lcom/android/tools/r8/internal/qu0; 828 0 7979 0 -1
ciMethod com/android/tools/r8/internal/qu0 a (Ljava/lang/String;II)Lcom/android/tools/r8/internal/qu0; 2 0 2 0 -1
ciMethod com/android/tools/r8/internal/qu0 <init> (IIILjava/lang/String;)V 884 0 7996 0 -1
ciMethod com/android/tools/r8/graph/k4$$Lambda$181+0x000001fc10104000 <init> (Lcom/android/tools/r8/graph/u1;)V 1052 0 195669 0 0
ciMethod com/android/tools/r8/graph/h4 <init> (ILcom/android/tools/r8/graph/M2;Lcom/android/tools/r8/graph/M2;Lcom/android/tools/r8/graph/L2;)V 768 0 7995 0 -1
ciMethod com/android/tools/r8/graph/h4 e ()Z 0 0 1 0 -1
ciMethod com/android/tools/r8/graph/h4 a ()I 0 0 1 0 -1
ciMethod com/android/tools/r8/graph/h4 b ()Lcom/android/tools/r8/graph/M2; 364 0 182 0 -1
ciMethod com/android/tools/r8/graph/h4 d ()Lcom/android/tools/r8/graph/M2; 476 0 238 0 -1
ciMethod com/android/tools/r8/graph/h4 c ()Lcom/android/tools/r8/graph/L2; 0 0 1 0 -1
ciMethod com/android/tools/r8/graph/R2$h j (I)Lcom/android/tools/r8/graph/R2$h; 1028 0 22412 0 -1
ciMethod com/android/tools/r8/internal/ld0 a (Lcom/android/tools/r8/graph/u1;Lcom/android/tools/r8/graph/M2;)Z 974 0 126779 0 -1
ciMethod com/android/tools/r8/internal/rv <init> (Lcom/android/tools/r8/internal/sv;Ljava/lang/Object;)V 1024 0 60090 0 -1
ciMethod com/android/tools/r8/graph/g1$a <init> (Z)V 872 0 29757 0 -1
ciMethod com/android/tools/r8/graph/g1$a a (Lcom/android/tools/r8/graph/l1;)Lcom/android/tools/r8/graph/g1$a; 824 0 30073 0 -1
ciMethod com/android/tools/r8/graph/g1$a c ()Lcom/android/tools/r8/graph/g1$a; 842 0 30047 0 -1
ciMethod com/android/tools/r8/graph/g1$a a ()Lcom/android/tools/r8/graph/g1; 888 0 30023 0 -1
ciMethodData com/android/tools/r8/internal/de a ([CII)Ljava/lang/String; 2 559242 orig 80 2 0 0 0 1 0 0 0 0 0 0 0 56 167 0 0 0 0 0 0 0 0 0 0 0 0 0 0 0 0 0 0 0 0 0 0 0 0 0 12 0 0 0 0 0 0 0 0 0 0 0 0 0 0 0 0 0 0 0 0 0 0 0 0 0 0 0 0 0 0 0 0 0 0 0 0 0 0 0 0 data 33 0xe0007 0x4da4 0xa8 0x8558c 0x8000000600210007 0x141b 0x38 0x846db 0x360003 0x86ce3 0xffffffffffffffc0 0x8000000600420007 0x7ad 0x38 0xc71 0x600003 0xc71 0xffffffffffffff88 0x8f0003 0x7ad 0xffffffffffffff70 0x990002 0x4db2 0x0 0x0 0x0 0x0 0x9 0x4 0x0 0x0 0x0 0x0 oops 0 methods 0
ciMethod com/android/tools/r8/graph/x4 <init> (Lcom/android/tools/r8/origin/Origin;Lcom/android/tools/r8/graph/q4;Lcom/android/tools/r8/graph/k4;)V 952 0 29355 0 -1
ciMethod com/android/tools/r8/graph/C5 a ([Lcom/android/tools/r8/graph/u0;I)Lcom/android/tools/r8/graph/C5; 4140 7644 4636 0 -1
ciMethod com/android/tools/r8/graph/j1$a a (Lcom/android/tools/r8/graph/O4;)Lcom/android/tools/r8/graph/j1$a; 1024 0 31883 0 -1
ciMethod com/android/tools/r8/graph/j1$a a (Lcom/android/tools/r8/graph/B2;)Lcom/android/tools/r8/graph/j1$a; 1122 0 31888 0 -1
ciMethod com/android/tools/r8/graph/j1$a a (Lcom/android/tools/r8/graph/i0;)Lcom/android/tools/r8/graph/j1$a; 1026 0 31912 0 -1
ciMethod com/android/tools/r8/graph/j1$a b ()Lcom/android/tools/r8/graph/j1$a; 1024 0 31860 0 -1
ciMethod com/android/tools/r8/graph/j1$a a ()Lcom/android/tools/r8/graph/j1; 1024 0 31843 0 -1
ciMethodData com/android/tools/r8/internal/de b (I[C)Ljava/lang/String; 2 177578 orig 80 1 0 0 0 0 0 0 0 0 0 0 0 56 167 0 0 0 0 0 0 0 0 0 0 0 0 0 0 0 0 0 0 0 0 0 0 0 0 0 0 0 0 0 0 0 0 0 0 0 0 0 0 0 0 0 0 0 0 0 0 0 0 0 0 0 0 0 0 0 0 0 0 0 0 0 0 0 0 0 0 data 54 0x30005 0x2b6fb 0x0 0x0 0x0 0x0 0x0 0x70007 0x1a1 0x120 0x2afb6 0xb0007 0x2af1d 0x38 0x294 0xe0003 0x294 0xe0 0x1c0007 0x15eac 0x20 0x15849 0x2f0005 0x16010 0x0 0x0 0x0 0x0 0x0 0x340005 0x16001 0x0 0x0 0x0 0x0 0x0 0x3c0004 0x0 0x0 0x1fc7b5e2430 0x15e11 0x0 0x0 0x0 0x0 0x0 0x0 0x0 0x0 0x9 0x3 0xffffffffffffffff 0x0 0xffffffffffffffff oops 1 39 java/lang/String methods 0
ciMethodData com/android/tools/r8/graph/k4 d (Ljava/lang/String;)Lcom/android/tools/r8/graph/L2; 2 194178 orig 80 0 0 0 0 0 0 0 0 0 0 0 0 56 167 0 0 0 0 0 0 0 0 0 0 0 0 0 0 0 0 0 0 0 0 0 0 0 0 0 0 0 0 0 0 0 0 0 0 0 0 0 0 0 0 0 0 0 0 0 0 0 0 0 0 0 0 0 0 0 0 0 0 0 0 0 0 0 0 0 0 data 32 0xd0002 0x2f68f 0x11000a 0x2f2cd 0x3 0x0 0x1fc54b14b30 0x1fc5571bc40 0x160005 0x0 0x0 0x1fc7b5e5600 0x2eef6 0x0 0x0 0x190004 0x0 0x0 0x1fc55715f50 0x2f1b5 0x0 0x0 0x0 0x0 0x0 0x0 0x0 0x0 0x9 0x2 0x0 0xffffffffffffffff oops 4 6 com/android/tools/r8/graph/u1 7 com/android/tools/r8/graph/k4$$Lambda$181+0x000001fc10104000 11 java/util/concurrent/ConcurrentHashMap 18 com/android/tools/r8/graph/L2 methods 0
ciMethodData com/android/tools/r8/graph/k4$$Lambda$181+0x000001fc10104000 <init> (Lcom/android/tools/r8/graph/u1;)V 2 195840 orig 80 0 0 0 0 0 0 0 0 0 0 0 0 56 167 0 0 0 0 0 0 0 0 0 0 0 0 0 0 0 0 0 0 0 0 0 0 0 0 0 0 0 0 0 0 0 0 0 0 0 0 0 0 0 0 0 0 0 0 0 0 0 0 0 0 0 0 0 0 0 0 0 0 0 0 0 0 0 0 0 0 data 10 0x10002 0x2fc60 0x0 0x0 0x0 0x0 0x9 0x2 0x6 0x0 oops 0 methods 0
ciMethodData com/android/tools/r8/graph/k4 e (Ljava/lang/String;)Lcom/android/tools/r8/graph/M2; 2 123569 orig 80 0 0 0 0 0 0 0 0 0 0 0 0 56 167 0 0 0 0 0 0 0 0 0 0 0 0 0 0 0 0 0 0 0 0 0 0 0 0 0 0 0 0 0 0 0 0 0 0 0 0 0 0 0 0 0 0 0 0 0 0 0 0 0 0 0 0 0 0 0 0 0 0 0 0 0 0 0 0 0 0 data 65 0x30007 0x1e1e0 0x110 0x0 0x80005 0x0 0x0 0x0 0x0 0x0 0x0 0xb0005 0x0 0x0 0x0 0x0 0x0 0x0 0xf0005 0x0 0x0 0x0 0x0 0x0 0x0 0x120007 0x0 0x38 0x0 0x150003 0x0 0x28 0x1c0002 0x0 0x260005 0x2 0x0 0x1fc54706f50 0x1e140 0x1fc54706f50 0x1 0x320005 0x1e2a9 0x0 0x0 0x0 0x0 0x0 0x350005 0x0 0x0 0x1fc54b14b30 0x1e355 0x0 0x0 0x0 0x0 0x0 0x0 0x0 0x0 0x9 0x2 0x0 0xffffffffffffffff oops 3 37 com/android/tools/r8/graph/A 39 com/android/tools/r8/graph/A 51 com/android/tools/r8/graph/u1 methods 0
ciMethodData com/android/tools/r8/graph/A a (Ljava/lang/String;)Ljava/lang/String; 2 123240 orig 80 0 0 0 0 0 0 0 0 0 0 0 0 56 167 0 0 0 0 0 0 0 0 0 0 0 0 0 0 0 0 0 0 0 0 0 0 0 0 0 0 0 0 0 0 0 0 0 0 0 0 0 0 0 0 0 0 0 0 0 0 0 0 0 0 0 0 0 0 0 0 0 0 0 0 0 0 0 0 0 0 data 21 0x30005 0x1e0e7 0x0 0x0 0x0 0x0 0x0 0x60007 0x1e350 0x20 0x0 0x0 0x0 0x0 0x0 0x0 0x0 0x9 0x2 0x0 0x0 oops 0 methods 0
ciMethodData com/android/tools/r8/graph/L2 a (Lcom/android/tools/r8/internal/B2;Ljava/lang/String;)Z 2 83119 orig 80 0 0 0 0 0 0 0 0 0 0 0 0 56 167 0 0 0 0 0 0 0 0 0 0 0 0 0 0 0 0 0 0 0 0 0 0 0 0 0 0 0 0 0 0 0 0 0 0 0 0 0 0 0 0 0 0 0 0 0 0 0 0 0 0 0 0 0 0 0 0 0 0 0 0 0 0 0 0 0 0 data 50 0x40005 0x0 0x0 0x1fc560964f0 0x125f 0x0 0x0 0x90007 0x0 0x108 0x124a 0x100005 0x1495e 0x0 0x0 0x0 0x0 0x0 0x130007 0x1252 0xb0 0x13660 0x180005 0x13c67 0x0 0x0 0x0 0x0 0x0 0x1d0002 0x13baa 0x200007 0x13415 0x20 0x0 0x260002 0x138eb 0x2c0003 0x137e3 0xffffffffffffff30 0x0 0x0 0x0 0x0 0x0 0x0 0x9 0x2 0xffffffffffffffff 0x0 oops 1 3 com/android/tools/r8/internal/B2 methods 0
ciMethodData com/android/tools/r8/internal/de a (I)I 2 159969 orig 80 0 0 0 0 0 0 0 0 0 0 0 0 56 167 0 0 0 0 0 0 0 0 0 0 0 0 0 0 0 0 0 0 0 0 0 0 0 0 0 0 0 0 0 0 0 0 0 0 0 0 0 0 0 0 0 0 0 0 0 0 0 0 0 0 0 0 0 0 0 0 0 0 0 0 0 0 0 0 0 0 data 8 0x0 0x0 0x0 0x0 0x9 0x2 0x0 0x0 oops 0 methods 0
ciMethodData com/android/tools/r8/internal/Gl e (Ljava/lang/String;)[Ljava/lang/String; 2 291290 orig 80 1 0 0 0 0 0 0 0 0 0 0 0 56 167 0 0 0 0 0 0 0 0 0 0 0 0 0 0 0 0 0 0 0 0 0 0 0 0 0 1 0 0 0 0 0 0 0 0 0 0 0 0 0 0 0 0 0 0 0 0 0 0 0 0 0 0 0 0 0 0 0 0 0 0 0 0 0 0 0 0 data 151 0x10002 0x3f21 0xe0005 0x8811 0x0 0x0 0x0 0x0 0x0 0x160007 0x3f49 0x428 0x4896 0x80000006001b0008 0x18 0x0 0xd0 0xa 0x3a8 0xf 0x3a8 0x9d 0x3a8 0x3e9 0x3a8 0x1067 0x3a8 0x248 0x3a8 0x2cef 0x2b0 0x8 0x3a8 0x0 0x2a0 0x220 0x3a8 0x2b2 0xe0 0x810002 0x0 0x900005 0x2c2 0x0 0x0 0x0 0x0 0x0 0x950007 0x2b4 0x38 0x10 0x980003 0x10 0xffffffffffffffa8 0x9e0005 0x2b4 0x0 0x0 0x0 0x0 0x0 0xa30007 0x194 0x90 0x120 0xae0005 0x1bf5 0x0 0x0 0x0 0x0 0x0 0xb30007 0x120 0x38 0x1ada 0xb60003 0x1ad8 0xffffffffffffffa8 0xc60005 0x2b4 0x0 0x0 0x0 0x0 0x0 0xcb0004 0x0 0x0 0x1fc7b5e2430 0x2b4 0x0 0x0 0xd20003 0x2b4 0x168 0xda0002 0x0 0xe90005 0x44007 0x0 0x0 0x0 0x0 0x0 0xee0007 0x2ced 0x38 0x411f3 0xf50003 0x41772 0xffffffffffffffa8 0x1050005 0x2cf1 0x0 0x0 0x0 0x0 0x0 0x10a0004 0x0 0x0 0x1fc7b5e2430 0x2d17 0x0 0x0 0x1110003 0x2d16 0x60 0x11c0002 0x1963 0x1210004 0x0 0x0 0x1fc7b5e2430 0x196b 0x0 0x0 0x1280003 0x491b 0xfffffffffffffbb8 0x0 0x0 0x0 0x0 0x0 0x0 0x9 0x1 0x0 oops 3 90 java/lang/String 123 java/lang/String 135 java/lang/String methods 0
ciMethodData com/android/tools/r8/graph/m4 d (Ljava/lang/String;)V 2 91860 orig 80 0 0 0 0 0 0 0 0 0 0 0 0 56 167 0 0 0 0 0 0 0 0 0 0 0 0 0 0 0 0 0 0 0 0 0 0 0 0 0 0 0 0 0 0 0 0 0 0 0 0 0 0 0 0 0 0 0 0 0 0 0 0 0 0 0 0 0 0 0 0 0 0 0 0 0 0 0 0 0 0 data 49 0xf0007 0x0 0x138 0x16427 0x160005 0x16475 0x0 0x0 0x0 0x0 0x0 0x190007 0x161de 0x38 0x0 0x1c0003 0x0 0xc0 0x260005 0x16230 0x0 0x0 0x0 0x0 0x0 0x2a0002 0x1622d 0x2d0007 0x0 0x20 0x1637b 0x36000a 0x0 0x3 0x0 0x0 0x1fc7b5e2430 0x3b0002 0x0 0x0 0x0 0x0 0x0 0x0 0x0 0x9 0x2 0x0 0x0 oops 1 36 java/lang/String methods 0
ciMethodData com/android/tools/r8/graph/m4 a (ILjava/lang/String;Ljava/lang/String;Ljava/lang/String;[Ljava/lang/String;)Lcom/android/tools/r8/internal/rY; 2 47907 orig 80 0 0 0 0 0 0 0 0 0 0 0 0 56 167 0 0 0 0 0 0 0 0 0 0 0 0 0 0 0 0 0 0 0 0 0 0 0 0 0 0 0 0 0 0 0 0 0 0 0 0 0 0 0 0 0 0 0 0 0 0 0 0 0 0 0 0 0 0 0 0 0 0 0 0 0 0 0 0 0 0 data 57 0x70007 0xb8ea 0x110 0x0 0xc0002 0x0 0x120005 0x0 0x0 0x0 0x0 0x0 0x0 0x150007 0x0 0x50 0x0 0x200002 0x0 0x230007 0x0 0x78 0x0 0x280005 0x0 0x0 0x0 0x0 0x0 0x0 0x2b0007 0x0 0x20 0x0 0x320005 0xb904 0x0 0x0 0x0 0x0 0x0 0x410002 0xb6a6 0x0 0x0 0x0 0x0 0x0 0x0 0x9 0x6 0xffffffffffffffff 0x0 0xffffffffffffffff 0xffffffffffffffff 0xffffffffffffffff 0xffffffffffffffff oops 0 methods 0
ciMethodData com/android/tools/r8/graph/o4 <init> (ILjava/lang/String;Ljava/lang/String;Ljava/lang/String;[Ljava/lang/String;Lcom/android/tools/r8/graph/m4;)V 2 47415 orig 80 0 0 0 0 0 0 0 0 0 0 0 0 56 167 0 0 0 0 0 0 0 0 0 0 0 0 0 0 0 0 0 0 0 0 0 0 0 0 0 0 0 0 0 0 0 0 0 0 0 0 0 0 0 0 0 0 0 0 0 0 0 0 0 0 0 0 0 0 0 0 0 0 0 0 0 0 0 0 0 0 data 103 0x160002 0xb742 0x480005 0xb848 0x0 0x0 0x0 0x0 0x0 0x4e0002 0xb95a 0x590007 0xb4d3 0x38 0x39f 0x5e0003 0x39f 0x18 0x6c0002 0xb875 0x720007 0xb6ed 0x180 0x20f 0x780007 0x0 0x160 0x20e 0x880007 0x20f 0xb8 0x274 0x9c0005 0x274 0x0 0x0 0x0 0x0 0x0 0x9f0002 0x274 0xa40004 0x0 0x0 0x1fc561f5ec0 0x274 0x0 0x0 0xa80003 0x274 0xffffffffffffff60 0xc70002 0x20f 0xcb0002 0x20f 0xd20007 0x0 0x30 0x20f 0xdb0002 0x20f 0xe70005 0x0 0x0 0x1fc7b5e5740 0x20f 0x0 0x0 0xf90005 0xb938 0x0 0x0 0x0 0x0 0x0 0x1130002 0xb94f 0x0 0x0 0x0 0x0 0x0 0x0 0x0 0x0 0x0 0x0 0x0 0x0 0x0 0x0 0x0 0x0 0x0 0x9 0x7 0x0 0x0 0x0 0x0 0x0 0x0 0x0 oops 2 44 com/android/tools/r8/graph/R2$l 64 java/util/ArrayList methods 0
ciMethodData com/android/tools/r8/graph/k4 a (Lcom/android/tools/r8/graph/M2;Ljava/lang/String;Ljava/lang/String;)Lcom/android/tools/r8/graph/B2; 2 25832 orig 80 0 0 0 0 0 0 0 0 0 0 0 0 56 167 0 0 0 0 0 0 0 0 0 0 0 0 0 0 0 0 0 0 0 0 0 0 0 0 0 0 0 0 0 0 0 0 0 0 0 0 0 0 0 0 0 0 0 0 0 0 0 0 0 0 0 0 0 0 0 0 0 0 0 0 0 0 0 0 0 0 data 33 0xc0005 0x62fb 0x0 0x0 0x0 0x0 0x0 0x100005 0x6356 0x0 0x0 0x0 0x0 0x0 0x150005 0x0 0x0 0x1fc54b14b30 0x6357 0x0 0x0 0x0 0x0 0x0 0x0 0x0 0x0 0x9 0x4 0x0 0x0 0x0 0x0 oops 1 17 com/android/tools/r8/graph/u1 methods 0
ciMethodData com/android/tools/r8/internal/Gl u (Ljava/lang/String;)Ljava/lang/String; 2 25854 orig 80 0 0 0 0 0 0 0 0 0 0 0 0 56 167 0 0 0 0 0 0 0 0 0 0 0 0 0 0 0 0 0 0 0 0 0 0 0 0 0 0 0 0 0 0 0 0 0 0 0 0 0 0 0 0 0 0 0 0 0 0 0 0 0 0 0 0 0 0 0 0 0 0 0 0 0 0 0 0 0 0 data 43 0x30007 0x6306 0xa0 0x0 0x90005 0x0 0x0 0x0 0x0 0x0 0x0 0xd0007 0x0 0x38 0x0 0x100003 0x0 0x28 0x170002 0x0 0x1f0005 0x631b 0x0 0x0 0x0 0x0 0x0 0x240005 0x6325 0x0 0x0 0x0 0x0 0x0 0x0 0x0 0x0 0x0 0x0 0x0 0x9 0x1 0x0 oops 0 methods 0
ciMethodData com/android/tools/r8/graph/k4 c (Ljava/lang/String;)Lcom/android/tools/r8/graph/I2; 2 31399 orig 80 0 0 0 0 0 0 0 0 0 0 0 0 56 167 0 0 0 0 0 0 0 0 0 0 0 0 0 0 0 0 0 0 0 0 0 0 0 0 0 0 0 0 0 0 0 0 0 0 0 0 0 0 0 0 0 0 0 0 0 0 0 0 0 0 0 0 0 0 0 0 0 0 0 0 0 0 0 0 0 0 data 94 0x30007 0x6301 0x110 0x0 0x80005 0x0 0x0 0x0 0x0 0x0 0x0 0xb0005 0x0 0x0 0x0 0x0 0x0 0x0 0xf0005 0x0 0x0 0x0 0x0 0x0 0x0 0x120007 0x0 0x38 0x0 0x150003 0x0 0x28 0x1c0002 0x0 0x230002 0x6319 0x270002 0x62e7 0x340005 0x6324 0x0 0x0 0x0 0x0 0x0 0x3a0007 0x41a4 0x48 0x221b 0x3d0002 0x221b 0x410003 0x221b 0xd0 0x520007 0x419f 0xa8 0x7866 0x5e0005 0x7867 0x0 0x0 0x0 0x0 0x0 0x610004 0x0 0x0 0x1fc54b11a10 0x786f 0x0 0x0 0x650003 0x786c 0xffffffffffffff70 0x6f0002 0x41a1 0x750005 0x0 0x0 0x1fc54b14b30 0x63b9 0x0 0x0 0x0 0x0 0x0 0x0 0x0 0x0 0x9 0x2 0x0 0x0 oops 2 68 com/android/tools/r8/graph/M2 80 com/android/tools/r8/graph/u1 methods 0
ciMethodData com/android/tools/r8/graph/o4 c ()V 2 73085 orig 80 0 0 0 0 0 0 0 0 0 0 0 0 56 167 0 0 0 0 0 0 0 0 0 0 0 0 0 0 0 0 0 0 0 0 0 0 0 0 0 0 0 0 0 0 0 0 0 0 0 0 0 0 0 0 0 0 0 0 0 0 0 0 0 0 0 0 0 0 0 0 0 0 0 0 0 0 0 0 0 0 data 605 0x190005 0xbba7 0x0 0x0 0x0 0x0 0x0 0x1c0002 0xbb28 0x1f0007 0x0 0x1c0 0xbb03 0x300002 0xbb15 0x330007 0xbaf2 0x38 0x0 0x360003 0x0 0xb0 0x450002 0xbb0e 0x480007 0xbb20 0x38 0x0 0x4b0003 0x0 0x68 0x630007 0xbb40 0x110 0xdc4d 0x6d0002 0xdc68 0x700007 0xdc4e 0xc8 0x0 0x760005 0x0 0x0 0x0 0x0 0x0 0x0 0x7d0007 0x0 0x88 0x0 0x940005 0x0 0x0 0x0 0x0 0x0 0x0 0x990003 0x0 0x30 0xa30003 0xdc67 0xffffffffffffff08 0xbd0005 0xbb4e 0x0 0x0 0x0 0x0 0x0 0xc00007 0xbaa2 0x1a0 0x0 0xd10002 0x0 0xd40007 0x0 0x38 0x0 0xd70003 0x0 0xb0 0xe60002 0x0 0xe90007 0x0 0x38 0x0 0xec0003 0x0 0x68 0x1040007 0x0 0xf0 0x0 0x10e0002 0x0 0x1110007 0x0 0xa8 0x0 0x1160005 0x0 0x0 0x0 0x0 0x0 0x0 0x11b0005 0x0 0x0 0x0 0x0 0x0 0x0 0x11e0003 0x0 0x30 0x1240003 0x0 0xffffffffffffff28 0x13e0005 0xbad7 0x0 0x0 0x0 0x0 0x0 0x1410007 0xba68 0x1a0 0x0 0x1520002 0x0 0x1550007 0x0 0x38 0x0 0x1580003 0x0 0xb0 0x1670002 0x0 0x16a0007 0x0 0x38 0x0 0x16d0003 0x0 0x68 0x1850007 0x0 0xf0 0x0 0x18f0002 0x0 0x1920007 0x0 0xa8 0x0 0x1970005 0x0 0x0 0x0 0x0 0x0 0x0 0x19c0005 0x0 0x0 0x0 0x0 0x0 0x0 0x19f0003 0x0 0x30 0x1a50003 0x0 0xffffffffffffff28 0x1ac0005 0x0 0x0 0x1fc55afc9e0 0xbaa7 0x0 0x0 0x1af0007 0x65c 0x198 0xb401 0x1b60005 0x0 0x0 0x1fc55afc9e0 0xb426 0x0 0x0 0x1b90007 0x4b4 0x140 0xafba 0x1c80007 0xafb9 0x110 0x0 0x1d20005 0x0 0x0 0x0 0x0 0x0 0x0 0x1d50007 0x0 0xc8 0x0 0x1e40007 0x0 0xa8 0x0 0x1eb0005 0x0 0x0 0x0 0x0 0x0 0x0 0x1ee0007 0x0 0x40 0x0 0x1f50007 0x0 0x30 0x0 0x2160002 0xaf9b 0x2240007 0x2349 0x38 0x982d 0x22b0003 0x9831 0x188 0x22f0005 0x0 0x0 0x1fc7b5e5740 0x234b 0x0 0x0 0x23d0005 0x0 0x0 0x1fc7b5e5740 0x6238 0x0 0x0 0x2400007 0x2352 0xf0 0x3f01 0x24a0005 0x0 0x0 0x1fc7b5e5740 0x3f02 0x0 0x0 0x24d0004 0x0 0x0 0x1fc7b5e5740 0x3f05 0x0 0x0 0x2510002 0x3f04 0x2540004 0x0 0x0 0x1fc55ae54e0 0x3f0a 0x0 0x0 0x2580003 0x3f0a 0xfffffffffffffef0 0x25d0002 0x2350 0x2670007 0xb82f 0x2a8 0x305 0x26d0007 0x305 0x68 0x0 0x2740007 0x0 0x38 0x0 0x2770003 0x0 0x28 0x27e0002 0x0 0x2830005 0x0 0x0 0x1fc7b5e5740 0x307 0x0 0x0 0x28c0007 0x306 0x90 0x0 0x2a00005 0x0 0x0 0x0 0x0 0x0 0x0 0x2a30005 0x0 0x0 0x0 0x0 0x0 0x0 0x2aa0007 0x5e 0x30 0x2a8 0x2b20002 0x2a8 0x2c70005 0x0 0x0 0x1fc7b5e5740 0x306 0x0 0x0 0x2ca0004 0x0 0x0 0x1fc55275db0 0x307 0x0 0x0 0x2d20005 0x0 0x0 0x1fc7b5e5740 0x307 0x0 0x0 0x2d50004 0x0 0x0 0x1fc55275db0 0x307 0x0 0x0 0x2e50002 0x307 0x2e80005 0x0 0x0 0x1fc7b5e5740 0x307 0x0 0x0 0x2ec0002 0xbb51 0x2f30005 0x0 0x0 0x1fc544034e0 0xbb63 0x0 0x0 0x2fa0005 0x0 0x0 0x1fc544034e0 0xbb56 0x0 0x0 0x30e0002 0xbb33 0x31b0005 0x0 0x0 0x1fc544034e0 0xbb96 0x0 0x0 0x3350005 0x0 0x0 0x1fc544034e0 0xbb61 0x0 0x0 0x3380005 0x0 0x0 0x1fc544034e0 0xbb33 0x0 0x0 0x34f0002 0xba53 0x35b0005 0x0 0x0 0x1fc55ae4a00 0xba41 0x0 0x0 0x35e0007 0x0 0x1b8 0xba9c 0x3650005 0x0 0x0 0x1fc55afc9e0 0xbac4 0x0 0x0 0x3680007 0x2198 0x110 0x9928 0x3750002 0x993d 0x3780007 0x183b 0xe0 0x813f 0x37f0005 0x0 0x0 0x1fc55afc9e0 0x8150 0x0 0x0 0x3820007 0x703c 0x38 0x1146 0x3850003 0x1146 0x68 0x3900005 0x0 0x0 0x1fc7b5e5740 0x704b 0x0 0x0 0x3940003 0x7054 0x1a0 0x39f0005 0x0 0x0 0x1fc7b5e5740 0x4ae9 0x0 0x0 0x3a30003 0x4b14 0x150 0x3b20005 0x0 0x0 0x0 0x0 0x0 0x0 0x3c00002 0x0 0x3c30005 0x0 0x0 0x0 0x0 0x0 0x0 0x3ca0005 0x0 0x0 0x0 0x0 0x0 0x0 0x3ce0005 0x0 0x0 0x0 0x0 0x0 0x0 0x3d10002 0x0 0x3d40005 0x0 0x0 0x0 0x0 0x0 0x0 0x3dd0007 0xba5e 0xd0 0x38 0x3ee0007 0x1f 0x30 0x19 0x3f70002 0x19 0x40b0005 0x38 0x0 0x0 0x0 0x0 0x0 0x40f0002 0x38 0x4120005 0x0 0x0 0x1fc7b5e5740 0x38 0x0 0x0 0x0 0x0 0x0 0x0 0x0 0x0 0x0 0x0 0x0 0x0 0x0 0x0 0x0 0x0 0x0 0x0 0x0 0x0 0x0 0x0 0x0 0x0 0x0 0x0 0x0 0x0 0x0 0x0 0x0 0x0 0x0 0x0 0x0 0x0 0x0 0x0 0x0 0x0 0x0 0x0 0x0 0x0 0x0 0x0 0x0 0x0 0x0 0x0 0x0 0x0 0x0 0x0 0x0 0x0 0x0 0x9 0x1 0x0 oops 24 186 com/android/tools/r8/graph/O4 197 com/android/tools/r8/graph/O4 251 java/util/ArrayList 258 java/util/ArrayList 269 java/util/ArrayList 276 java/util/ArrayList 285 com/android/tools/r8/graph/u0 314 java/util/ArrayList 345 java/util/ArrayList 352 [Lcom/android/tools/r8/graph/R2; 359 java/util/ArrayList 366 [Lcom/android/tools/r8/graph/R2; 375 java/util/ArrayList 384 com/android/tools/r8/graph/j1$a 391 com/android/tools/r8/graph/j1$a 400 com/android/tools/r8/graph/j1$a 407 com/android/tools/r8/graph/j1$a 414 com/android/tools/r8/graph/j1$a 423 java/util/HashSet 434 com/android/tools/r8/graph/O4 451 com/android/tools/r8/graph/O4 465 java/util/ArrayList 475 java/util/ArrayList 543 java/util/ArrayList methods 0
ciMethodData com/android/tools/r8/graph/k4 f (Ljava/lang/String;)Lcom/android/tools/r8/graph/M2; 2 41736 orig 80 0 0 0 0 0 0 0 0 0 0 0 0 56 167 0 0 0 0 0 0 0 0 0 0 0 0 0 0 0 0 0 0 0 0 0 0 0 0 0 0 0 0 0 0 0 0 0 0 0 0 0 0 0 0 0 0 0 0 0 0 0 0 0 0 0 0 0 0 0 0 0 0 0 0 0 0 0 0 0 0 data 65 0x30007 0xa1d4 0x110 0x0 0x80005 0x0 0x0 0x0 0x0 0x0 0x0 0x1b0005 0x0 0x0 0x0 0x0 0x0 0x0 0x1f0005 0x0 0x0 0x0 0x0 0x0 0x0 0x220007 0x0 0x38 0x0 0x250003 0x0 0x28 0x2c0002 0x0 0x330005 0xa1d1 0x0 0x0 0x0 0x0 0x0 0x360005 0xa1d4 0x0 0x0 0x0 0x0 0x0 0x390005 0xa154 0x0 0x0 0x0 0x0 0x0 0x0 0x0 0x0 0x0 0x0 0x0 0x9 0x2 0x0 0xffffffffffffffff oops 0 methods 0
ciMethodData com/android/tools/r8/graph/k4 a (Ljava/lang/String;)Lcom/android/tools/r8/internal/qu0; 2 41720 orig 80 0 0 0 0 0 0 0 0 0 0 0 0 56 167 0 0 0 0 0 0 0 0 0 0 0 0 0 0 0 0 0 0 0 0 0 0 0 0 0 0 0 0 0 0 0 0 0 0 0 0 0 0 0 0 0 0 0 0 0 0 0 0 0 0 0 0 0 0 0 0 0 0 0 0 0 0 0 0 0 0 data 28 0x5000a 0xa0ff 0x1 0x1fc561f8ee0 0xa0005 0x0 0x0 0x1fc7b5e5600 0xa0ed 0x0 0x0 0xd0004 0x0 0x0 0x1fc549e1a80 0xa106 0x0 0x0 0x0 0x0 0x0 0x0 0x0 0x0 0x9 0x2 0x0 0xffffffffffffffff oops 3 3 com/android/tools/r8/graph/k4$$Lambda$171+0x000001fc100ba440 7 java/util/concurrent/ConcurrentHashMap 14 com/android/tools/r8/internal/qu0 methods 0
ciMethodData com/android/tools/r8/internal/de a ()I 2 115783 orig 80 0 0 0 0 0 0 0 0 0 0 0 0 56 167 0 0 0 0 0 0 0 0 0 0 0 0 0 0 0 0 0 0 0 0 0 0 0 0 0 0 0 0 0 0 0 0 0 0 0 0 0 0 0 0 0 0 0 0 0 0 0 0 0 0 0 0 0 0 0 0 0 0 0 0 0 0 0 0 0 0 data 80 0xe0005 0xc09 0x0 0x0 0x0 0x0 0x0 0x170005 0xc07 0x0 0x0 0x0 0x0 0x0 0x230007 0xc0b 0xc8 0x6ee2 0x2b0005 0x6ee5 0x0 0x0 0x0 0x0 0x0 0x370007 0x6ee3 0xffffffffffffffa8 0x5bc3 0x3e0005 0x5bc4 0x0 0x0 0x0 0x0 0x0 0x470003 0x5bc1 0xffffffffffffffa8 0x4c0005 0xc0b 0x0 0x0 0x0 0x0 0x0 0x580007 0xc0c 0xc8 0x5d00 0x600005 0x5d05 0x0 0x0 0x0 0x0 0x0 0x6c0007 0x5cfa 0xffffffffffffffa8 0x90a9 0x730005 0x90ad 0x0 0x0 0x0 0x0 0x0 0x7c0003 0x909a 0xffffffffffffffa8 0x0 0x0 0x0 0x0 0x0 0x0 0x9 0x1 0x0 oops 0 methods 0
ciMethodData com/android/tools/r8/internal/de a (Lcom/android/tools/r8/internal/oe;[Lcom/android/tools/r8/internal/M4;I)V 2 135323 orig 80 0 0 0 0 0 0 0 0 0 0 0 0 56 167 0 0 0 0 0 0 0 0 0 0 0 0 0 0 0 0 0 0 0 0 0 0 0 0 0 0 0 0 0 0 0 0 0 0 0 0 0 0 0 0 0 0 0 0 0 0 0 0 0 0 0 0 0 0 0 0 0 0 0 0 0 0 0 0 0 0 data 2846 0x60002 0xb62 0x2d0005 0xb5d 0x0 0x0 0x0 0x0 0x0 0x3f0005 0xb5e 0x0 0x0 0x0 0x0 0x0 0x470005 0xb60 0x0 0x0 0x0 0x0 0x0 0x590005 0xb5f 0x0 0x0 0x0 0x0 0x0 0x610005 0xb5e 0x0 0x0 0x0 0x0 0x0 0x6d0005 0xb60 0x0 0x0 0x0 0x0 0x0 0x820007 0xb60 0xe0 0x638 0x900005 0x638 0x0 0x0 0x0 0x0 0x0 0x980005 0x638 0x0 0x0 0x0 0x0 0x0 0x9b0004 0x0 0x0 0x1fc7b5e2430 0x638 0x0 0x0 0xa20003 0x638 0xffffffffffffff38 0xd90005 0xb62 0x0 0x0 0x0 0x0 0x0 0xe30005 0xb66 0x0 0x0 0x0 0x0 0x0 0xea0007 0xb65 0xad0 0x1ecd 0xf20005 0x1ecd 0x0 0x0 0x0 0x0 0x0 0xfd0005 0x1ecc 0x0 0x0 0x0 0x0 0x0 0x10a0005 0x1ecc 0x0 0x0 0x0 0x0 0x0 0x10d0007 0x136e 0x70 0xb62 0x1150005 0xb62 0x0 0x0 0x0 0x0 0x0 0x11a0003 0xb63 0x998 0x1220005 0x136e 0x0 0x0 0x0 0x0 0x0 0x1250007 0xa23 0x38 0x94d 0x12c0003 0x94d 0x928 0x1340005 0xa23 0x0 0x0 0x0 0x0 0x0 0x1370007 0x8f3 0x38 0x130 0x13e0003 0x130 0x8b8 0x1460005 0x8f3 0x0 0x0 0x0 0x0 0x0 0x1490007 0x8f1 0xa8 0x1 0x1530005 0x1 0x0 0x0 0x0 0x0 0x0 0x15b0005 0x1 0x0 0x0 0x0 0x0 0x0 0x1600003 0x1 0x7d8 0x1680005 0x8f1 0x0 0x0 0x0 0x0 0x0 0x16b0007 0x8f0 0x38 0x1 0x1720003 0x1 0x768 0x17a0005 0x8f1 0x0 0x0 0x0 0x0 0x0 0x17d0007 0x8f1 0x38 0x0 0x1840003 0x0 0x6f8 0x18c0005 0x8f1 0x0 0x0 0x0 0x0 0x0 0x18f0007 0x770 0x70 0x180 0x1970005 0x180 0x0 0x0 0x0 0x0 0x0 0x19c0003 0x180 0x650 0x1a40005 0x770 0x0 0x0 0x0 0x0 0x0 0x1a70007 0x431 0x38 0x340 0x1ae0003 0x340 0x5e0 0x1b50005 0x431 0x0 0x0 0x0 0x0 0x0 0x1b80007 0x431 0x38 0x0 0x1bf0003 0x0 0x570 0x1c70005 0x431 0x0 0x0 0x0 0x0 0x0 0x1ca0007 0x40c 0x38 0x25 0x1d50003 0x25 0x500 0x1dd0005 0x40c 0x0 0x0 0x0 0x0 0x0 0x1e00007 0x40c 0x38 0x0 0x1eb0003 0x0 0x490 0x1f30005 0x40c 0x0 0x0 0x0 0x0 0x0 0x1f60007 0x32a 0xa0 0xe2 0x2030007 0x0 0x70 0xe2 0x2100005 0xe2 0x0 0x0 0x0 0x0 0x0 0x2150003 0xe2 0x3c8 0x21c0002 0x0 0x2250005 0x32a 0x0 0x0 0x0 0x0 0x0 0x2280007 0x45 0x38 0x2e5 0x22f0003 0x2e5 0x348 0x2360005 0x45 0x0 0x0 0x0 0x0 0x0 0x2390007 0x45 0x38 0x0 0x2400003 0x0 0x2d8 0x2480005 0x45 0x0 0x0 0x0 0x0 0x0 0x24b0007 0x45 0x38 0x0 0x25a0003 0x0 0x268 0x2620005 0x45 0x0 0x0 0x0 0x0 0x0 0x2650007 0x45 0x38 0x0 0x26c0003 0x0 0x1f8 0x2740005 0x45 0x0 0x0 0x0 0x0 0x0 0x2770007 0x45 0xa8 0x0 0x2810005 0x0 0x0 0x0 0x0 0x0 0x0 0x2890005 0x0 0x0 0x0 0x0 0x0 0x0 0x28e0003 0x0 0x118 0x2960005 0x45 0x0 0x0 0x0 0x0 0x0 0x2990007 0x45 0x38 0x0 0x2a00003 0x0 0xa8 0x2a80005 0x45 0x0 0x0 0x0 0x0 0x0 0x2ab0007 0x45 0x58 0x0 0x2ba0005 0x0 0x0 0x0 0x0 0x0 0x0 0x2d30003 0x1ecc 0xfffffffffffff548 0x2e30005 0xb64 0x0 0x0 0x0 0x0 0x0 0x2f00005 0x0 0x0 0x1fc54773730 0xb64 0x0 0x0 0x2f50007 0x0 0x98 0xb65 0x2fa0007 0xb63 0x40 0x2 0x2ff0007 0x2 0x58 0x0 0x3070005 0x0 0x0 0x1fc54773730 0xb64 0x0 0x0 0x30c0007 0xb65 0xd18 0x0 0x31d0005 0x0 0x0 0x0 0x0 0x0 0x0 0x3240005 0x0 0x0 0x0 0x0 0x0 0x0 0x32d0005 0x0 0x0 0x0 0x0 0x0 0x0 0x3380005 0x0 0x0 0x0 0x0 0x0 0x0 0x3440005 0x0 0x0 0x0 0x0 0x0 0x0 0x3490007 0x0 0x38 0x0 0x34c0003 0x0 0xbc0 0x3510007 0x0 0x58 0x0 0x3570005 0x0 0x0 0x0 0x0 0x0 0x0 0x35c0007 0x0 0x138 0x0 0x3620005 0x0 0x0 0x0 0x0 0x0 0x0 0x3740007 0x0 0xe0 0x0 0x37f0005 0x0 0x0 0x0 0x0 0x0 0x0 0x3860005 0x0 0x0 0x0 0x0 0x0 0x0 0x3890005 0x0 0x0 0x0 0x0 0x0 0x0 0x38f0003 0x0 0xffffffffffffff38 0x3950005 0x0 0x0 0x0 0x0 0x0 0x0 0x3a80007 0x0 0x150 0x0 0x3b30005 0x0 0x0 0x0 0x0 0x0 0x0 0x3ba0005 0x0 0x0 0x0 0x0 0x0 0x0 0x3c30005 0x0 0x0 0x0 0x0 0x0 0x0 0x3ce0005 0x0 0x0 0x0 0x0 0x0 0x0 0x3d80005 0x0 0x0 0x0 0x0 0x0 0x0 0x3db0003 0x0 0xfffffffffffffec8 0x3e10005 0x0 0x0 0x0 0x0 0x0 0x0 0x3f00007 0x0 0x250 0x0 0x3fa0005 0x0 0x0 0x0 0x0 0x0 0x0 0x4010005 0x0 0x0 0x0 0x0 0x0 0x0 0x40c0005 0x0 0x0 0x0 0x0 0x0 0x0 0x4170005 0x0 0x0 0x0 0x0 0x0 0x0 0x4230007 0x0 0x100 0x0 0x4340007 0x0 0xe0 0x0 0x4420005 0x0 0x0 0x0 0x0 0x0 0x0 0x4490005 0x0 0x0 0x0 0x0 0x0 0x0 0x44c0004 0x0 0x0 0x0 0x0 0x0 0x0 0x4530003 0x0 0xffffffffffffff38 0x45d0005 0x0 0x0 0x0 0x0 0x0 0x0 0x4600003 0x0 0xfffffffffffffdc8 0x4660005 0x0 0x0 0x0 0x0 0x0 0x0 0x4750007 0x0 0x250 0x0 0x47f0005 0x0 0x0 0x0 0x0 0x0 0x0 0x4860005 0x0 0x0 0x0 0x0 0x0 0x0 0x4910005 0x0 0x0 0x0 0x0 0x0 0x0 0x49c0005 0x0 0x0 0x0 0x0 0x0 0x0 0x4a80007 0x0 0x100 0x0 0x4b90007 0x0 0xe0 0x0 0x4c70005 0x0 0x0 0x0 0x0 0x0 0x0 0x4ce0005 0x0 0x0 0x0 0x0 0x0 0x0 0x4d10004 0x0 0x0 0x0 0x0 0x0 0x0 0x4d80003 0x0 0xffffffffffffff38 0x4e20005 0x0 0x0 0x0 0x0 0x0 0x0 0x4e50003 0x0 0xfffffffffffffdc8 0x4eb0005 0x0 0x0 0x0 0x0 0x0 0x0 0x4fa0007 0x0 0xe0 0x0 0x5050005 0x0 0x0 0x0 0x0 0x0 0x0 0x50c0005 0x0 0x0 0x0 0x0 0x0 0x0 0x50f0005 0x0 0x0 0x0 0x0 0x0 0x0 0x5150003 0x0 0xffffffffffffff38 0x51b0005 0x0 0x0 0x0 0x0 0x0 0x0 0x52a0007 0x0 0x1f8 0x0 0x5340005 0x0 0x0 0x0 0x0 0x0 0x0 0x53b0005 0x0 0x0 0x0 0x0 0x0 0x0 0x5460005 0x0 0x0 0x0 0x0 0x0 0x0 0x55b0007 0x0 0xe0 0x0 0x5690005 0x0 0x0 0x0 0x0 0x0 0x0 0x5700005 0x0 0x0 0x0 0x0 0x0 0x0 0x5730004 0x0 0x0 0x0 0x0 0x0 0x0 0x57a0003 0x0 0xffffffffffffff38 0x5820005 0x0 0x0 0x0 0x0 0x0 0x0 0x5850003 0x0 0xfffffffffffffe20 0x5890005 0x0 0x0 0x0 0x0 0x0 0x0 0x58e0007 0xb65 0x58 0x1 0x5940005 0x0 0x0 0x1fc54773730 0x1 0x0 0x0 0x5990007 0xa35 0x1e0 0x130 0x5a30005 0x130 0x0 0x0 0x0 0x0 0x0 0x5ab0005 0x130 0x0 0x0 0x0 0x0 0x0 0x5b50005 0x130 0x0 0x0 0x0 0x0 0x0 0x5ba0007 0xe9 0x38 0x47 0x5c00003 0x47 0x50 0x5cd0005 0xe9 0x0 0x0 0x0 0x0 0x0 0x5d30007 0xe9 0x38 0x47 0x5d80003 0x47 0x50 0x5e70005 0xe9 0x0 0x0 0x0 0x0 0x0 0x5f00005 0x0 0x0 0x1fc54773730 0x130 0x0 0x0 0x5f50007 0x824 0x138 0x340 0x5fb0005 0x340 0x0 0x0 0x0 0x0 0x0 0x6090007 0x33f 0xe0 0x518 0x6110005 0x518 0x0 0x0 0x0 0x0 0x0 0x61c0005 0x0 0x0 0x1fc54773730 0x518 0x0 0x0 0x6250005 0x516 0x0 0x0 0x0 0x0 0x0 0x6290003 0x517 0xffffffffffffff38 0x62e0007 0x87f 0x138 0x2e5 0x6340005 0x2e5 0x0 0x0 0x0 0x0 0x0 0x6420007 0x2e5 0xe0 0x2fd 0x64a0005 0x2fd 0x0 0x0 0x0 0x0 0x0 0x6550005 0x0 0x0 0x1fc54773730 0x2fd 0x0 0x0 0x65e0005 0x2fd 0x0 0x0 0x0 0x0 0x0 0x6620003 0x2fd 0xffffffffffffff38 0x6670007 0xb63 0x170 0x0 0x66d0005 0x0 0x0 0x0 0x0 0x0 0x0 0x67b0007 0x0 0x118 0x0 0x6830005 0x0 0x0 0x0 0x0 0x0 0x0 0x68b0005 0x0 0x0 0x0 0x0 0x0 0x0 0x6a20005 0x0 0x0 0x0 0x0 0x0 0x0 0x6ab0005 0x0 0x0 0x0 0x0 0x0 0x0 0x6af0003 0x0 0xffffffffffffff00 0x6b40007 0xb64 0x170 0x0 0x6ba0005 0x0 0x0 0x0 0x0 0x0 0x0 0x6c80007 0x0 0x118 0x0 0x6d00005 0x0 0x0 0x0 0x0 0x0 0x0 0x6d80005 0x0 0x0 0x0 0x0 0x0 0x0 0x6ef0005 0x0 0x0 0x0 0x0 0x0 0x0 0x6f80005 0x0 0x0 0x0 0x0 0x0 0x0 0x6fc0003 0x0 0xffffffffffffff00 0x7010007 0xb64 0x70 0x0 0x7120005 0x0 0x0 0x0 0x0 0x0 0x0 0x7180003 0x0 0xffffffffffffffa8 0x71d0007 0xb61 0x138 0x1 0x7230005 0x1 0x0 0x0 0x0 0x0 0x0 0x7310007 0x1 0xe0 0x1 0x73b0005 0x1 0x0 0x0 0x0 0x0 0x0 0x7430005 0x1 0x0 0x0 0x0 0x0 0x0 0x7460005 0x0 0x0 0x1fc54773730 0x1 0x0 0x0 0x74c0003 0x1 0xffffffffffffff38 0x7510007 0xb63 0x138 0x0 0x7570005 0x0 0x0 0x0 0x0 0x0 0x0 0x7650007 0x0 0xe0 0x0 0x76f0005 0x0 0x0 0x0 0x0 0x0 0x0 0x7770005 0x0 0x0 0x0 0x0 0x0 0x0 0x77a0005 0x0 0x0 0x0 0x0 0x0 0x0 0x7800003 0x0 0xffffffffffffff38 0x7850007 0x218 0x218 0x94a 0x78b0005 0x94a 0x0 0x0 0x0 0x0 0x0 0x7990007 0x94a 0x1c0 0x1636 0x7a30005 0x1635 0x0 0x0 0x0 0x0 0x0 0x7ab0005 0x1637 0x0 0x0 0x0 0x0 0x0 0x7ba0005 0x163a 0x0 0x0 0x0 0x0 0x0 0x7c20005 0x163a 0x0 0x0 0x0 0x0 0x0 0x7ce0005 0x163b 0x0 0x0 0x0 0x0 0x0 0x7d90005 0x163d 0x0 0x0 0x0 0x0 0x0 0x7e10005 0x0 0x0 0x1fc54773730 0x163a 0x0 0x0 0x7e70003 0x1634 0xfffffffffffffe58 0x7ec0007 0xb62 0xae8 0x0 0x7f20005 0x0 0x0 0x0 0x0 0x0 0x0 0x8000007 0x0 0xa90 0x0 0x80e0005 0x0 0x0 0x0 0x0 0x0 0x0 0x81a0005 0x0 0x0 0x0 0x0 0x0 0x0 0x8360005 0x0 0x0 0x0 0x0 0x0 0x0 0x8450007 0x0 0x348 0x0 0x84c0005 0x0 0x0 0x0 0x0 0x0 0x0 0x8560005 0x0 0x0 0x0 0x0 0x0 0x0 0x8630005 0x0 0x0 0x0 0x0 0x0 0x0 0x8660007 0x0 0x70 0x0 0x86d0005 0x0 0x0 0x0 0x0 0x0 0x0 0x8720003 0x0 0x210 0x87a0005 0x0 0x0 0x0 0x0 0x0 0x0 0x87d0007 0x0 0x38 0x0 0x8830003 0x0 0x1a0 0x88a0005 0x0 0x0 0x0 0x0 0x0 0x0 0x88d0007 0x0 0x38 0x0 0x8930003 0x0 0x130 0x89b0005 0x0 0x0 0x0 0x0 0x0 0x0 0x89e0007 0x0 0x38 0x0 0x8a40003 0x0 0xc0 0x8ab0005 0x0 0x0 0x0 0x0 0x0 0x0 0x8ae0007 0x0 0x38 0x0 0x8b40003 0x0 0x50 0x8c70005 0x0 0x0 0x0 0x0 0x0 0x0 0x8db0003 0x0 0xfffffffffffffcd0 0x8e50005 0x0 0x0 0x0 0x0 0x0 0x0 0x8eb0007 0x0 0x38 0x0 0x8ee0003 0x0 0xfffffffffffffb98 0x8f30007 0x0 0x138 0x0 0x8f90005 0x0 0x0 0x0 0x0 0x0 0x0 0x90b0007 0x0 0xe0 0x0 0x9150005 0x0 0x0 0x0 0x0 0x0 0x0 0x9200005 0x0 0x0 0x0 0x0 0x0 0x0 0x92a0005 0x0 0x0 0x0 0x0 0x0 0x0 0x92f0003 0x0 0xffffffffffffff38 0x9340007 0x0 0x138 0x0 0x93a0005 0x0 0x0 0x0 0x0 0x0 0x0 0x94c0007 0x0 0xe0 0x0 0x9560005 0x0 0x0 0x0 0x0 0x0 0x0 0x9610005 0x0 0x0 0x0 0x0 0x0 0x0 0x96b0005 0x0 0x0 0x0 0x0 0x0 0x0 0x9700003 0x0 0xffffffffffffff38 0x9750007 0x0 0x170 0x0 0x97b0005 0x0 0x0 0x0 0x0 0x0 0x0 0x98d0007 0x0 0x118 0x0 0x9970005 0x0 0x0 0x0 0x0 0x0 0x0 0x9a10005 0x0 0x0 0x0 0x0 0x0 0x0 0x9b80005 0x0 0x0 0x0 0x0 0x0 0x0 0x9c20005 0x0 0x0 0x0 0x0 0x0 0x0 0x9c70003 0x0 0xffffffffffffff00 0x9cc0007 0x0 0x170 0x0 0x9d20005 0x0 0x0 0x0 0x0 0x0 0x0 0x9e40007 0x0 0x118 0x0 0x9ee0005 0x0 0x0 0x0 0x0 0x0 0x0 0x9f80005 0x0 0x0 0x0 0x0 0x0 0x0 0xa0f0005 0x0 0x0 0x0 0x0 0x0 0x0 0xa190005 0x0 0x0 0x0 0x0 0x0 0x0 0xa1e0003 0x0 0xffffffffffffff00 0xa230007 0x0 0x70 0x0 0xa360005 0x0 0x0 0x0 0x0 0x0 0x0 0xa3d0003 0x0 0xffffffffffffffa8 0xa420005 0x0 0x0 0x0 0x0 0x0 0x0 0xa450003 0x0 0xfffffffffffff588 0xa4b0005 0xb61 0x0 0x0 0x0 0x0 0x0 0xa590007 0xb60 0xcc0 0x6a9c 0xa650005 0x6b5d 0x0 0x0 0x0 0x0 0x0 0xa710005 0x6b13 0x0 0x0 0x0 0x0 0x0 0xa7d0005 0x6a74 0x0 0x0 0x0 0x0 0x0 0xa9d0005 0x6b34 0x0 0x0 0x0 0x0 0x0 0xaac0007 0x6a4e 0x540 0x58a5 0xab30005 0x58cb 0x0 0x0 0x0 0x0 0x0 0xabd0005 0x58ae 0x0 0x0 0x0 0x0 0x0 0xaca0005 0x58f6 0x0 0x0 0x0 0x0 0x0 0xacd0007 0x712 0xe0 0x51ff 0xad20005 0x51f5 0x0 0x0 0x0 0x0 0x0 0xad80007 0x51b6 0x38 0x0 0xade0003 0x0 0x3e8 0xae60005 0x51cb 0x0 0x0 0x0 0x0 0x0 0xaeb0003 0x5034 0x398 0xaf30005 0x712 0x0 0x0 0x0 0x0 0x0 0xaf60007 0x4c6 0x70 0x24c 0xafd0005 0x24d 0x0 0x0 0x0 0x0 0x0 0xb020003 0x24d 0x2f0 0xb0a0005 0x4c6 0x0 0x0 0x0 0x0 0x0 0xb0d0007 0x453 0x38 0x73 0xb180003 0x73 0x280 0xb200005 0x453 0x0 0x0 0x0 0x0 0x0 0xb230007 0x453 0x38 0x0 0xb2e0003 0x0 0x210 0xb360005 0x453 0x0 0x0 0x0 0x0 0x0 0xb390007 0x3e6 0x38 0x6d 0xb3f0003 0x6d 0x1a0 0xb460005 0x3e6 0x0 0x0 0x0 0x0 0x0 0xb490007 0x349 0x38 0x9d 0xb4f0003 0x9d 0x130 0xb570005 0x349 0x0 0x0 0x0 0x0 0x0 0xb5a0007 0x0 0x38 0x349 0xb600003 0x349 0xc0 0xb670005 0x0 0x0 0x0 0x0 0x0 0x0 0xb6a0007 0x0 0x38 0x0 0xb700003 0x0 0x50 0xb830005 0x0 0x0 0x0 0x0 0x0 0x0 0xb970003 0x56ff 0xfffffffffffffad8 0xba50005 0x0 0x0 0x1fc54773730 0x6ab0 0x0 0x0 0xbab0007 0x6a2c 0x38 0x0 0xbae0003 0x0 0xfffffffffffff968 0xbb30007 0x6a22 0x138 0x6d 0xbb90005 0x6d 0x0 0x0 0x0 0x0 0x0 0xbcb0007 0x6d 0xe0 0x6d 0xbd50005 0x6d 0x0 0x0 0x0 0x0 0x0 0xbe00005 0x0 0x0 0x1fc547737e0 0x6d 0x0 0x0 0xbea0005 0x6d 0x0 0x0 0x0 0x0 0x0 0xbef0003 0x6d 0xffffffffffffff38 0xbf40007 0x6783 0x138 0x348 0xbfa0005 0x348 0x0 0x0 0x0 0x0 0x0 0xc0c0007 0x349 0xe0 0x3b5 0xc160005 0x3b5 0x0 0x0 0x0 0x0 0x0 0xc210005 0x0 0x0 0x1fc547737e0 0x3b4 0x0 0x0 0xc2b0005 0x3b5 0x0 0x0 0x0 0x0 0x0 0xc300003 0x3b5 0xffffffffffffff38 0xc350007 0x6a13 0x170 0x9d 0xc3b0005 0x9d 0x0 0x0 0x0 0x0 0x0 0xc4d0007 0x9d 0x118 0x9d 0xc570005 0x9d 0x0 0x0 0x0 0x0 0x0 0xc610005 0x9d 0x0 0x0 0x0 0x0 0x0 0xc780005 0x0 0x0 0x1fc547737e0 0x9d 0x0 0x0 0xc820005 0x9d 0x0 0x0 0x0 0x0 0x0 0xc870003 0x9d 0xffffffffffffff00 0xc8c0007 0x6ad0 0x170 0x0 0xc920005 0x0 0x0 0x0 0x0 0x0 0x0 0xca40007 0x0 0x118 0x0 0xcae0005 0x0 0x0 0x0 0x0 0x0 0x0 0xcb80005 0x0 0x0 0x0 0x0 0x0 0x0 0xccf0005 0x0 0x0 0x0 0x0 0x0 0x0 0xcd90005 0x0 0x0 0x0 0x0 0x0 0x0 0xcde0003 0x0 0xffffffffffffff00 0xce30007 0x69e8 0x70 0x0 0xcf60005 0x0 0x0 0x0 0x0 0x0 0x0 0xcfd0003 0x0 0xffffffffffffffa8 0xd020005 0x0 0x0 0x1fc547737e0 0x6a49 0x0 0x0 0xd050003 0x696e 0xfffffffffffff358 0xd0a0005 0xb60 0x0 0x0 0x0 0x0 0x0 0xd160007 0xb57 0x14e0 0x54a3 0xd220005 0x54b8 0x0 0x0 0x0 0x0 0x0 0xd320005 0x54cb 0x0 0x0 0x0 0x0 0x0 0xd450005 0x54b6 0x0 0x0 0x0 0x0 0x0 0xd780005 0x5493 0x0 0x0 0x0 0x0 0x0 0xd870007 0x54fd 0x800 0x81c1 0xd8e0005 0x81e7 0x0 0x0 0x0 0x0 0x0 0xd980005 0x8237 0x0 0x0 0x0 0x0 0x0 0xda80005 0x8210 0x0 0x0 0x0 0x0 0x0 0xdab0007 0x335f 0x58 0x4f04 0xdb50007 0x4f08 0x700 0x0 0xdbc0003 0x0 0x6e0 0xdc40005 0x335b 0x0 0x0 0x0 0x0 0x0 0xdc70007 0x3233 0x150 0x123 0xdcd0005 0x123 0x0 0x0 0x0 0x0 0x0 0xde20007 0x123 0xe0 0x161 0xdef0005 0x161 0x0 0x0 0x0 0x0 0x0 0xdf70005 0x161 0x0 0x0 0x0 0x0 0x0 0xdfa0004 0x0 0x0 0x1fc7b5e2430 0x161 0x0 0x0 0xe010003 0x161 0xffffffffffffff38 0xe080003 0x123 0x558 0xe100005 0x3233 0x0 0x0 0x0 0x0 0x0 0xe130007 0x27a2 0x70 0xaa2 0xe190005 0xaa2 0x0 0x0 0x0 0x0 0x0 0xe200003 0xaa1 0x4b0 0xe280005 0x27a1 0x0 0x0 0x0 0x0 0x0 0xe2b0007 0x252b 0x38 0x27a 0xe3d0003 0x27b 0x440 0xe450005 0x252b 0x0 0x0 0x0 0x0 0x0 0xe480007 0x22f8 0x38 0x233 0xe4f0003 0x233 0x3d0 0xe560005 0x22f8 0x0 0x0 0x0 0x0 0x0 0xe590007 0x181f 0x38 0xadb 0xe600003 0xadb 0x360 0xe680005 0x181f 0x0 0x0 0x0 0x0 0x0 0xe6b0007 0x17e7 0x38 0x37 0xe720003 0x37 0x2f0 0xe7a0005 0x17e7 0x0 0x0 0x0 0x0 0x0 0xe7d0007 0x17e8 0x38 0x0 0xe8f0003 0x0 0x280 0xe970005 0x17e8 0x0 0x0 0x0 0x0 0x0 0xe9a0007 0xce0 0x38 0xb0c 0xea10003 0xb0c 0x210 0xea80005 0xce1 0x0 0x0 0x0 0x0 0x0 0xeab0007 0xcdf 0x38 0x0 0xeb20003 0x0 0x1a0 0xeba0005 0xcdf 0x0 0x0 0x0 0x0 0x0 0xebd0007 0xcdf 0x38 0x0 0xec40003 0x0 0x130 0xecc0005 0xcde 0x0 0x0 0x0 0x0 0x0 0xecf0007 0x105 0x38 0xbda 0xed60003 0xbdb 0xc0 0xede0005 0x105 0x0 0x0 0x0 0x0 0x0 0xee10007 0x0 0x38 0x105 0xee80003 0x105 0x50 0xefc0005 0x0 0x0 0x0 0x0 0x0 0x0 0xf0f0003 0x8240 0xfffffffffffff818 0xf290007 0xaa5 0x38 0x4a57 0xf2f0003 0x4a5a 0xf8 0xf3f0007 0x8f5 0x38 0x1af 0xf460003 0x1af 0xc0 0xf5e0005 0x8f6 0x0 0x0 0x0 0x0 0x0 0xf6a0005 0x8f7 0x0 0x0 0x0 0x0 0x0 0xf700004 0x0 0x0 0x1fc7b5e2430 0x8f8 0x0 0x0 0xf7c0005 0x0 0x0 0x1fc54773730 0x550a 0x0 0x0 0xf820007 0x54f1 0x38 0x0 0xf850003 0x0 0xfffffffffffff590 0xf8a0004 0xffffffffffffab11 0x0 0x1fc54773890 0x281 0x0 0x0 0xf8d0007 0x54e5 0xc8 0x0 0xf920004 0x0 0x0 0x0 0x0 0x0 0x0 0xf980005 0x0 0x0 0x0 0x0 0x0 0x0 0xf9f0005 0x0 0x0 0x0 0x0 0x0 0x0 0xfa50007 0x53e2 0x120 0x104 0xfaf0007 0x0 0x100 0x104 0xfcc0007 0x104 0xe0 0x1a8 0xfd60005 0x1a8 0x0 0x0 0x0 0x0 0x0 0xfdf0005 0x1a8 0x0 0x0 0x0 0x0 0x0 0xfe30005 0x0 0x0 0x1fc54773890 0x1a8 0x0 0x0 0xfe90003 0x1a8 0xffffffffffffff38 0xfee0007 0x54a1 0xe8 0x37 0xff30005 0x37 0x0 0x0 0x0 0x0 0x0 0x10010005 0x37 0x0 0x0 0x0 0x0 0x0 0x10050007 0x0 0x58 0x37 0x100a0005 0x0 0x0 0x1fc54773940 0x37 0x0 0x0 0x100f0007 0x524c 0x138 0x233 0x10150005 0x233 0x0 0x0 0x0 0x0 0x0 0x10270007 0x233 0xe0 0x2ea 0x10310005 0x2ea 0x0 0x0 0x0 0x0 0x0 0x103c0005 0x0 0x0 0x1fc54773890 0x2ea 0x0 0x0 0x10460005 0x2ea 0x0 0x0 0x0 0x0 0x0 0x104b0003 0x2ea 0xffffffffffffff38 0x10500007 0x49e0 0x138 0xb09 0x10560005 0xb09 0x0 0x0 0x0 0x0 0x0 0x10680007 0xb09 0xe0 0xce0 0x10720005 0xce1 0x0 0x0 0x0 0x0 0x0 0x107d0005 0x0 0x0 0x1fc54773890 0xcdd 0x0 0x0 0x10870005 0xce0 0x0 0x0 0x0 0x0 0x0 0x108c0003 0xce0 0xffffffffffffff38 0x10910007 0x4a26 0x170 0xad9 0x10970005 0xad9 0x0 0x0 0x0 0x0 0x0 0x10a90007 0xada 0x118 0x11de 0x10b30005 0x11de 0x0 0x0 0x0 0x0 0x0 0x10bd0005 0x11e1 0x0 0x0 0x0 0x0 0x0 0x10d40005 0x0 0x0 0x1fc54773890 0x11e4 0x0 0x0 0x10de0005 0x11e6 0x0 0x0 0x0 0x0 0x0 0x10e30003 0x11dc 0xffffffffffffff00 0x10e80007 0x54fd 0x170 0x0 0x10ee0005 0x0 0x0 0x0 0x0 0x0 0x0 0x11000007 0x0 0x118 0x0 0x110a0005 0x0 0x0 0x0 0x0 0x0 0x0 0x11140005 0x0 0x0 0x0 0x0 0x0 0x0 0x112b0005 0x0 0x0 0x0 0x0 0x0 0x0 0x11350005 0x0 0x0 0x0 0x0 0x0 0x0 0x113a0003 0x0 0xffffffffffffff00 0x113f0007 0x54fb 0x58 0x0 0x114a0005 0x0 0x0 0x0 0x0 0x0 0x0 0x114f0007 0x492b 0x58 0xbd8 0x115a0005 0xbd8 0x0 0x0 0x0 0x0 0x0 0x115f0007 0x54eb 0x70 0x0 0x11720005 0x0 0x0 0x0 0x0 0x0 0x0 0x11790003 0x0 0xffffffffffffffa8 0x117e0007 0x54db 0x90 0x0 0x11830005 0x0 0x0 0x0 0x0 0x0 0x0 0x118d0005 0x0 0x0 0x0 0x0 0x0 0x0 0x11920005 0x0 0x0 0x1fc54773890 0x54f1 0x0 0x0 0x11950003 0x5487 0xffffffffffffeb38 0x11990005 0x0 0x0 0x1fc54773730 0xb57 0x0 0x0 0x0 0x0 0x0 0x0 0x0 0x0 0x0 0x0 0x0 0x0 0x0 0x0 0x0 0x0 0x0 0x0 0x0 0x0 0x0 0x0 0x0 0x0 0x0 0x0 0x0 0x0 0x0 0x0 0x0 0x0 0x0 0x0 0x0 0x0 0x0 0x0 0x0 0x0 0x0 0x0 0x0 0x0 0x0 0x0 0x0 0x0 0x0 0x0 0x0 0x0 0x0 0x0 0x0 0x0 0x0 0x0 0x0 0x0 0x0 0x0 0x0 0x0 0x0 0x0 0x0 0x0 0x0 0x0 0x0 0x0 0x0 0x0 0x0 0x0 0x0 0x0 0x0 0x0 0x0 0x0 0x0 0x0 0x0 0x0 0x0 0x0 0x0 0x0 0x0 0x0 0x0 0x0 0x0 0x0 0x0 0x0 0x0 0x0 0x0 0x0 0x0 0x0 0x0 0x0 0x0 0x0 0x0 0x0 0x0 0x0 0x9 0x4 0x0 0x0 0x0 0x0 oops 25 65 java/lang/String 442 com/android/tools/r8/graph/m4 461 com/android/tools/r8/graph/m4 891 com/android/tools/r8/graph/m4 951 com/android/tools/r8/graph/m4 980 com/android/tools/r8/graph/m4 1019 com/android/tools/r8/graph/m4 1171 com/android/tools/r8/graph/m4 1277 com/android/tools/r8/graph/m4 1843 com/android/tools/r8/graph/m4 1879 com/android/tools/r8/graph/n4 1918 com/android/tools/r8/graph/n4 1964 com/android/tools/r8/graph/n4 2041 com/android/tools/r8/graph/n4 2162 java/lang/String 2374 java/lang/String 2381 com/android/tools/r8/graph/m4 2395 com/android/tools/r8/graph/o4 2453 com/android/tools/r8/graph/o4 2485 com/android/tools/r8/graph/l4 2514 com/android/tools/r8/graph/o4 2553 com/android/tools/r8/graph/o4 2599 com/android/tools/r8/graph/o4 2716 com/android/tools/r8/graph/o4 2726 com/android/tools/r8/graph/m4 methods 0
ciMethodData com/android/tools/r8/graph/m4 a (ILjava/lang/String;Ljava/lang/String;Ljava/lang/String;Ljava/lang/Object;)Lcom/android/tools/r8/internal/hx; 2 38553 orig 80 0 0 0 0 0 0 0 0 0 0 0 0 56 167 0 0 0 0 0 0 0 0 0 0 0 0 0 0 0 0 0 0 0 0 0 0 0 0 0 0 0 0 0 0 0 0 0 0 0 0 0 0 0 0 0 0 0 0 0 0 0 0 0 0 0 0 0 0 0 0 0 0 0 0 0 0 0 0 0 0 data 44 0xa0007 0x9503 0x88 0x0 0x160002 0x0 0x190005 0x0 0x0 0x0 0x0 0x0 0x0 0x1c0007 0x0 0x20 0x0 0x240005 0x9533 0x0 0x0 0x0 0x0 0x0 0x310007 0x93ec 0x20 0x0 0x420002 0x93f4 0x0 0x0 0x0 0x0 0x0 0x0 0x9 0x6 0x0 0x0 0xffffffffffffffff 0x0 0xffffffffffffffff 0x0 oops 0 methods 0
ciMethodData com/android/tools/r8/internal/hx <init> (ILcom/android/tools/r8/internal/hx;)V 2 38154 orig 80 0 0 0 0 0 0 0 0 0 0 0 0 56 167 0 0 0 0 0 0 0 0 0 0 0 0 0 0 0 0 0 0 0 0 0 0 0 0 0 0 0 0 0 0 0 0 0 0 0 0 0 0 0 0 0 0 0 0 0 0 0 0 0 0 0 0 0 0 0 0 0 0 0 0 0 0 0 0 0 0 data 54 0x20002 0x9392 0x70007 0x92ef 0x118 0x0 0xd0007 0x0 0xf8 0x0 0x130007 0x0 0xd8 0x0 0x190007 0x0 0xb8 0x0 0x1f0007 0x0 0x98 0x0 0x250007 0x0 0x78 0x0 0x2b0007 0x0 0x38 0x0 0x2e0003 0x0 0x38 0x380002 0x0 0x3b0002 0x0 0x420007 0x9252 0x30 0x0 0x460002 0x0 0x0 0x0 0x0 0x0 0x0 0x0 0x9 0x3 0xffffffffffffffff 0x0 0x0 oops 0 methods 0
ciMethodData com/android/tools/r8/graph/n4 <init> (Lcom/android/tools/r8/graph/m4;ILjava/lang/String;Ljava/lang/String;Ljava/lang/String;Ljava/lang/Object;)V 2 38186 orig 80 0 0 0 0 0 0 0 0 0 0 0 0 56 167 0 0 0 0 0 0 0 0 0 0 0 0 0 0 0 0 0 0 0 0 0 0 0 0 0 0 0 0 0 0 0 0 0 0 0 0 0 0 0 0 0 0 0 0 0 0 0 0 0 0 0 0 0 0 0 0 0 0 0 0 0 0 0 0 0 0 data 27 0x180002 0x93a5 0x340005 0x940a 0x0 0x0 0x0 0x0 0x0 0x4e0002 0x9466 0x0 0x0 0x0 0x0 0x0 0x0 0x0 0x9 0x7 0xffffffffffffffff 0x0 0x0 0xffffffffffffffff 0x0 0xffffffffffffffff 0x0 oops 0 methods 0
ciMethodData com/android/tools/r8/internal/ji <init> ()V 2 3154 orig 80 0 0 0 0 0 0 0 0 0 0 0 0 56 167 0 0 0 0 0 0 0 0 0 0 0 0 0 0 0 0 0 0 0 0 0 0 0 0 0 0 0 0 0 0 0 0 0 0 0 0 0 0 0 0 0 0 0 0 0 0 0 0 0 0 0 0 0 0 0 0 0 0 0 0 0 0 0 0 0 0 data 7 0x10002 0xb92 0x0 0x0 0x9 0x1 0x0 oops 0 methods 0
ciMethodData com/android/tools/r8/graph/G3 b (Ljava/lang/String;Ljava/lang/String;Lcom/android/tools/r8/origin/Origin;Lcom/android/tools/r8/graph/u1;Lcom/android/tools/r8/DiagnosticsHandler;)Lcom/android/tools/r8/graph/G3$e; 2 38351 orig 80 0 0 0 0 0 0 0 0 0 0 0 0 56 167 0 0 0 0 0 0 0 0 0 0 0 0 0 0 0 0 0 0 0 0 0 0 0 0 0 0 0 0 0 0 0 0 0 0 0 0 0 0 0 0 0 0 0 0 0 0 0 0 0 0 0 0 0 0 0 0 0 0 0 0 0 0 0 0 0 0 data 49 0x10007 0x8f75 0x120 0x49d 0x50005 0x49d 0x0 0x0 0x0 0x0 0x0 0x80007 0x49d 0x38 0x0 0xb0003 0x0 0xa8 0x150002 0x49d 0x180005 0x0 0x0 0x0 0x0 0x0 0x0 0x250002 0x0 0x280005 0x0 0x0 0x0 0x0 0x0 0x0 0x0 0x0 0x0 0x0 0x0 0x0 0x9 0x5 0xffffffffffffffff 0xffffffffffffffff 0xffffffffffffffff 0xffffffffffffffff 0xffffffffffffffff oops 0 methods 0
ciMethodData com/android/tools/r8/graph/m4 a (IILjava/lang/String;Ljava/lang/String;Ljava/lang/String;[Ljava/lang/String;)V 2 5878 orig 80 0 0 0 0 0 0 0 0 0 0 0 0 56 167 0 0 0 0 0 0 0 0 0 0 0 0 0 0 0 0 0 0 0 0 0 0 0 0 0 0 0 0 0 0 0 0 0 0 0 0 0 0 0 0 0 0 0 0 0 0 0 0 0 0 0 0 0 0 0 0 0 0 0 0 0 0 0 0 0 0 data 252 0x10002 0x162c 0xe0005 0x0 0x0 0x1fc54b0fe90 0x162e 0x0 0x0 0x130007 0x0 0x640 0x1626 0x1e0007 0x15dd 0x38 0x4a 0x230003 0x4a 0x18 0x360002 0x1627 0x430005 0x1629 0x0 0x0 0x0 0x0 0x0 0x580005 0x1631 0x0 0x0 0x0 0x0 0x0 0x5d0005 0x1631 0x0 0x0 0x0 0x0 0x0 0x600007 0x0 0x4a8 0x162e 0x650007 0x162f 0xb0 0x0 0x6c0005 0x0 0x0 0x0 0x0 0x0 0x0 0x6f0007 0x0 0x38 0x0 0x720003 0x0 0x38 0x850002 0x0 0x8c0002 0x0 0x940005 0x0 0x0 0x1fc54b11310 0x162f 0x0 0x0 0x970007 0x1394 0xb8 0x29a 0x9f0002 0x29a 0xa20007 0x0 0x38 0x29a 0xa50003 0x29a 0x68 0xb8000a 0x0 0x3 0x0 0x0 0x1fc7b5e2430 0xbf0002 0x0 0xc60002 0x0 0xcc0005 0x162c 0x0 0x0 0x0 0x0 0x0 0xd20007 0x162f 0xc0 0x0 0xd70007 0x0 0xa0 0x0 0xde0005 0x0 0x0 0x0 0x0 0x0 0x0 0xe10007 0x0 0x38 0x0 0xe40003 0x0 0x28 0xeb0002 0x0 0xf10007 0x162d 0x38 0x0 0xf60003 0x0 0x50 0xff0005 0x162d 0x0 0x0 0x0 0x0 0x0 0x1100005 0x1631 0x0 0x0 0x0 0x0 0x0 0x1150007 0x7e0 0x48 0xe51 0x1180002 0xe51 0x11c0003 0xe51 0xd0 0x12e0007 0x7e0 0xa8 0xa48 0x13a0005 0xa48 0x0 0x0 0x0 0x0 0x0 0x13d0004 0x0 0x0 0x1fc54b11a10 0xa48 0x0 0x0 0x1410003 0xa48 0xffffffffffffff70 0x14a0002 0x7e0 0x15c0005 0x1631 0x0 0x0 0x0 0x0 0x0 0x1780002 0x1631 0x1920005 0x0 0x0 0x0 0x0 0x0 0x0 0x195000a 0x0 0x3 0x0 0x0 0x1fc7b5e2430 0x19c0002 0x0 0x1a30002 0x0 0x1af000a 0x0 0x3 0x0 0x0 0x1fc7b5e2430 0x1b80002 0x0 0x0 0x0 0x0 0x0 0x0 0x0 0x0 0x0 0x0 0x0 0x0 0x0 0x0 0x0 0x0 0x0 0x0 0x0 0x0 0x0 0x0 0x0 0x0 0x0 0x0 0x0 0x9 0x7 0x0 0x0 0x0 0x0 0x0 0x0 0x0 oops 6 5 com/android/tools/r8/internal/Rb 72 com/android/tools/r8/graph/Q 94 java/lang/String 174 com/android/tools/r8/graph/M2 204 java/lang/String 214 java/lang/String methods 0
ciMethodData com/android/tools/r8/graph/m4 a (Ljava/lang/String;Ljava/lang/String;)V 2 3207 orig 80 0 0 0 0 0 0 0 0 0 0 0 0 56 167 0 0 0 0 0 0 0 0 0 0 0 0 0 0 0 0 0 0 0 0 0 0 0 0 0 0 0 0 0 0 0 0 0 0 0 0 0 0 0 0 0 0 0 0 0 0 0 0 0 0 0 0 0 0 0 0 0 0 0 0 0 0 0 0 0 0 data 70 0x10007 0x0 0x58 0xbb5 0xa0005 0xbb5 0x0 0x0 0x0 0x0 0x0 0x110007 0xac6 0x170 0xef 0x180007 0x0 0x30 0xef 0x210002 0xef 0x370005 0xef 0x0 0x0 0x0 0x0 0x0 0x3a0002 0xef 0x5d0005 0x0 0x0 0x1fc54b14b30 0xef 0x0 0x0 0x610002 0xef 0x6b0004 0x0 0x0 0x1fc557165d0 0xef 0x0 0x0 0x6c0002 0xef 0x710002 0xef 0x740005 0x0 0x0 0x1fc7b5e5740 0xef 0x0 0x0 0x0 0x0 0x0 0x0 0x0 0x0 0x0 0x0 0x9 0x3 0x0 0x0 0x0 oops 3 33 com/android/tools/r8/graph/u1 42 com/android/tools/r8/graph/t0 53 java/util/ArrayList methods 0
ciMethodData com/android/tools/r8/graph/m4 a (Ljava/lang/String;)V 1 1 orig 80 0 0 0 0 0 0 0 0 0 0 0 0 56 167 0 0 0 0 0 0 0 0 0 0 0 0 0 0 0 0 0 0 0 0 0 0 0 0 0 0 0 0 0 0 0 0 0 0 0 0 0 0 0 0 0 0 0 0 0 0 0 0 0 0 0 0 0 0 0 0 0 0 0 0 0 0 0 0 0 0 data 43 0x30007 0x1 0xc0 0x0 0xa0007 0x0 0x90 0x0 0x110005 0x0 0x0 0x0 0x0 0x0 0x0 0x140007 0x0 0x38 0x0 0x170003 0x0 0x28 0x1e0002 0x0 0x280005 0x1 0x0 0x0 0x0 0x0 0x0 0x310002 0x1 0x0 0x0 0x0 0x0 0x0 0x0 0x9 0x2 0x300 0xffffffffffffffff oops 0 methods 0
ciMethodData com/android/tools/r8/graph/m4 a (Ljava/lang/String;Ljava/lang/String;Ljava/lang/String;)V 1 375 orig 80 0 0 0 0 0 0 0 0 0 0 0 0 56 167 0 0 0 0 0 0 0 0 0 0 0 0 0 0 0 0 0 0 0 0 0 0 0 0 0 0 0 0 0 0 0 0 0 0 0 0 0 0 0 0 0 0 0 0 0 0 0 0 0 0 0 0 0 0 0 0 0 0 0 0 0 0 0 0 0 0 data 64 0x30007 0x104 0x68 0x0 0xa0007 0x0 0x38 0x0 0xd0003 0x0 0x28 0x140002 0x0 0x1e0005 0x104 0x0 0x0 0x0 0x0 0x0 0x220007 0x44 0xf0 0xc0 0x290005 0xc0 0x0 0x0 0x0 0x0 0x0 0x2c0007 0xbe 0x38 0x2 0x2f0003 0x2 0x78 0x3f0005 0xbe 0x0 0x0 0x0 0x0 0x0 0x420002 0xbe 0x450003 0xbe 0x28 0x4f0002 0x46 0x0 0x0 0x0 0x0 0x0 0x0 0x9 0x4 0x0 0x0 0x0 0x0 oops 0 methods 0
ciMethodData com/android/tools/r8/graph/m4 a (Ljava/lang/String;Z)Lcom/android/tools/r8/internal/Q2; 2 3387 orig 80 0 0 0 0 0 0 0 0 0 0 0 0 56 167 0 0 0 0 0 0 0 0 0 0 0 0 0 0 0 0 0 0 0 0 0 0 0 0 0 0 0 0 0 0 0 0 0 0 0 0 0 0 0 0 0 0 0 0 0 0 0 0 0 0 0 0 0 0 0 0 0 0 0 0 0 0 0 0 0 0 data 65 0xd0007 0x537 0x138 0x0 0x170007 0x0 0x118 0x0 0x1b0007 0x0 0xf8 0x0 0x1f0002 0x0 0x220007 0x0 0xc8 0x0 0x2d0005 0x0 0x0 0x0 0x0 0x0 0x0 0x440002 0x0 0x4f0002 0x0 0x560002 0x0 0x5a000a 0x0 0x3 0x0 0x0 0x0 0x650002 0x0 0x6d0007 0x2d8 0x30 0x25f 0x760002 0x261 0x88000a 0x539 0x1 0x1fc561f6480 0x910002 0x538 0x0 0x0 0x0 0x0 0x0 0x0 0x0 0x0 0x0 0x9 0x3 0x1000 0xffffffffffffffff 0x0 oops 1 48 com/android/tools/r8/graph/m4$$Lambda$278+0x000001fc10138d90 methods 0
ciMethodData com/android/tools/r8/internal/de a (Lcom/android/tools/r8/internal/Q2;IZ[C)I 2 39315 orig 80 0 0 0 0 0 0 0 0 0 0 0 0 56 167 0 0 0 0 0 0 0 0 0 0 0 0 0 0 0 0 0 0 0 0 0 0 0 0 0 0 0 0 0 0 0 0 0 0 0 0 0 0 0 0 0 0 0 0 0 0 0 0 0 0 0 0 0 0 0 0 0 0 0 0 0 0 0 0 0 0 data 70 0x30005 0x918f 0x0 0x0 0x0 0x0 0x0 0xa0007 0x127a 0xc8 0x7f15 0x120007 0x7f0c 0x118 0x2bad 0x1a0005 0x2bb2 0x0 0x0 0x0 0x0 0x0 0x280005 0x2bb9 0x0 0x0 0x0 0x0 0x0 0x2c0003 0x2bae 0xffffffffffffff70 0x340007 0x127b 0x70 0x5dd8 0x3d0005 0x5de2 0x0 0x0 0x0 0x0 0x0 0x410003 0x5dae 0xffffffffffffffa8 0x450007 0x7a53 0x58 0x172a 0x4a0005 0x147b 0x0 0x1fc54773940 0x2ae 0x0 0x0 0x0 0x0 0x0 0x0 0x0 0x0 0x9 0x5 0x0 0x0 0x0 0x0 0x0 oops 1 53 com/android/tools/r8/graph/l4 methods 0
ciMethodData com/android/tools/r8/internal/de a (Lcom/android/tools/r8/internal/ji;I)I 2 5597 orig 80 0 0 0 0 0 0 0 0 0 0 0 0 56 167 0 0 0 0 0 0 0 0 0 0 0 0 0 0 0 0 0 0 0 0 0 0 0 0 0 0 0 0 0 0 0 0 0 0 0 0 0 0 0 0 0 0 0 0 0 0 0 0 0 0 0 0 0 0 0 0 0 0 0 0 0 0 0 0 0 0 data 153 0x20005 0xda4 0x0 0x0 0x0 0x0 0x0 0xd0007 0x0 0x3d8 0xda1 0x130007 0x0 0x3b8 0xda2 0x180008 0x12 0x0 0xa0 0x0 0x380 0x0 0x380 0x0 0x380 0x6a 0x368 0x32a 0x368 0x0 0x368 0xa15 0x398 0x0 0x380 0x4a0008 0x1a 0x0 0xe0 0x0 0x120 0x0 0x120 0x0 0x2e0 0x0 0x108 0x0 0x108 0x0 0x108 0x0 0x108 0x0 0xf0 0x0 0xf0 0x0 0xf0 0x0 0xf0 0x0 0xf0 0x8c0002 0x0 0x990003 0x0 0x208 0xa50003 0x0 0x1f0 0xb50005 0x0 0x0 0x0 0x0 0x0 0x0 0xda0007 0x0 0x1a0 0x0 0xe60005 0x0 0x0 0x0 0x0 0x0 0x0 0xed0005 0x0 0x0 0x0 0x0 0x0 0x0 0xf40005 0x0 0x0 0x0 0x0 0x0 0x0 0x1070002 0x0 0x10a0004 0x0 0x0 0x0 0x0 0x0 0x0 0x1190002 0x0 0x11c0004 0x0 0x0 0x0 0x0 0x0 0x0 0x1280003 0x0 0xfffffffffffffea8 0x1340003 0x394 0x30 0x1400003 0x0 0x18 0x15f0007 0x1 0x38 0xda3 0x1640003 0xda4 0x28 0x16f0002 0x1 0x0 0x0 0x0 0x0 0x0 0x0 0x0 0x0 0x0 0x9 0x3 0x0 0x0 0x0 oops 0 methods 0
ciMethodData com/android/tools/r8/graph/m4 b (Ljava/lang/String;)V 1 1 orig 80 0 0 0 0 0 0 0 0 0 0 0 0 56 167 0 0 0 0 0 0 0 0 0 0 0 0 0 0 0 0 0 0 0 0 0 0 0 0 0 0 0 0 0 0 0 0 0 0 0 0 0 0 0 0 0 0 0 0 0 0 0 0 0 0 0 0 0 0 0 0 0 0 0 0 0 0 0 0 0 0 data 39 0x30007 0x1 0x68 0x0 0xa0007 0x0 0x38 0x0 0xd0003 0x0 0x28 0x140002 0x0 0x1e0005 0x1 0x0 0x0 0x0 0x0 0x0 0x2a0002 0x1 0x2d0005 0x0 0x0 0x1fc7b5e5740 0x1 0x0 0x0 0x0 0x0 0x0 0x0 0x0 0x0 0x9 0x2 0x0 0xffffffffffffffff oops 1 25 java/util/ArrayList methods 0
ciMethodData com/android/tools/r8/graph/m4 a (ILjava/lang/String;Ljava/lang/String;Ljava/lang/String;)V 2 13945 orig 80 0 0 0 0 0 0 0 0 0 0 0 0 56 167 0 0 0 0 0 0 0 0 0 0 0 0 0 0 0 0 0 0 0 0 0 0 0 0 0 0 0 0 0 0 0 0 0 0 0 0 0 0 0 0 0 0 0 0 0 0 0 0 0 0 0 0 0 0 0 0 0 0 0 0 0 0 0 0 0 0 data 144 0x10007 0x85a 0x2a8 0x2da7 0x60007 0x0 0x288 0x2da5 0xd0002 0x2da4 0x100007 0x2da8 0x258 0x0 0x1a0005 0x0 0x0 0x0 0x0 0x0 0x0 0x1f0007 0x0 0x200 0x0 0x3b000a 0x0 0x3 0x0 0x0 0x1fc7b5e2430 0x42000a 0x0 0x3 0x0 0x0 0x1fc7b5e2430 0x49000a 0x0 0x3 0x0 0x0 0x1fc7b5e2430 0x5b0004 0x0 0x0 0x0 0x0 0x0 0x0 0x5f0004 0x0 0x0 0x0 0x0 0x0 0x0 0x630004 0x0 0x0 0x0 0x0 0x0 0x0 0x670004 0x0 0x0 0x0 0x0 0x0 0x0 0x680002 0x0 0x730002 0x0 0x7c0005 0x0 0x0 0x0 0x0 0x0 0x0 0x800003 0x0 0x18 0x9a0005 0x3603 0x0 0x0 0x0 0x0 0x0 0x9e0007 0x2db8 0x38 0x85d 0xa30003 0x85d 0x50 0xab0005 0x2db9 0x0 0x0 0x0 0x0 0x0 0xb10007 0x2db8 0x38 0x85d 0xb60003 0x85d 0x50 0xbf0005 0x2db9 0x0 0x0 0x0 0x0 0x0 0xcb0002 0x3608 0xd00005 0x0 0x0 0x1fc7b5e5740 0x35fd 0x0 0x0 0x0 0x0 0x0 0x0 0x0 0x0 0x0 0x0 0x9 0x5 0x0 0x0 0x0 0x0 0x0 oops 4 30 java/lang/String 36 java/lang/String 42 java/lang/String 125 java/util/ArrayList methods 0
ciMethod com/android/tools/r8/graph/e1 <init> (Lcom/android/tools/r8/graph/M2;[Lcom/android/tools/r8/graph/t0;)V 1064 0 1520 0 0
ciMethodData com/android/tools/r8/internal/de a (I[C)Ljava/lang/Object; 2 31349 orig 80 0 0 0 0 0 0 0 0 0 0 0 0 56 167 0 0 0 0 0 0 0 0 0 0 0 0 0 0 0 0 0 0 0 0 0 0 0 0 0 0 0 0 0 0 0 0 0 0 0 0 0 0 0 0 0 0 0 0 0 0 0 0 0 0 0 0 0 0 0 0 0 0 0 0 0 0 0 0 0 0 data 273 0x190008 0xe 0x60e 0x80 0x5e26 0x778 0xb5 0x720 0x50 0x6d8 0x1c 0x680 0xfab 0x638 0x480 0x600 0x420008 0x8 0x60f 0x50 0x0 0x3e8 0x0 0x368 0x0 0x60 0x600002 0x60e 0x6d0007 0x0 0x20 0x0 0x7a0005 0x0 0x0 0x0 0x0 0x0 0x0 0x820005 0x0 0x0 0x0 0x0 0x0 0x0 0x8d0005 0x0 0x0 0x0 0x0 0x0 0x0 0x980005 0x0 0x0 0x0 0x0 0x0 0x0 0xa10005 0x0 0x0 0x0 0x0 0x0 0x0 0xa70005 0x0 0x0 0x0 0x0 0x0 0x0 0xaa0004 0x0 0x0 0x0 0x0 0x0 0x0 0xb50005 0x0 0x0 0x0 0x0 0x0 0x0 0xca0007 0x0 0xe0 0x0 0xd20005 0x0 0x0 0x0 0x0 0x0 0x0 0xd80005 0x0 0x0 0x0 0x0 0x0 0x0 0xde0004 0x0 0x0 0x0 0x0 0x0 0x0 0xe50003 0x0 0xffffffffffffff38 0xfb0002 0x0 0x1000004 0x0 0x0 0x0 0x0 0x0 0x0 0x1060005 0x0 0x0 0x0 0x0 0x0 0x0 0x10f0005 0x0 0x0 0x0 0x0 0x0 0x0 0x1180002 0x0 0x12d0005 0x0 0x0 0x0 0x0 0x0 0x0 0x13b0005 0x0 0x0 0x0 0x0 0x0 0x0 0x1470005 0x0 0x0 0x0 0x0 0x0 0x0 0x14e0005 0x0 0x0 0x0 0x0 0x0 0x0 0x1570005 0x0 0x0 0x0 0x0 0x0 0x0 0x1630005 0x0 0x0 0x0 0x0 0x0 0x0 0x1710007 0x0 0x38 0x0 0x1760003 0x0 0x18 0x1860002 0x0 0x18e0005 0x481 0x0 0x0 0x0 0x0 0x0 0x1960005 0xfb1 0x0 0x0 0x0 0x0 0x0 0x1990002 0xfaf 0x1a00005 0x1c 0x0 0x0 0x0 0x0 0x0 0x1a30002 0x0 0x1a60002 0x0 0x1ad0005 0x50 0x0 0x0 0x0 0x0 0x0 0x1b00002 0x50 0x1b70005 0xb5 0x0 0x0 0x0 0x0 0x0 0x1ba0002 0x0 0x1bd0002 0x0 0x1c40005 0x5e5f 0x0 0x0 0x0 0x0 0x0 0x1c70002 0x5df8 0x0 0x0 0x0 0x0 0x0 0x0 0x0 0x0 0x0 0x0 0x0 0x0 0x0 0x0 0x0 0x0 0x0 0x0 0x0 0x0 0x9 0x3 0x0 0x0 0x0 oops 0 methods 0
ciMethodData com/android/tools/r8/graph/n4 a ()V 2 38542 orig 80 0 0 0 0 0 0 0 0 0 0 0 0 56 167 0 0 0 0 0 0 0 0 0 0 0 0 0 0 0 0 0 0 0 0 0 0 0 0 0 0 0 0 0 0 0 0 0 0 0 0 0 0 0 0 0 0 0 0 0 0 0 0 0 0 0 0 0 0 0 0 0 0 0 0 0 0 0 0 0 0 data 327 0xe0002 0x94da 0x360005 0x9371 0x0 0x0 0x0 0x0 0x0 0x3a0005 0x9708 0x0 0x0 0x0 0x0 0x0 0x3f0005 0x0 0x0 0x1fc54b14b30 0x95e5 0x0 0x0 0x540005 0x9590 0x0 0x0 0x0 0x0 0x0 0x570002 0x9381 0x5a0007 0x0 0x170 0x9384 0x690007 0x93cf 0x78 0x0 0x720002 0x0 0x750007 0x0 0x38 0x0 0x780003 0x0 0x28 0x820002 0x0 0x8c0002 0x93d5 0x8f0007 0x9391 0xc8 0x0 0x950005 0x0 0x0 0x0 0x0 0x0 0x0 0x9d0007 0x0 0x70 0x0 0xb50005 0x0 0x0 0x0 0x0 0x0 0x0 0xba0003 0x0 0x18 0xd30005 0x93e4 0x0 0x0 0x0 0x0 0x0 0xd60007 0x9311 0x108 0x0 0xe70002 0x0 0xea0007 0x0 0x38 0x0 0xee0003 0x0 0x28 0xf70002 0x0 0xfa0007 0x0 0x90 0x0 0xff0005 0x0 0x0 0x0 0x0 0x0 0x0 0x1040005 0x0 0x0 0x0 0x0 0x0 0x0 0x1190005 0x936d 0x0 0x0 0x0 0x0 0x0 0x11c0007 0x9301 0x138 0x0 0x12d0002 0x0 0x1300007 0x0 0x68 0x0 0x1360007 0x0 0x38 0x0 0x13a0003 0x0 0x38 0x1440002 0x0 0x14e0002 0x0 0x1510007 0x0 0x90 0x0 0x1560005 0x0 0x0 0x0 0x0 0x0 0x0 0x15b0005 0x0 0x0 0x0 0x0 0x0 0x0 0x16b0002 0x9320 0x1760005 0x0 0x0 0x1fc55ae4a00 0x9333 0x0 0x0 0x1790007 0x0 0x290 0x9445 0x18b0002 0x948e 0x18f0005 0x0 0x0 0x1fc55a9ea20 0x93bf 0x0 0x0 0x1920007 0x302d 0x70 0x6367 0x1a20005 0x6392 0x0 0x0 0x0 0x0 0x0 0x1a70003 0x6321 0x18 0x1b90002 0x92df 0x1bc0005 0x0 0x0 0x1fc55ae5f00 0x93af 0x0 0x0 0x1e20007 0x9306 0x38 0x91 0x1e70003 0x91 0x18 0x1f30005 0x0 0x0 0x1fc55ae5f00 0x93ea 0x0 0x0 0x1f60005 0x0 0x0 0x1fc55ae5f00 0x937a 0x0 0x0 0x1fa0005 0x0 0x0 0x1fc55a9ea20 0x938c 0x0 0x0 0x1fd0007 0x302a 0x58 0x6304 0x2080005 0x0 0x0 0x1fc7b5e5740 0x637a 0x0 0x0 0x2150005 0x0 0x0 0x1fc7b5e5740 0x302d 0x0 0x0 0x22c0005 0x0 0x0 0x0 0x0 0x0 0x0 0x23a0002 0x0 0x23d0005 0x0 0x0 0x0 0x0 0x0 0x0 0x2440005 0x0 0x0 0x0 0x0 0x0 0x0 0x2480005 0x0 0x0 0x0 0x0 0x0 0x0 0x24b0002 0x0 0x24e0005 0x0 0x0 0x0 0x0 0x0 0x0 0x0 0x0 0x0 0x0 0x0 0x0 0x0 0x0 0x0 0x0 0x0 0x0 0x0 0x0 0x0 0x0 0x0 0x0 0x0 0x0 0x0 0x0 0x0 0x0 0x0 0x0 0x0 0x0 0x0 0x0 0x9 0x1 0x0 oops 9 19 com/android/tools/r8/graph/u1 169 java/util/HashSet 182 com/android/tools/r8/graph/k3 205 com/android/tools/r8/graph/g1$a 219 com/android/tools/r8/graph/g1$a 226 com/android/tools/r8/graph/g1$a 233 com/android/tools/r8/graph/k3 244 java/util/ArrayList 251 java/util/ArrayList methods 0
ciMethodData com/android/tools/r8/graph/n4 a (Ljava/lang/String;Z)Lcom/android/tools/r8/internal/Q2; 1 2775 orig 80 0 0 0 0 0 0 0 0 0 0 0 0 56 167 0 0 0 0 0 0 0 0 0 0 0 0 0 0 0 0 0 0 0 0 0 0 0 0 0 0 0 0 0 0 0 0 0 0 0 0 0 0 0 0 0 0 0 0 0 0 0 0 0 0 0 0 0 0 0 0 0 0 0 0 0 0 0 0 0 0 data 78 0x120007 0x273 0x138 0x0 0x1c0007 0x0 0x118 0x0 0x200007 0x0 0xf8 0x0 0x240002 0x0 0x270007 0x0 0xc8 0x0 0x340005 0x0 0x0 0x0 0x0 0x0 0x0 0x460002 0x0 0x590002 0x0 0x640002 0x0 0x84000a 0x0 0x3 0x0 0x0 0x0 0x930002 0x0 0xac0002 0x273 0xb30005 0x272 0x0 0x0 0x0 0x0 0x0 0xbd0007 0x6e 0x30 0x203 0xc60002 0x203 0xdb000a 0x272 0x1 0x1fc56094f60 0xe40002 0x272 0x0 0x0 0x0 0x0 0x0 0x0 0x0 0x0 0x0 0x0 0x0 0x0 0x0 0x9 0x3 0x0 0x0 0x0 oops 1 57 com/android/tools/r8/graph/n4$$Lambda$306+0x000001fc10140898 methods 0
ciMethodData com/android/tools/r8/graph/n4 a (ILcom/android/tools/r8/internal/qv0;Ljava/lang/String;Z)Lcom/android/tools/r8/internal/Q2; 1 167 orig 80 0 0 0 0 0 0 0 0 0 0 0 0 56 167 0 0 0 0 0 0 0 0 0 0 0 0 0 0 0 0 0 0 0 0 0 0 0 0 0 0 0 0 0 0 0 0 0 0 0 0 0 0 0 0 0 0 0 0 0 0 0 0 0 0 0 0 0 0 0 0 0 0 0 0 0 0 0 0 0 0 data 21 0x40007 0x13 0x30 0x94 0xe0002 0x94 0x290002 0xa7 0x0 0x0 0x0 0x0 0x0 0x0 0x9 0x5 0x60 0x0 0x0 0xffffffffffffffff 0x0 oops 0 methods 0
ciMethodData com/android/tools/r8/graph/o4 b (ILjava/lang/String;)V 1 1225 orig 80 0 0 0 0 0 0 0 0 0 0 0 0 56 167 0 0 0 0 0 0 0 0 0 0 0 0 0 0 0 0 0 0 0 0 0 0 0 0 0 0 0 0 0 0 0 0 0 0 0 0 0 0 0 0 0 0 0 0 0 0 0 0 0 0 0 0 0 0 0 0 0 0 0 0 0 0 0 0 0 0 data 76 0x40007 0x64 0xa8 0xa0 0xa0007 0xa1 0x68 0x0 0x110007 0x0 0x38 0x0 0x140003 0x0 0x28 0x1b0002 0x0 0x290002 0xa1 0x370002 0xa0 0x3e0007 0x0 0x70 0x105 0x480005 0x0 0x0 0x1fc7b5e5740 0x105 0x0 0x0 0x4c0003 0x105 0x98 0x650005 0x0 0x0 0x0 0x0 0x0 0x0 0x680002 0x0 0x6b0005 0x0 0x0 0x0 0x0 0x0 0x0 0x760002 0x105 0x790005 0x0 0x0 0x1fc7b5e5740 0x105 0x0 0x0 0x7e0002 0x105 0x0 0x0 0x0 0x0 0x0 0x0 0x0 0x0 0x0 0x9 0x3 0x0 0x0 0x0 oops 2 28 java/util/ArrayList 56 java/util/ArrayList methods 0
ciMethodData com/android/tools/r8/graph/m4 a ()V 2 5873 orig 80 0 0 0 0 0 0 0 0 0 0 0 0 56 167 0 0 0 0 0 0 0 0 0 0 0 0 0 0 0 0 0 0 0 0 0 0 0 0 0 0 0 0 0 0 0 0 0 0 0 0 0 0 0 0 0 0 0 0 0 0 0 0 0 0 0 0 0 0 0 0 0 0 0 0 0 0 0 0 0 0 data 540 0x60007 0x15ef 0x128 0x19 0x2f0005 0x0 0x0 0x1fc7b5e5740 0x19 0x0 0x0 0x320004 0x0 0x0 0x1fc55716ac0 0x19 0x0 0x0 0x350002 0x19 0x380002 0x19 0x3b0002 0x19 0x430007 0x19 0x30 0x0 0x4b0002 0x0 0x580005 0x0 0x0 0x1fc7b5e5740 0x19 0x0 0x0 0x660002 0x160a 0x690007 0x0 0x38 0x1603 0x6c0003 0x1602 0x188 0x7e0005 0x0 0x0 0x0 0x0 0x0 0x0 0x850007 0x0 0x70 0x0 0x9a0005 0x0 0x0 0x0 0x0 0x0 0x0 0x9f0003 0x0 0x18 0xac0007 0x0 0x38 0x0 0xaf0003 0x0 0xa8 0xba0005 0x0 0x0 0x0 0x0 0x0 0x0 0xc10005 0x0 0x0 0x0 0x0 0x0 0x0 0xc40007 0x0 0xc70 0x0 0x1280002 0x1604 0x1370005 0x0 0x0 0x1fc7b5e5740 0x1609 0x0 0x0 0x13a0004 0x0 0x0 0x1fc55ae5e30 0x1602 0x0 0x0 0x1450005 0x0 0x0 0x1fc7b5e5740 0x1602 0x0 0x0 0x1480004 0x0 0x0 0x1fc55ae5e30 0x1607 0x0 0x0 0x1570005 0x0 0x0 0x1fc7b5e5740 0x1608 0x0 0x0 0x15a0004 0x0 0x0 0x1fc55c14440 0x1609 0x0 0x0 0x1650005 0x0 0x0 0x1fc7b5e5740 0x1606 0x0 0x0 0x1680004 0x0 0x0 0x1fc55c14440 0x1608 0x0 0x0 0x1820005 0x1609 0x0 0x0 0x0 0x0 0x0 0x1910007 0x1605 0x38 0x0 0x1990003 0x0 0x18 0x1d10005 0x0 0x0 0x1fc558380e0 0x1606 0x0 0x0 0x1e10005 0x1609 0x0 0x0 0x0 0x0 0x0 0x1e40005 0x0 0x0 0x1fc55c181f0 0x1605 0x0 0x0 0x1e90007 0xa0e 0x5c0 0xbf9 0x1ed0005 0x0 0x0 0x1fc559abea0 0xbfa 0x0 0x0 0x1f00007 0x3f2 0x568 0x809 0x1f70007 0x809 0x330 0x0 0x1fd0007 0x0 0xa0 0x0 0x2010005 0x0 0x0 0x0 0x0 0x0 0x0 0x2040007 0x0 0x38 0x0 0x2070003 0x0 0x28 0x20e0002 0x0 0x21a0005 0x0 0x0 0x0 0x0 0x0 0x0 0x21e0005 0x0 0x0 0x0 0x0 0x0 0x0 0x2250002 0x0 0x2280005 0x0 0x0 0x0 0x0 0x0 0x0 0x22b0005 0x0 0x0 0x0 0x0 0x0 0x0 0x2320005 0x0 0x0 0x0 0x0 0x0 0x0 0x2370007 0x0 0x138 0x0 0x23c0005 0x0 0x0 0x0 0x0 0x0 0x0 0x2410004 0x0 0x0 0x0 0x0 0x0 0x0 0x24b0005 0x0 0x0 0x0 0x0 0x0 0x0 0x24e0007 0x0 0xffffffffffffff00 0x0 0x2530005 0x0 0x0 0x0 0x0 0x0 0x0 0x2580003 0x0 0x240 0x25f0002 0x0 0x2670007 0x809 0x218 0x0 0x26d0007 0x0 0x88 0x0 0x2710005 0x0 0x0 0x0 0x0 0x0 0x0 0x2740007 0x0 0x30 0x0 0x27b0002 0x0 0x2880005 0x0 0x0 0x0 0x0 0x0 0x0 0x28c0005 0x0 0x0 0x0 0x0 0x0 0x0 0x29b0004 0x0 0x0 0x0 0x0 0x0 0x0 0x2a00004 0x0 0x0 0x0 0x0 0x0 0x0 0x2a30004 0x0 0x0 0x0 0x0 0x0 0x0 0x2a60004 0x0 0x0 0x0 0x0 0x0 0x0 0x2a70002 0x0 0x2ae0002 0x0 0x2b60007 0x3f2 0x160 0x1215 0x2ba0005 0x0 0x0 0x1fc55c181f0 0x1216 0x0 0x0 0x2bd0007 0x0 0x78 0x1215 0x2c10005 0x0 0x0 0x1fc55c181f0 0x1215 0x0 0x0 0x2c40007 0x1214 0xb0 0x0 0x2ce0005 0x0 0x0 0x0 0x0 0x0 0x0 0x2d30007 0x0 0x58 0x0 0x2ee0005 0x0 0x0 0x0 0x0 0x0 0x0 0x2f20005 0x0 0x0 0x1fc55c181f0 0x1604 0x0 0x0 0x2f50007 0x0 0x20 0x1607 0x3010005 0x1543 0x0 0x1fc55c181f0 0xc3 0x0 0x0 0x3040007 0x0 0x180 0x1607 0x3080005 0x0 0x0 0x1fc55c181f0 0x1607 0x0 0x0 0x3120005 0x1609 0x0 0x0 0x0 0x0 0x0 0x31c0007 0x1608 0x68 0x0 0x3230007 0x0 0x38 0x0 0x3260003 0x0 0x28 0x32d0002 0x0 0x3330007 0x1609 0x68 0x0 0x3370007 0x0 0x38 0x0 0x33a0003 0x0 0x28 0x3410002 0x0 0x34e0007 0x15c0 0x20 0x4a 0x35b0005 0x0 0x0 0x1fc55838190 0x1608 0x0 0x0 0x36b0002 0x0 0x0 0x0 0x0 0x0 0x0 0x0 0x0 0x0 0x0 0x0 0x0 0x0 0x0 0x0 0x0 0x0 0x0 0x0 0x0 0x0 0x0 0x0 0x0 0x0 0x0 0x0 0x0 0x0 0x0 0x0 0x0 0x0 0x0 0x0 0x0 0x0 0x0 0x0 0x0 0x0 0x0 0x0 0x0 0x0 0x0 0x0 0x0 0x0 0x0 0x9 0x1 0x0 oops 20 7 java/util/ArrayList 14 [Lcom/android/tools/r8/graph/t0; 33 java/util/ArrayList 97 java/util/ArrayList 104 [Lcom/android/tools/r8/graph/g1; 111 java/util/ArrayList 118 [Lcom/android/tools/r8/graph/g1; 125 java/util/ArrayList 132 [Lcom/android/tools/r8/graph/j1; 139 java/util/ArrayList 146 [Lcom/android/tools/r8/graph/j1; 167 com/android/tools/r8/graph/V$$Lambda$51+0x000001fc100a2200 181 com/android/tools/r8/graph/H2 192 com/android/tools/r8/graph/h4 376 com/android/tools/r8/graph/H2 387 com/android/tools/r8/graph/H2 416 com/android/tools/r8/graph/H2 427 com/android/tools/r8/graph/H2 438 com/android/tools/r8/graph/H2 482 com/android/tools/r8/dex/a$$Lambda$50+0x000001fc1009cdc0 methods 0
ciMethodData com/android/tools/r8/graph/o4 a ()Lcom/android/tools/r8/internal/Q2; 1 56 orig 80 0 0 0 0 0 0 0 0 0 0 0 0 56 167 0 0 0 0 0 0 0 0 0 0 0 0 0 0 0 0 0 0 0 0 0 0 0 0 0 0 0 0 0 0 0 0 0 0 0 0 0 0 0 0 0 0 0 0 0 0 0 0 0 0 0 0 0 0 0 0 0 0 0 0 0 0 0 0 0 0 data 15 0xd000a 0x0 0x3 0x0 0x0 0x1fc56095280 0x140002 0x38 0x0 0x0 0x0 0x0 0x9 0x1 0x0 oops 1 5 com/android/tools/r8/graph/o4$$Lambda$300+0x000001fc1013e800 methods 0
ciMethodData com/android/tools/r8/internal/de a (Lcom/android/tools/r8/internal/Q2;ILjava/lang/String;[C)I 2 38230 orig 80 0 0 0 0 0 0 0 0 0 0 0 0 56 167 0 0 0 0 0 0 0 0 0 0 0 0 0 0 0 0 0 0 0 0 0 0 0 0 0 0 0 0 0 0 0 0 0 0 0 0 0 0 0 0 0 0 0 0 0 0 0 0 0 0 0 0 0 0 0 0 0 0 0 0 0 0 0 0 0 0 data 597 0x10007 0x74a5 0xf0 0x17f4 0x120007 0x0 0x98 0x17f5 0x180007 0x803 0x40 0xff2 0x1e0007 0x4af 0x20 0xb43 0x330005 0x803 0x0 0x0 0x0 0x0 0x0 0x410005 0x0 0x0 0x0 0x0 0x0 0x0 0x540008 0x1c 0x0 0xf0 0x24 0xfb0 0x0 0xef8 0x0 0xe40 0x2 0xd98 0x0 0xd98 0x9e8 0xd98 0x6 0xd98 0x0 0xce0 0xc 0xc00 0xfea 0x2d0 0x2 0x218 0x41c 0x170 0x5729 0x100 0xcc0002 0x0 0xd70005 0x5735 0x0 0x0 0x0 0x0 0x0 0xdb0005 0x0 0x0 0x1fc54773940 0x57f1 0x0 0x0 0xe90005 0x41d 0x0 0x0 0x0 0x0 0x0 0xf30005 0x41b 0x0 0x0 0x0 0x0 0x0 0xf80005 0x0 0x0 0x1fc54773940 0x41d 0x0 0x0 0x1050005 0x2 0x0 0x0 0x0 0x0 0x0 0x1090005 0x2 0x0 0x0 0x0 0x0 0x0 0x10e0002 0x2 0x1120005 0x0 0x0 0x1fc54773940 0x2 0x0 0x0 0x11b0005 0xfea 0x0 0x0 0x0 0x0 0x0 0x1260007 0xf87 0x90 0x60 0x12b0005 0x59 0x0 0x1fc54773940 0x7 0x0 0x0 0x1380005 0x60 0x0 0x0 0x0 0x0 0x0 0x1470008 0x12 0xa65 0xa0 0x0 0x788 0x0 0x6a8 0x0 0x5b8 0x0 0x4c8 0x523 0x3e8 0x0 0x308 0x0 0x228 0x0 0x110 0x1920005 0x936 0x0 0x1fc54773940 0x133 0x0 0x0 0x19f0005 0xa64 0x0 0x0 0x0 0x0 0x0 0x1af0007 0x0 0xe0 0x0 0x1bc0005 0x0 0x0 0x0 0x0 0x0 0x0 0x1c20005 0x0 0x0 0x0 0x0 0x0 0x0 0x1c50007 0x0 0x38 0x0 0x1cb0003 0x0 0x18 0x1dd0003 0x0 0xffffffffffffff38 0x1e50005 0x0 0x0 0x0 0x0 0x0 0x0 0x1f50007 0x0 0xa8 0x0 0x2050005 0x0 0x0 0x0 0x0 0x0 0x0 0x20b0005 0x0 0x0 0x0 0x0 0x0 0x0 0x2160003 0x0 0xffffffffffffff70 0x21e0005 0x0 0x0 0x0 0x0 0x0 0x0 0x22e0007 0x0 0xa8 0x0 0x23e0005 0x0 0x0 0x0 0x0 0x0 0x0 0x2440005 0x0 0x0 0x0 0x0 0x0 0x0 0x24e0003 0x0 0xffffffffffffff70 0x2560005 0x0 0x0 0x0 0x0 0x0 0x0 0x2660007 0x522 0xa8 0xf36 0x2760005 0xf37 0x0 0x0 0x0 0x0 0x0 0x27c0005 0xf36 0x0 0x0 0x0 0x0 0x0 0x2860003 0xf35 0xffffffffffffff70 0x28e0005 0x0 0x0 0x1fc54773940 0x521 0x0 0x0 0x29e0007 0x0 0xb8 0x0 0x2ae0005 0x0 0x0 0x0 0x0 0x0 0x0 0x2b40005 0x0 0x0 0x0 0x0 0x0 0x0 0x2b70002 0x0 0x2c10003 0x0 0xffffffffffffff60 0x2c90005 0x0 0x0 0x0 0x0 0x0 0x0 0x2d90007 0x0 0xb8 0x0 0x2e90005 0x0 0x0 0x0 0x0 0x0 0x0 0x2ef0005 0x0 0x0 0x0 0x0 0x0 0x0 0x2f20002 0x0 0x2fc0003 0x0 0xffffffffffffff60 0x3040005 0x0 0x0 0x0 0x0 0x0 0x0 0x3140007 0x0 0xa8 0x0 0x3240005 0x0 0x0 0x0 0x0 0x0 0x0 0x32a0005 0x0 0x0 0x0 0x0 0x0 0x0 0x3350003 0x0 0xffffffffffffff70 0x33d0005 0x0 0x0 0x0 0x0 0x0 0x0 0x34d0007 0x0 0xa8 0x0 0x35d0005 0x0 0x0 0x0 0x0 0x0 0x0 0x3630005 0x0 0x0 0x0 0x0 0x0 0x0 0x36e0003 0x0 0xffffffffffffff70 0x3760005 0x0 0x0 0x0 0x0 0x0 0x0 0x3810005 0xc 0x0 0x0 0x0 0x0 0x0 0x3870005 0xc 0x0 0x0 0x0 0x0 0x0 0x38a0007 0x3 0x38 0x9 0x3910003 0x9 0x18 0x39c0005 0x0 0x0 0x1fc54773940 0xc 0x0 0x0 0x3ab0005 0x0 0x0 0x0 0x0 0x0 0x0 0x3b10005 0x0 0x0 0x0 0x0 0x0 0x0 0x3b50002 0x0 0x3b90005 0x0 0x0 0x0 0x0 0x0 0x0 0x3c40005 0x9f2 0x0 0x0 0x0 0x0 0x0 0x3cb0005 0x9ee 0x0 0x0 0x0 0x0 0x0 0x3cf0005 0x0 0x0 0x1fc54773940 0x9f1 0x0 0x0 0x3de0005 0x0 0x0 0x0 0x0 0x0 0x0 0x3e40005 0x0 0x0 0x0 0x0 0x0 0x0 0x3e80002 0x0 0x3ec0005 0x0 0x0 0x0 0x0 0x0 0x0 0x3fb0005 0x0 0x0 0x0 0x0 0x0 0x0 0x4010005 0x0 0x0 0x0 0x0 0x0 0x0 0x4050002 0x0 0x4090005 0x0 0x0 0x0 0x0 0x0 0x0 0x4160005 0x24 0x0 0x0 0x0 0x0 0x0 0x4190005 0x0 0x0 0x1fc54773940 0x24 0x0 0x0 0x4260005 0x24 0x0 0x0 0x0 0x0 0x0 0x0 0x0 0x0 0x0 0x0 0x0 0x0 0x0 0x0 0x0 0x0 0x0 0x0 0x0 0x0 0x0 0x0 0x0 0x0 0x0 0x0 0x0 0x0 0x0 0x0 0x0 0x0 0x0 0x0 0x0 0x0 0x0 0x0 0x0 0x0 0x0 0x0 0x9 0x5 0x0 0x0 0x0 0x0 0x0 oops 9 72 com/android/tools/r8/graph/l4 93 com/android/tools/r8/graph/l4 116 com/android/tools/r8/graph/l4 134 com/android/tools/r8/graph/l4 168 com/android/tools/r8/graph/l4 294 com/android/tools/r8/graph/l4 438 com/android/tools/r8/graph/l4 482 com/android/tools/r8/graph/l4 542 com/android/tools/r8/graph/l4 methods 0
ciMethodData com/android/tools/r8/graph/o4 a (Ljava/lang/String;Z)Lcom/android/tools/r8/internal/Q2; 2 8738 orig 80 0 0 0 0 0 0 0 0 0 0 0 0 56 167 0 0 0 0 0 0 0 0 0 0 0 0 0 0 0 0 0 0 0 0 0 0 0 0 0 0 0 0 0 0 0 0 0 0 0 0 0 0 0 0 0 0 0 0 0 0 0 0 0 0 0 0 0 0 0 0 0 0 0 0 0 0 0 0 0 0 data 78 0x120007 0x1a1a 0x138 0x0 0x1c0007 0x0 0x118 0x0 0x200007 0x0 0xf8 0x0 0x240002 0x0 0x270007 0x0 0xc8 0x0 0x340005 0x0 0x0 0x0 0x0 0x0 0x0 0x460002 0x0 0x590002 0x0 0x640002 0x0 0x84000a 0x0 0x3 0x0 0x0 0x0 0x930002 0x0 0xac0002 0x1a1e 0xb40005 0x1a1d 0x0 0x0 0x0 0x0 0x0 0xbe0007 0x3ea 0x30 0x1632 0xc70002 0x1632 0xdc000a 0x1a1b 0x1 0x1fc55c3b350 0xe50002 0x1a17 0x0 0x0 0x0 0x0 0x0 0x0 0x0 0x0 0x0 0x0 0x0 0x0 0x0 0x9 0x3 0x0 0x0 0x0 oops 1 57 com/android/tools/r8/graph/o4$$Lambda$244+0x000001fc1012c9e0 methods 0
ciMethodData com/android/tools/r8/graph/o4 c (ILcom/android/tools/r8/internal/qv0;Ljava/lang/String;Z)Lcom/android/tools/r8/internal/Q2; 2 5432 orig 80 0 0 0 0 0 0 0 0 0 0 0 0 56 167 0 0 0 0 0 0 0 0 0 0 0 0 0 0 0 0 0 0 0 0 0 0 0 0 0 0 0 0 0 0 0 0 0 0 0 0 0 0 0 0 0 0 0 0 0 0 0 0 0 0 0 0 0 0 0 0 0 0 0 0 0 0 0 0 0 0 data 21 0x40007 0x63d 0x30 0x6f6 0xe0002 0x6f5 0x290002 0xd33 0x0 0x0 0x0 0x0 0x0 0x0 0x9 0x5 0x60 0x0 0x0 0xffffffffffffffff 0x0 oops 0 methods 0
ciMethodData com/android/tools/r8/internal/de a (Lcom/android/tools/r8/internal/rY;Lcom/android/tools/r8/internal/ji;IZ)V 2 29454 orig 80 0 0 0 0 0 0 0 0 0 0 0 0 56 167 0 0 0 0 0 0 0 0 0 0 0 0 0 0 0 0 0 0 0 0 0 0 0 0 0 0 0 0 0 0 0 0 0 0 0 0 0 0 0 0 0 0 0 0 0 0 0 0 0 0 0 0 0 0 0 0 0 0 0 0 0 0 0 0 0 0 data 62 0x140005 0x0 0x0 0x1fc54773890 0x1b35 0x0 0x0 0x220007 0x1b3a 0x150 0x301c 0x270005 0x301c 0x0 0x0 0x0 0x0 0x0 0x360007 0x3021 0xe0 0x27e8 0x410005 0x27e8 0x0 0x0 0x0 0x0 0x0 0x4d0005 0x0 0x0 0x1fc54773890 0x27e6 0x0 0x0 0x540005 0x27f4 0x0 0x0 0x0 0x0 0x0 0x580003 0x27ec 0xffffffffffffff38 0x5e0003 0x3021 0xfffffffffffffec8 0x0 0x0 0x0 0x0 0x0 0x0 0x9 0x5 0x0 0x0 0x0 0x0 0x0 oops 2 3 com/android/tools/r8/graph/o4 32 com/android/tools/r8/graph/o4 methods 0
ciMethod java/lang/invoke/LambdaForm$MH+0x000001fc10131000 linkToTargetMethod (Ljava/lang/Object;Ljava/lang/Object;ILjava/lang/Object;Ljava/lang/Object;Ljava/lang/Object;)Ljava/lang/Object; 956 0 3166 0 -1
ciMethodData com/android/tools/r8/graph/R2 <init> ()V 2 36547 orig 80 0 0 0 0 0 0 0 0 0 0 0 0 56 167 0 0 0 0 0 0 0 0 0 0 0 0 0 0 0 0 0 0 0 0 0 0 0 0 0 0 0 0 0 0 0 0 0 0 0 0 0 0 0 0 0 0 0 0 0 0 0 0 0 0 0 0 0 0 0 0 0 0 0 0 0 0 0 0 0 0 data 7 0x10002 0x8ce3 0x0 0x0 0x9 0x1 0x0 oops 0 methods 0
ciMethod com/android/tools/r8/graph/t0 <init> (Lcom/android/tools/r8/graph/L2;Lcom/android/tools/r8/graph/R2;)V 4926 0 2791 0 0
ciMethodData com/android/tools/r8/graph/e1 <init> (Lcom/android/tools/r8/graph/M2;[Lcom/android/tools/r8/graph/t0;)V 2 1601 orig 80 0 0 0 0 0 0 0 0 0 0 0 0 56 167 0 0 0 0 0 0 0 0 0 0 0 0 0 0 0 0 0 0 0 0 0 0 0 0 0 0 0 0 0 0 0 0 0 0 0 0 0 0 0 0 0 0 0 0 0 0 0 0 0 0 0 0 0 0 0 0 0 0 0 0 0 0 0 0 0 0 data 11 0x30002 0x42e 0x0 0x0 0x0 0x0 0x9 0x3 0xe 0x0 0x0 oops 0 methods 0
ciMethodData com/android/tools/r8/graph/r0 <init> (ILcom/android/tools/r8/graph/e1;)V 1 1640 orig 80 0 0 0 0 0 0 0 0 0 0 0 0 56 167 0 0 0 0 0 0 0 0 0 0 0 0 0 0 0 0 0 0 0 0 0 0 0 0 0 0 0 0 0 0 0 0 0 0 0 0 0 0 0 0 0 0 0 0 0 0 0 0 0 0 0 0 0 0 0 0 0 0 0 0 0 0 0 0 0 0 data 11 0x30002 0x2dd 0x0 0x0 0x0 0x0 0x9 0x3 0x6 0x0 0x0 oops 0 methods 0
ciMethod com/android/tools/r8/graph/J3 <init> (Lcom/android/tools/r8/graph/u1;)V 4124 0 5893 0 -1
ciMethod com/android/tools/r8/graph/J3 b (Ljava/lang/String;)Lcom/android/tools/r8/graph/G3$e; 4108 0 1181 0 -1
ciMethod com/android/tools/r8/graph/J3 c ()Lcom/android/tools/r8/graph/G3$e; 4184 0 17419 0 -1
ciMethod com/android/tools/r8/graph/J3 f ()V 4190 0 125341 0 -1
ciMethod com/android/tools/r8/graph/J3 a (ILjava/lang/String;)V 0 0 1 0 -1
ciMethod com/android/tools/r8/graph/s5 <init> (Lcom/android/tools/r8/graph/M2;)V 2 0 1 0 -1
ciMethodData com/android/tools/r8/graph/R2$m <init> (Lcom/android/tools/r8/graph/g4;)V 2 15263 orig 80 0 0 0 0 0 0 0 0 0 0 0 0 56 167 0 0 0 0 0 0 0 0 0 0 0 0 0 0 0 0 0 0 0 0 0 0 0 0 0 0 0 0 0 0 0 0 0 0 0 0 0 0 0 0 0 0 0 0 0 0 0 0 0 0 0 0 0 0 0 0 0 0 0 0 0 0 0 0 0 0 data 9 0x20002 0x3821 0x0 0x0 0x0 0x9 0x2 0x6 0x0 oops 0 methods 0
ciMethodData com/android/tools/r8/graph/l4 <init> (Lcom/android/tools/r8/graph/k4;Ljava/util/function/BiConsumer;)V 2 6000 orig 80 0 0 0 0 0 0 0 0 0 0 0 0 56 167 0 0 0 0 0 0 0 0 0 0 0 0 0 0 0 0 0 0 0 0 0 0 0 0 0 0 0 0 0 0 0 0 0 0 0 0 0 0 0 0 0 0 0 0 0 0 0 0 0 0 0 0 0 0 0 0 0 0 0 0 0 0 0 0 0 0 data 13 0x50002 0xf5c 0x110002 0xf5a 0x0 0x0 0x0 0x0 0x9 0x3 0x1e 0x0 0x0 oops 0 methods 0
ciMethodData com/android/tools/r8/internal/Q2 <init> (Lcom/android/tools/r8/internal/Q2;)V 2 4446 orig 80 0 0 0 0 0 0 0 0 0 0 0 0 56 167 0 0 0 0 0 0 0 0 0 0 0 0 0 0 0 0 0 0 0 0 0 0 0 0 0 0 0 0 0 0 0 0 0 0 0 0 0 0 0 0 0 0 0 0 0 0 0 0 0 0 0 0 0 0 0 0 0 0 0 0 0 0 0 0 0 0 data 9 0x20002 0xf5a 0x0 0x0 0x0 0x9 0x2 0x6 0x0 oops 0 methods 0
ciMethodData com/android/tools/r8/graph/l4 a ()V 2 5987 orig 80 0 0 0 0 0 0 0 0 0 0 0 0 56 167 0 0 0 0 0 0 0 0 0 0 0 0 0 0 0 0 0 0 0 0 0 0 0 0 0 0 0 0 0 0 0 0 0 0 0 0 0 0 0 0 0 0 0 0 0 0 0 0 0 0 0 0 0 0 0 0 0 0 0 0 0 0 0 0 0 0 data 16 0xf0005 0x45 0x0 0x1fc560915c0 0xb56 0x1fc55f4b1c0 0x9bf 0x0 0x0 0x0 0x0 0x0 0x0 0x9 0x1 0x0 oops 2 3 com/android/tools/r8/graph/r4$$Lambda$248+0x000001fc1012f338 5 com/android/tools/r8/graph/l4$$Lambda$285+0x000001fc1013a770 methods 0
ciMethodData com/android/tools/r8/graph/t0 <init> (Lcom/android/tools/r8/graph/L2;Lcom/android/tools/r8/graph/R2;)V 2 2791 orig 80 0 0 0 0 0 0 0 0 0 0 0 0 56 167 0 0 0 0 0 0 0 0 0 0 0 0 0 0 0 0 0 0 0 0 0 0 0 0 0 0 0 0 0 0 0 0 0 0 0 0 0 0 0 0 0 0 0 0 0 0 0 0 0 0 0 0 0 0 0 0 0 0 0 0 0 0 0 0 0 0 data 11 0x30002 0x41d 0x0 0x0 0x0 0x0 0x9 0x3 0x6 0x0 0x0 oops 0 methods 0
ciMethodData com/android/tools/r8/graph/R2$k <init> (Lcom/android/tools/r8/graph/L2;)V 2 15193 orig 80 0 0 0 0 0 0 0 0 0 0 0 0 56 167 0 0 0 0 0 0 0 0 0 0 0 0 0 0 0 0 0 0 0 0 0 0 0 0 0 0 0 0 0 0 0 0 0 0 0 0 0 0 0 0 0 0 0 0 0 0 0 0 0 0 0 0 0 0 0 0 0 0 0 0 0 0 0 0 0 0 data 8 0x20002 0x358f 0x0 0x0 0x9 0x2 0x0 0x0 oops 0 methods 0
ciMethodData com/android/tools/r8/graph/J3 f ()V 2 125345 orig 80 0 0 0 0 0 0 0 0 0 0 0 0 56 167 0 0 0 0 0 0 0 0 0 0 0 0 0 0 0 0 0 0 0 0 0 0 0 0 0 0 0 0 0 0 0 0 0 0 0 0 0 0 0 0 0 0 0 0 0 0 0 0 0 0 0 0 0 0 0 0 0 0 0 0 0 0 0 0 0 0 data 38 0x40007 0x0 0xa8 0x1e252 0xa0007 0x1e2cb 0x68 0x0 0x110007 0x0 0x38 0x0 0x140003 0x0 0x28 0x1b0002 0x0 0x2c0007 0x16b3 0x20 0x1cc38 0x510005 0x0 0x0 0x0 0x0 0x0 0x0 0x0 0x0 0x0 0x0 0x0 0x0 0x0 0x9 0x1 0xe oops 0 methods 0
ciMethodData com/android/tools/r8/graph/J3 a (ILjava/lang/String;)V 1 0 orig 80 0 0 0 0 0 0 0 0 0 0 0 0 56 167 0 0 0 0 0 0 0 0 0 0 0 0 0 0 0 0 0 0 0 0 0 0 0 0 0 0 0 0 0 0 0 0 0 0 0 0 0 0 0 0 0 0 0 0 0 0 0 0 0 0 0 0 0 0 0 0 0 0 0 0 0 0 0 0 0 0 data 49 0x10002 0x0 0x40005 0x0 0x0 0x0 0x0 0x0 0x0 0xa0005 0x0 0x0 0x0 0x0 0x0 0x0 0xd000a 0x0 0x3 0x0 0x0 0x0 0x1c0002 0x0 0x230002 0x0 0x280002 0x0 0x2e000a 0x0 0x5 0x0 0x0 0x2 0x0 0x0 0x330002 0x0 0x0 0x0 0x0 0x0 0x0 0x0 0x9 0x3 0x0 0x0 0x0 oops 0 methods 0
ciMethodData com/android/tools/r8/graph/r4 a (Ljava/lang/String;ZLjava/util/List;Lcom/android/tools/r8/graph/k4;Ljava/util/function/BiFunction;)Lcom/android/tools/r8/graph/l4; 2 27580 orig 80 0 0 0 0 0 0 0 0 0 0 0 0 56 167 0 0 0 0 0 0 0 0 0 0 0 0 0 0 0 0 0 0 0 0 0 0 0 0 0 0 0 0 0 0 0 0 0 0 0 0 0 0 0 0 0 0 0 0 0 0 0 0 0 0 0 0 0 0 0 0 0 0 0 0 0 0 0 0 0 0 data 56 0x30007 0x639d 0x68 0x0 0x80007 0x0 0x38 0x0 0xb0003 0x0 0x28 0x120002 0x0 0x170007 0xa81 0xa0 0x5926 0x1d0005 0x592e 0x0 0x0 0x0 0x0 0x0 0x270002 0x5993 0x2a0007 0x5981 0x38 0x0 0x2d0003 0x0 0x18 0x3c000a 0xa82 0x5 0x0 0x1fc7b5e5740 0x1 0x2 0x1fc560915c0 0x430002 0xa82 0x0 0x0 0x0 0x0 0x0 0x0 0x9 0x5 0xffffffffffffffff 0x0 0x0 0x0 0x0 oops 2 37 java/util/ArrayList 40 com/android/tools/r8/graph/r4$$Lambda$248+0x000001fc1012f338 methods 0
ciMethodData com/android/tools/r8/graph/J3 c ()Lcom/android/tools/r8/graph/G3$e; 2 17420 orig 80 0 0 0 0 0 0 0 0 0 0 0 0 56 167 0 0 0 0 0 0 0 0 0 0 0 0 0 0 0 0 0 0 0 0 0 0 0 0 0 0 0 0 0 0 0 0 0 0 0 0 0 0 0 0 0 0 0 0 0 0 0 0 0 0 0 0 0 0 0 0 0 0 0 0 0 0 0 0 0 0 data 142 0x80007 0x2f13 0x3e0 0xcd5 0xe0007 0xbef 0x2a0 0xe6 0x140007 0x0 0x248 0xe6 0x190005 0xe6 0x0 0x0 0x0 0x0 0x0 0x210008 0x12 0xa7 0xa0 0x12 0xf0 0x0 0xf0 0x1 0xf0 0xd 0xf0 0x1b 0xf0 0x2 0xf0 0x0 0xf0 0x2 0xf0 0x6d0005 0xa7 0x0 0x0 0x0 0x0 0x0 0x710003 0xa7 0xa8 0x7a0002 0x3f 0x7d0005 0x0 0x0 0x1fc54b14b30 0x3f 0x0 0x0 0x870002 0x3f 0x8a0005 0x3f 0x0 0x0 0x0 0x0 0x0 0x900005 0x3f 0x0 0x1fc5621c380 0x5f 0x1fc56217960 0x48 0x940005 0xe6 0x0 0x0 0x0 0x0 0x0 0xa00005 0x0 0x0 0x0 0x0 0x0 0x0 0xa90005 0xbf1 0x0 0x0 0x0 0x0 0x0 0xac0005 0xbf2 0x0 0x0 0x0 0x0 0x0 0xb20007 0xbec 0x68 0x0 0xb90007 0x0 0x38 0x0 0xbc0003 0x0 0x28 0xc30002 0x0 0xca0005 0xbed 0x0 0x0 0x0 0x0 0x0 0xda0002 0xbeb 0xdf0005 0x2f15 0x0 0x0 0x0 0x0 0x0 0x0 0x0 0x0 0x0 0x0 0x0 0x0 0x0 0x9 0x1 0x0 oops 3 54 com/android/tools/r8/graph/u1 70 com/android/tools/r8/graph/G3$j 72 com/android/tools/r8/graph/G3$c methods 0
ciMethodData com/android/tools/r8/graph/o4 a (ILjava/lang/String;Z)Lcom/android/tools/r8/internal/Q2; 2 16098 orig 80 0 0 0 0 0 0 0 0 0 0 0 0 56 167 0 0 0 0 0 0 0 0 0 0 0 0 0 0 0 0 0 0 0 0 0 0 0 0 0 0 0 0 0 0 0 0 0 0 0 0 0 0 0 0 0 0 0 0 0 0 0 0 0 0 0 0 0 0 0 0 0 0 0 0 0 0 0 0 0 0 data 73 0x40007 0xdf6 0xd0 0x1db5 0xc0007 0x1db5 0x20 0x0 0x200002 0x1daf 0x2f0007 0x1dab 0x80 0x3541 0x3a0002 0x3533 0x3d0005 0x0 0x0 0x1fc7b5e5740 0x353a 0x0 0x0 0x440003 0x353a 0xffffffffffffff98 0x4a0007 0x2b9d 0x68 0x0 0x510007 0x0 0x38 0x0 0x540003 0x0 0x28 0x5b0002 0x0 0x670005 0x0 0x0 0x1fc7b5e5740 0x2ba0 0x0 0x0 0x6a0004 0x0 0x0 0x1fc7b5e5740 0x2b9e 0x0 0x0 0x74000a 0x2b9e 0x1 0x1fc561fc680 0x7d0002 0x2b99 0x0 0x0 0x0 0x0 0x0 0x0 0x0 0x0 0x9 0x4 0xc8 0x0 0xffffffffffffffff 0x0 oops 4 19 java/util/ArrayList 42 java/util/ArrayList 49 java/util/ArrayList 56 com/android/tools/r8/graph/o4$$Lambda$313+0x000001fc101424d0 methods 0
ciMethodData com/android/tools/r8/graph/J3 <init> (Lcom/android/tools/r8/graph/u1;)V 2 5893 orig 80 0 0 0 0 0 0 0 0 0 0 0 0 56 167 0 0 0 0 0 0 0 0 0 0 0 0 0 0 0 0 0 0 0 0 0 0 0 0 0 0 0 0 0 0 0 0 0 0 0 0 0 0 0 0 0 0 0 0 0 0 0 0 0 0 0 0 0 0 0 0 0 0 0 0 0 0 0 0 0 0 data 9 0x20002 0xef5 0x0 0x0 0x0 0x9 0x2 0x18 0x0 oops 0 methods 0
ciMethodData com/android/tools/r8/graph/o4 a (IZ)V 2 9042 orig 80 0 0 0 0 0 0 0 0 0 0 0 0 56 167 0 0 0 0 0 0 0 0 0 0 0 0 0 0 0 0 0 0 0 0 0 0 0 0 0 0 0 0 0 0 0 0 0 0 0 0 0 0 0 0 0 0 0 0 0 0 0 0 0 0 0 0 0 0 0 0 0 0 0 0 0 0 0 0 0 0 data 26 0x70007 0x1b43 0x88 0x0 0xd0007 0x0 0x68 0x0 0x120007 0x0 0x38 0x0 0x150003 0x0 0x28 0x1c0002 0x0 0x0 0x0 0x0 0x0 0x9 0x3 0x8 0x0 0x0 oops 0 methods 0
ciMethodData com/android/tools/r8/graph/r4 a (Ljava/lang/String;ZLjava/util/List;Lcom/android/tools/r8/graph/k4;ILcom/android/tools/r8/internal/qv0;)Lcom/android/tools/r8/graph/l4; 2 5597 orig 80 0 0 0 0 0 0 0 0 0 0 0 0 56 167 0 0 0 0 0 0 0 0 0 0 0 0 0 0 0 0 0 0 0 0 0 0 0 0 0 0 0 0 0 0 0 0 0 0 0 0 0 0 0 0 0 0 0 0 0 0 0 0 0 0 0 0 0 0 0 0 0 0 0 0 0 0 0 0 0 0 data 46 0x30007 0xdbf 0x68 0x0 0x70007 0x0 0x38 0x0 0xa0003 0x0 0x28 0x110002 0x0 0x1c0004 0xfffffffffffff23d 0x0 0x1fc560905b0 0x10 0x0 0x0 0x1f0007 0x0 0x20 0xd9c 0x2a000a 0x0 0x3 0x1 0x0 0x0 0x330002 0x0 0x0 0x0 0x0 0x0 0x0 0x0 0x9 0x6 0xffffffffffffffff 0x0 0x0 0x0 0x0 0x0 oops 1 16 com/android/tools/r8/DexIndexedConsumer$DirectoryConsumer methods 0
ciMethodData com/android/tools/r8/graph/J3 b (Ljava/lang/String;)Lcom/android/tools/r8/graph/G3$e; 1 1182 orig 80 0 0 0 0 0 0 0 0 0 0 0 0 56 167 0 0 0 0 0 0 0 0 0 0 0 0 0 0 0 0 0 0 0 0 0 0 0 0 0 0 0 0 0 0 0 0 0 0 0 0 0 0 0 0 0 0 0 0 0 0 0 0 0 0 0 0 0 0 0 0 0 0 0 0 0 0 0 0 0 0 data 59 0x60005 0x9 0x0 0x0 0x0 0x0 0x0 0x1c0005 0x9 0x0 0x0 0x0 0x0 0x0 0x1f0005 0x9 0x0 0x0 0x0 0x0 0x0 0x240003 0x0 0x30 0x280003 0x0 0xc8 0x330005 0x0 0x0 0x0 0x0 0x0 0x0 0x36000a 0x0 0x3 0x0 0x0 0x0 0x3b0002 0x0 0x3e0005 0x0 0x0 0x0 0x0 0x0 0x0 0x0 0x0 0x0 0x0 0x0 0x0 0x9 0x2 0xffffffffffffffff 0x0 oops 0 methods 0
ciMethod com/android/tools/r8/internal/qv0 <init> (I[B)V 54 0 28 0 -1
ciMethodData com/android/tools/r8/internal/rY b (ILjava/lang/String;)V 1 1226 orig 80 0 0 0 0 0 0 0 0 0 0 0 0 56 167 0 0 0 0 0 0 0 0 0 0 0 0 0 0 0 0 0 0 0 0 0 0 0 0 0 0 0 0 0 0 0 0 0 0 0 0 0 0 0 0 0 0 0 0 0 0 0 0 0 0 0 0 0 0 0 0 0 0 0 0 0 0 0 0 0 0 data 28 0x60007 0x0 0x78 0x0 0xf0007 0x0 0x58 0x0 0x150005 0x0 0x0 0x0 0x0 0x0 0x0 0x200002 0x0 0x0 0x0 0x0 0x0 0x0 0x0 0x9 0x3 0x0 0x0 0xffffffffffffffff oops 0 methods 0
ciMethodData com/android/tools/r8/graph/i3 <init> (Lcom/android/tools/r8/graph/B2;)V 1 190 orig 80 0 0 0 0 0 0 0 0 0 0 0 0 56 167 0 0 0 0 0 0 0 0 0 0 0 0 0 0 0 0 0 0 0 0 0 0 0 0 0 0 0 0 0 0 0 0 0 0 0 0 0 0 0 0 0 0 0 0 0 0 0 0 0 0 0 0 0 0 0 0 0 0 0 0 0 0 0 0 0 0 data 9 0x20002 0x3 0x0 0x0 0x0 0x9 0x2 0x4 0x0 oops 0 methods 0
ciMethodData com/android/tools/r8/graph/i3 <init> (Lcom/android/tools/r8/graph/M2;)V 1 70 orig 80 0 0 0 0 0 0 0 0 0 0 0 0 56 167 0 0 0 0 0 0 0 0 0 0 0 0 0 0 0 0 0 0 0 0 0 0 0 0 0 0 0 0 0 0 0 0 0 0 0 0 0 0 0 0 0 0 0 0 0 0 0 0 0 0 0 0 0 0 0 0 0 0 0 0 0 0 0 0 0 0 data 9 0x20002 0x1 0x0 0x0 0x0 0x9 0x2 0x6 0x0 oops 0 methods 0
compile com/android/tools/r8/internal/de a (Lcom/android/tools/r8/internal/oe;[Lcom/android/tools/r8/internal/M4;I)V -1 4 inline 211 0 -1 com/android/tools/r8/internal/de a (Lcom/android/tools/r8/internal/oe;[Lcom/android/tools/r8/internal/M4;I)V 1 6 com/android/tools/r8/internal/ji <init> ()V 2 1 java/lang/Object <init> ()V 1 45 com/android/tools/r8/internal/de d (I)I 1 63 com/android/tools/r8/internal/de d (I)I 1 89 com/android/tools/r8/internal/de d (I)I 1 109 com/android/tools/r8/internal/de d (I)I 1 144 com/android/tools/r8/internal/de d (I)I 1 217 com/android/tools/r8/internal/de a ()I 2 14 com/android/tools/r8/internal/de d (I)I 2 23 com/android/tools/r8/internal/de d (I)I 2 43 com/android/tools/r8/internal/de d (I)I 2 62 com/android/tools/r8/internal/de a (I)I 2 76 com/android/tools/r8/internal/de d (I)I 2 96 com/android/tools/r8/internal/de d (I)I 2 115 com/android/tools/r8/internal/de a (I)I 1 227 com/android/tools/r8/internal/de d (I)I 1 253 com/android/tools/r8/internal/de a (I)I 1 266 java/lang/String equals (Ljava/lang/Object;)Z 1 290 java/lang/String equals (Ljava/lang/Object;)Z 1 308 java/lang/String equals (Ljava/lang/Object;)Z 1 326 java/lang/String equals (Ljava/lang/Object;)Z 1 339 com/android/tools/r8/internal/de d (I)I 1 360 java/lang/String equals (Ljava/lang/Object;)Z 1 378 java/lang/String equals (Ljava/lang/Object;)Z 1 396 java/lang/String equals (Ljava/lang/Object;)Z 1 420 java/lang/String equals (Ljava/lang/Object;)Z 1 437 java/lang/String equals (Ljava/lang/Object;)Z 1 455 java/lang/String equals (Ljava/lang/Object;)Z 1 477 java/lang/String equals (Ljava/lang/Object;)Z 1 499 java/lang/String equals (Ljava/lang/Object;)Z 1 549 java/lang/String equals (Ljava/lang/Object;)Z 1 739 com/android/tools/r8/internal/de a (I)I 1 775 com/android/tools/r8/graph/m4 a (Ljava/lang/String;Ljava/lang/String;)V 2 10 com/android/tools/r8/graph/k4 d (Ljava/lang/String;)Lcom/android/tools/r8/graph/L2; 3 13 java/util/Objects requireNonNull (Ljava/lang/Object;)Ljava/lang/Object; 3 17 java/lang/invoke/Invokers$Holder linkToTargetMethod (Ljava/lang/Object;Ljava/lang/Object;)Ljava/lang/Object; 4 5 java/lang/invoke/DirectMethodHandle$Holder newInvokeSpecial (Ljava/lang/Object;Ljava/lang/Object;)Ljava/lang/Object; 5 1 java/lang/invoke/DirectMethodHandle allocateInstance (Ljava/lang/Object;)Ljava/lang/Object; 5 6 java/lang/invoke/DirectMethodHandle constructorMethod (Ljava/lang/Object;)Ljava/lang/Object; 5 16 com/android/tools/r8/graph/k4$$Lambda$181+0x000001fc10104000 <init> (Lcom/android/tools/r8/graph/u1;)V 6 1 java/lang/Object <init> ()V 2 33 java/util/ArrayList <init> ()V 3 1 java/util/AbstractList <init> ()V 4 1 java/util/AbstractCollection <init> ()V 5 1 java/lang/Object <init> ()V 2 55 com/android/tools/r8/graph/k4 d (Ljava/lang/String;)Lcom/android/tools/r8/graph/L2; 3 13 java/util/Objects requireNonNull (Ljava/lang/Object;)Ljava/lang/Object; 3 17 java/lang/invoke/Invokers$Holder linkToTargetMethod (Ljava/lang/Object;Ljava/lang/Object;)Ljava/lang/Object; 4 5 java/lang/invoke/DirectMethodHandle$Holder newInvokeSpecial (Ljava/lang/Object;Ljava/lang/Object;)Ljava/lang/Object; 5 1 java/lang/invoke/DirectMethodHandle allocateInstance (Ljava/lang/Object;)Ljava/lang/Object; 5 6 java/lang/invoke/DirectMethodHandle constructorMethod (Ljava/lang/Object;)Ljava/lang/Object; 5 16 com/android/tools/r8/graph/k4$$Lambda$181+0x000001fc10104000 <init> (Lcom/android/tools/r8/graph/u1;)V 6 1 java/lang/Object <init> ()V 2 58 com/android/tools/r8/graph/R2$k <init> (Lcom/android/tools/r8/graph/L2;)V 3 2 com/android/tools/r8/graph/R2$m <init> (Lcom/android/tools/r8/graph/g4;)V 4 2 com/android/tools/r8/graph/R2 <init> ()V 5 1 com/android/tools/r8/graph/n1 <init> ()V 6 1 java/lang/Object <init> ()V 2 93 com/android/tools/r8/graph/u1 b (Ljava/lang/String;)Lcom/android/tools/r8/graph/L2; 3 9 com/android/tools/r8/graph/L2 <init> (Ljava/lang/String;)V 4 5 com/android/tools/r8/graph/g4 <init> ()V 5 1 com/android/tools/r8/graph/E <init> ()V 6 2 com/android/tools/r8/graph/n1 <init> ()V 7 1 java/lang/Object <init> ()V 4 8 java/lang/String length ()I 5 6 java/lang/String coder ()B 3 12 com/android/tools/r8/graph/u1 a (Ljava/util/concurrent/ConcurrentHashMap;Lcom/android/tools/r8/graph/g4;)Lcom/android/tools/r8/graph/n1; 4 30 java/util/concurrent/ConcurrentHashMap putIfAbsent (Ljava/lang/Object;Ljava/lang/Object;)Ljava/lang/Object; 2 97 com/android/tools/r8/graph/t0 <init> (Lcom/android/tools/r8/graph/L2;Lcom/android/tools/r8/graph/R2;)V 3 3 com/android/tools/r8/graph/n1 <init> ()V 4 1 java/lang/Object <init> ()V 2 108 com/android/tools/r8/graph/e1 <init> (Lcom/android/tools/r8/graph/M2;[Lcom/android/tools/r8/graph/t0;)V 3 3 com/android/tools/r8/graph/n1 <init> ()V 4 1 java/lang/Object <init> ()V 2 113 com/android/tools/r8/graph/r0 <init> (ILcom/android/tools/r8/graph/e1;)V 3 3 com/android/tools/r8/graph/n1 <init> ()V 4 1 java/lang/Object <init> ()V 2 116 java/util/ArrayList add (Ljava/lang/Object;)Z 3 20 java/util/ArrayList add (Ljava/lang/Object;[Ljava/lang/Object;I)V 4 7 java/util/ArrayList grow ()[Ljava/lang/Object; 5 7 java/util/ArrayList grow (I)[Ljava/lang/Object; 6 27 jdk/internal/util/ArraysSupport newLength (III)I 6 37 java/util/Arrays copyOf ([Ljava/lang/Object;I)[Ljava/lang/Object; 1 1443 com/android/tools/r8/internal/de d (I)I 1 1461 com/android/tools/r8/internal/de d (I)I 1 1520 com/android/tools/r8/graph/m4 a (Ljava/lang/String;Ljava/lang/String;Ljava/lang/String;)V 2 63 com/android/tools/r8/graph/k4 a (Lcom/android/tools/r8/graph/M2;Ljava/lang/String;Ljava/lang/String;)Lcom/android/tools/r8/graph/B2; 3 12 com/android/tools/r8/graph/k4 c (Ljava/lang/String;)Lcom/android/tools/r8/graph/I2; 4 35 com/android/tools/r8/internal/Gl u (Ljava/lang/String;)Ljava/lang/String; 5 31 java/lang/String indexOf (I)I 6 3 java/lang/String indexOf (II)I 7 1 java/lang/String isLatin1 ()Z 7 13 java/lang/StringLatin1 indexOf ([BII)I 8 1 java/lang/StringLatin1 canEncode (I)Z 5 36 java/lang/String substring (I)Ljava/lang/String; 6 3 java/lang/String length ()I 7 6 java/lang/String coder ()B 6 6 java/lang/String substring (II)Ljava/lang/String; 7 1 java/lang/String length ()I 8 6 java/lang/String coder ()B 7 8 java/lang/String checkBoundsBeginEnd (III)V 7 28 java/lang/String isLatin1 ()Z 7 41 java/lang/StringLatin1 newString ([BII)Ljava/lang/String; 8 16 java/util/Arrays copyOfRange ([BII)[B 8 20 java/lang/String <init> ([BB)V 9 1 java/lang/Object <init> ()V 4 52 com/android/tools/r8/graph/k4 e (Ljava/lang/String;)Lcom/android/tools/r8/graph/M2; 5 38 com/android/tools/r8/graph/A a (Ljava/lang/String;)Ljava/lang/String; 6 3 java/lang/String equals (Ljava/lang/Object;)Z 5 50 com/android/tools/r8/graph/k4 d (Ljava/lang/String;)Lcom/android/tools/r8/graph/L2; 6 13 java/util/Objects requireNonNull (Ljava/lang/Object;)Ljava/lang/Object; 6 17 java/lang/invoke/Invokers$Holder linkToTargetMethod (Ljava/lang/Object;Ljava/lang/Object;)Ljava/lang/Object; 7 5 java/lang/invoke/DirectMethodHandle$Holder newInvokeSpecial (Ljava/lang/Object;Ljava/lang/Object;)Ljava/lang/Object; 8 1 java/lang/invoke/DirectMethodHandle allocateInstance (Ljava/lang/Object;)Ljava/lang/Object; 8 6 java/lang/invoke/DirectMethodHandle constructorMethod (Ljava/lang/Object;)Ljava/lang/Object; 8 16 com/android/tools/r8/graph/k4$$Lambda$181+0x000001fc10104000 <init> (Lcom/android/tools/r8/graph/u1;)V 9 1 java/lang/Object <init> ()V 5 53 com/android/tools/r8/graph/u1 c (Lcom/android/tools/r8/graph/L2;)Lcom/android/tools/r8/graph/M2; 6 2 com/android/tools/r8/graph/u1 d (Lcom/android/tools/r8/graph/L2;)Lcom/android/tools/r8/graph/M2; 7 28 java/util/concurrent/ConcurrentHashMap get (Ljava/lang/Object;)Ljava/lang/Object; 8 1 com/android/tools/r8/graph/E hashCode ()I 9 11 com/android/tools/r8/graph/L2 k0 ()I 10 12 java/util/Arrays hashCode ([B)I 8 4 java/util/concurrent/ConcurrentHashMap spread (I)I 8 34 java/util/concurrent/ConcurrentHashMap tabAt ([Ljava/util/concurrent/ConcurrentHashMap$Node;I)Ljava/util/concurrent/ConcurrentHashMap$Node; 8 73 com/android/tools/r8/graph/E equals (Ljava/lang/Object;)Z 9 7 com/android/tools/r8/graph/L2 c (Ljava/lang/Object;)Z 8 149 com/android/tools/r8/graph/E equals (Ljava/lang/Object;)Z 9 7 com/android/tools/r8/graph/L2 c (Ljava/lang/Object;)Z 7 46 com/android/tools/r8/graph/M2 <init> (Lcom/android/tools/r8/graph/L2;)V 8 2 com/android/tools/r8/graph/J2 <init> ()V 9 1 com/android/tools/r8/graph/g4 <init> ()V 10 1 com/android/tools/r8/graph/E <init> ()V 11 2 com/android/tools/r8/graph/n1 <init> ()V 12 1 java/lang/Object <init> ()V 7 127 java/util/concurrent/ConcurrentHashMap put (Ljava/lang/Object;Ljava/lang/Object;)Ljava/lang/Object; 4 61 com/android/tools/r8/graph/O2 k0 ()Lcom/android/tools/r8/graph/O2; 4 94 com/android/tools/r8/graph/k4 e (Ljava/lang/String;)Lcom/android/tools/r8/graph/M2; 5 38 com/android/tools/r8/graph/A a (Ljava/lang/String;)Ljava/lang/String; 6 3 java/lang/String equals (Ljava/lang/Object;)Z 5 50 com/android/tools/r8/graph/k4 d (Ljava/lang/String;)Lcom/android/tools/r8/graph/L2; 6 13 java/util/Objects requireNonNull (Ljava/lang/Object;)Ljava/lang/Object; 6 17 java/lang/invoke/Invokers$Holder linkToTargetMethod (Ljava/lang/Object;Ljava/lang/Object;)Ljava/lang/Object; 7 5 java/lang/invoke/DirectMethodHandle$Holder newInvokeSpecial (Ljava/lang/Object;Ljava/lang/Object;)Ljava/lang/Object; 8 1 java/lang/invoke/DirectMethodHandle allocateInstance (Ljava/lang/Object;)Ljava/lang/Object; 8 6 java/lang/invoke/DirectMethodHandle constructorMethod (Ljava/lang/Object;)Ljava/lang/Object; 8 16 com/android/tools/r8/graph/k4$$Lambda$181+0x000001fc10104000 <init> (Lcom/android/tools/r8/graph/u1;)V 9 1 java/lang/Object <init> ()V 5 53 com/android/tools/r8/graph/u1 c (Lcom/android/tools/r8/graph/L2;)Lcom/android/tools/r8/graph/M2; 6 2 com/android/tools/r8/graph/u1 d (Lcom/android/tools/r8/graph/L2;)Lcom/android/tools/r8/graph/M2; 7 28 java/util/concurrent/ConcurrentHashMap get (Ljava/lang/Object;)Ljava/lang/Object; 8 1 com/android/tools/r8/graph/E hashCode ()I 9 11 com/android/tools/r8/graph/L2 k0 ()I 10 12 java/util/Arrays hashCode ([B)I 8 4 java/util/concurrent/ConcurrentHashMap spread (I)I 8 34 java/util/concurrent/ConcurrentHashMap tabAt ([Ljava/util/concurrent/ConcurrentHashMap$Node;I)Ljava/util/concurrent/ConcurrentHashMap$Node; 8 73 com/android/tools/r8/graph/E equals (Ljava/lang/Object;)Z 9 7 com/android/tools/r8/graph/L2 c (Ljava/lang/Object;)Z 8 149 com/android/tools/r8/graph/E equals (Ljava/lang/Object;)Z 9 7 com/android/tools/r8/graph/L2 c (Ljava/lang/Object;)Z 7 46 com/android/tools/r8/graph/M2 <init> (Lcom/android/tools/r8/graph/L2;)V 8 2 com/android/tools/r8/graph/J2 <init> ()V 9 1 com/android/tools/r8/graph/g4 <init> ()V 10 1 com/android/tools/r8/graph/E <init> ()V 11 2 com/android/tools/r8/graph/n1 <init> ()V 12 1 java/lang/Object <init> ()V 7 127 java/util/concurrent/ConcurrentHashMap put (Ljava/lang/Object;Ljava/lang/Object;)Ljava/lang/Object; 4 111 com/android/tools/r8/graph/O2 <init> ([Lcom/android/tools/r8/graph/M2;)V 5 1 com/android/tools/r8/graph/n1 <init> ()V 6 1 java/lang/Object <init> ()V 4 117 com/android/tools/r8/graph/u1 a (Lcom/android/tools/r8/graph/M2;Lcom/android/tools/r8/graph/O2;)Lcom/android/tools/r8/graph/I2; 5 8 com/android/tools/r8/graph/I2 <init> (Lcom/android/tools/r8/graph/M2;Lcom/android/tools/r8/graph/O2;)V 6 3 com/android/tools/r8/graph/g4 <init> ()V 7 1 com/android/tools/r8/graph/E <init> ()V 8 2 com/android/tools/r8/graph/n1 <init> ()V 9 1 java/lang/Object <init> ()V 5 15 com/android/tools/r8/graph/u1 a (Ljava/util/concurrent/ConcurrentHashMap;Lcom/android/tools/r8/graph/g4;)Lcom/android/tools/r8/graph/n1; 6 30 java/util/concurrent/ConcurrentHashMap putIfAbsent (Ljava/lang/Object;Ljava/lang/Object;)Ljava/lang/Object; 3 16 com/android/tools/r8/graph/k4 d (Ljava/lang/String;)Lcom/android/tools/r8/graph/L2; 4 13 java/util/Objects requireNonNull (Ljava/lang/Object;)Ljava/lang/Object; 4 17 java/lang/invoke/Invokers$Holder linkToTargetMethod (Ljava/lang/Object;Ljava/lang/Object;)Ljava/lang/Object; 5 5 java/lang/invoke/DirectMethodHandle$Holder newInvokeSpecial (Ljava/lang/Object;Ljava/lang/Object;)Ljava/lang/Object; 6 1 java/lang/invoke/DirectMethodHandle allocateInstance (Ljava/lang/Object;)Ljava/lang/Object; 6 6 java/lang/invoke/DirectMethodHandle constructorMethod (Ljava/lang/Object;)Ljava/lang/Object; 6 16 com/android/tools/r8/graph/k4$$Lambda$181+0x000001fc10104000 <init> (Lcom/android/tools/r8/graph/u1;)V 7 1 java/lang/Object <init> ()V 3 21 com/android/tools/r8/graph/u1 a (Lcom/android/tools/r8/graph/M2;Lcom/android/tools/r8/graph/I2;Lcom/android/tools/r8/graph/L2;)Lcom/android/tools/r8/graph/B2; 4 16 com/android/tools/r8/graph/B2 <init> (Lcom/android/tools/r8/graph/M2;Lcom/android/tools/r8/graph/I2;Lcom/android/tools/r8/graph/L2;Z)V 5 6 com/android/tools/r8/graph/w2 <init> (Lcom/android/tools/r8/graph/L2;Lcom/android/tools/r8/graph/M2;)V 6 1 com/android/tools/r8/graph/J2 <init> ()V 7 1 com/android/tools/r8/graph/g4 <init> ()V 8 1 com/android/tools/r8/graph/E <init> ()V 9 2 com/android/tools/r8/graph/n1 <init> ()V 10 1 java/lang/Object <init> ()V 5 31 com/android/tools/r8/graph/L2 a (I[B)Ljava/lang/String; 6 6 com/android/tools/r8/graph/L2 a ([B[C)I 6 17 java/lang/String <init> ([CII)V 7 7 java/lang/String rangeCheck ([CII)Ljava/lang/Void; 8 4 java/lang/String checkBoundsOffCount (III)V 7 10 java/lang/String <init> ([CIILjava/lang/Void;)V 8 1 java/lang/Object <init> ()V 8 36 java/lang/StringUTF16 compress ([CII)[B 5 34 com/android/tools/r8/internal/Gl G (Ljava/lang/String;)Z 6 1 java/lang/String isEmpty ()Z 6 11 java/lang/String charAt (I)C 7 1 java/lang/String isLatin1 ()Z 7 12 java/lang/StringLatin1 charAt ([BI)C 7 21 java/lang/StringUTF16 charAt ([BI)C 8 2 java/lang/StringUTF16 checkIndex (I[B)V 9 2 java/lang/StringUTF16 length ([B)I
